grupo;tema;palavra_chave;buscas_mes_exato;concorrencia_ads;tendencia;status_artigo;nota_auditoria;sensivel_revisao;google_checado;produzir_amanha_sugerido;origem;dificuldade_google;autoridades_top5;concorrente_1_url;concorrente_1_palavras;mediana_palavras_topo;h2_comuns_no_topo;perguntas_do_google;lacunas_do_topo;termos_usados_pelo_topo;concorrentes_detalhe;urls_topo_google;nivel;visitas_mes_se_pagina1_3pct;visitas_mes_se_top3_18pct;tipo;qtd_long_tails;volume_somado_long_tails;long_tails_com_volume
"2 validada sem artigo";"Saúde geral";"creatina";"673000";"HIGH";"";"";"";"";"";"";"suplementos-volumes.json";"";"";"";"";"";"";"";"";"";"";"";"pilar";"20190";"121140";"cabeca";"6";"214500";"creatina para que serve (135000) | creatina monohidratada (60500) | creatina efeitos colaterais (8100) | creatina monohidratada para que serve (4400) | creatina para idosos (3600) | creatina suplemento (2900)"
"2 validada sem artigo";"Alimentação e peso";"vitamina b12";"550000";"HIGH";"";"";"";"";"";"";"suplementos-volumes.json";"";"";"";"";"";"";"";"";"";"";"";"pilar";"16500";"99000";"media (2 palavras)";"4";"94950";"vitamina b12 para que serve (90500) | vitamina b12 efeitos colaterais (3600) | vitamina b12 para cabelo (590) | vitamina b12 para queda de cabelo (260)"
"2 validada sem artigo";"Saúde geral";"melatonina";"550000";"LOW";"";"";"";"sim";"";"";"suplementos-volumes.json";"";"";"";"";"";"";"";"";"";"";"";"pilar";"16500";"99000";"cabeca";"2";"83900";"melatonina para que serve (74000) | melatonina efeitos colaterais (9900)"
"2 validada sem artigo";"Alimentação e peso";"lanches";"450000";"LOW";"estável";"";"";"";"";"";"validadas/alimentacao-peso.json";"";"";"";"";"";"";"";"";"";"";"";"pilar";"13500";"81000";"cabeca";"31";"303380";"lanches perto de mim (201000) | lanche saudavel (12100) | lanches saudaveis (12100) | lanche da tarde (12100) | lanche natural (8100) | lanches bk (8100) | lanche da tarde saudavel (6600) | lanches rapidos (5400) | lanches fitness (4400) | lanches saudaveis para criancas (3600)"
"2 validada sem artigo";"Saúde geral";"minoquisidiu";"450000";"HIGH";"estável";"";"";"sim";"";"";"validadas/cabelo-expandido.json";"";"";"";"";"";"";"";"";"";"";"";"pilar";"13500";"81000";"cabeca";"0";"";""
"2 validada sem artigo";"Saúde geral";"psyllium";"368000";"HIGH";"";"";"";"";"";"";"suplementos-volumes.json";"";"";"";"";"";"";"";"";"";"";"";"pilar";"11040";"66240";"cabeca";"6";"102070";"psyllium para que serve (74000) | psyllium emagrece (12100) | psyllium o que é (12100) | fibra psyllium (2400) | psyllium efeitos colaterais (880) | psyllium tabela nutricional (590)"
"2 validada sem artigo";"Saúde geral";"imc";"301000";"LOW";"estável";"";"";"";"";"";"validadas/alimentacao-peso.json";"";"";"";"";"";"";"";"";"";"";"";"pilar";"9030";"54180";"cabeca";"6";"21220";"imc infantil (6600) | imc ideal (6600) | medir imc (3600) | imc feminino (2400) | imc online (1300) | imc para bariatrica (720)"
"2 validada sem artigo";"Saúde geral";"magnésio";"301000";"HIGH";"";"";"";"";"";"";"suplementos-volumes.json";"";"";"";"";"";"";"";"";"";"";"";"pilar";"9030";"54180";"cabeca";"20";"467470";"magnésio dimalato (165000) | magnésio treonato (74000) | magnésio bisglicinato (49500) | magnésio dimalato para que serve (49500) | magnésio para que serve (40500) | magnésio treonato para que serve (33100) | magnésio bisglicinato para que serve (14800) | magnésio citrato (8100) | magnésio citrato para que serve (8100) | magnésio taurato para que serve (8100)"
"2 validada sem artigo";"Saúde geral";"ômega 3";"301000";"HIGH";"";"";"";"";"";"";"suplementos-volumes.json";"";"";"";"";"";"";"";"";"";"";"";"pilar";"9030";"54180";"media (2 palavras)";"5";"72220";"ômega 3 para que serve (60500) | ômega 3 emagrece (6600) | ômega 3 efeitos colaterais (2400) | ômega 3 vegano (2400) | ômega 3 para cabelo (320)"
"2 validada sem artigo";"Saúde geral";"maca peruana";"301000";"HIGH";"";"";"";"";"";"";"suplementos-volumes.json";"";"";"";"";"";"";"";"";"";"";"";"pilar";"9030";"54180";"media (2 palavras)";"3";"100500";"maca peruana para que serve (90500) | maca peruana efeitos colaterais (8100) | maca peruana tira o sono (1900)"
"2 validada sem artigo";"Saúde geral";"frutas";"246000";"LOW";"estável";"";"";"";"";"";"validadas/alimentacao-peso.json";"";"";"";"";"";"";"";"";"";"";"";"pilar";"7380";"44280";"cabeca";"35";"541610";"fruta do conde (90500) | frutas vermelhas (40500) | lichia fruta (40500) | roma fruta (40500) | fruta abiu (33100) | fruta do milagre (27100) | fruta noni (27100) | fruta jambo (22200) | frutas liofilizadas (22200) | fruta pinha (18100)"
"2 validada sem artigo";"Saúde geral";"psoríase";"246000";"LOW";"";"";"";"";"";"";"pele-volumes.json";"";"";"";"";"";"";"";"";"";"";"";"pilar";"7380";"44280";"cabeca";"7";"28990";"psoríase no couro cabeludo (18100) | psoriase cabeça (4400) | psoríase capilar (2900) | psoríase em placas (2400) | psoríase couro cabeludo fotos (590) | psoríase inversa (390) | psoríase capilar tratamento (210)"
"2 validada sem artigo";"Saúde geral";"ácido fólico";"246000";"HIGH";"";"";"";"";"";"";"suplementos-volumes.json";"";"";"";"";"";"";"";"";"";"";"";"pilar";"7380";"44280";"media (2 palavras)";"7";"42440";"ácido fólico para que serve (33100) | ácido fólico na gravidez (5400) | ácido fólico efeitos colaterais (1600) | ácido fólico serve para queda de cabelo (880) | ácido fólico é bom para queda de cabelo (720) | ácido fólico para queda de cabelo (480) | acido folico ajuda na queda de cabelo (260)"
"2 validada sem artigo";"Saúde geral";"picolinato de cromo";"201000";"HIGH";"";"";"";"";"";"";"suplementos-volumes.json";"";"";"";"";"";"";"";"";"";"";"";"pilar";"6030";"36180";"media (2 palavras)";"2";"67100";"picolinato de cromo para que serve (60500) | picolinato de cromo efeitos colaterais (6600)"
"2 validada sem artigo";"Saúde geral";"coenzima q10";"201000";"HIGH";"";"";"";"";"";"";"suplementos-volumes.json";"";"";"";"";"";"";"";"";"";"";"";"pilar";"6030";"36180";"media (2 palavras)";"2";"64900";"coenzima q10 para que serve (60500) | coenzima q10 efeitos colaterais (4400)"
"2 validada sem artigo";"Saúde geral";"água";"165000";"LOW";"estável";"";"";"";"";"";"validadas/alimentacao-peso.json";"";"";"";"";"";"";"";"";"";"";"";"pilar";"4950";"29700";"cabeca";"18";"325490";"caixas d água (74000) | água desmineralizada (60500) | água destilada (49500) | água tônica (33100) | água mineral (27100) | água termal (27100) | fontes de agua (18100) | agua potavel (9900) | tratamento de agua (6600) | agua para radiador (5400)"
"2 validada sem artigo";"Saúde geral";"almoço";"165000";"LOW";"estável";"";"";"";"";"";"validadas/alimentacao-peso.json";"";"";"";"";"";"";"";"";"";"";"";"pilar";"4950";"29700";"cabeca";"15";"67210";"almoço de domingo (40500) | almoço rapido (5400) | almoço saudavel (4400) | almoços saudaveis (4400) | almoço dia das mães (3600) | almoço de pascoa (2900) | almoço fitness (2400) | almoço low carb (720) | sono depois do almoço (720) | almoço vegetariano (590)"
"2 validada sem artigo";"Saúde geral";"foliculite";"165000";"LOW";"";"";"";"";"";"";"pele-volumes.json";"";"";"";"";"";"";"";"";"";"";"";"pilar";"4950";"29700";"cabeca";"7";"56800";"foliculite na virilha (33100) | foliculite no couro cabeludo (8100) | foliculite na axila (5400) | foliculite decalvante (5400) | foliculite capilar (3600) | shampoo para foliculite no couro cabeludo (880) | foliculite no couro cabeludo tratamento (320)"
"2 validada sem artigo";"Saúde geral";"milium";"165000";"LOW";"";"";"";"";"";"";"pele-volumes.json";"";"";"";"";"";"";"";"";"";"";"";"pilar";"4950";"29700";"cabeca";"0";"";""
"2 validada sem artigo";"Saúde geral";"ácido tranexâmico";"165000";"HIGH";"";"";"";"";"";"";"pele-volumes.json";"";"";"";"";"";"";"";"";"";"";"";"pilar";"4950";"29700";"media (2 palavras)";"0";"";""
"2 validada sem artigo";"Saúde geral";"magnésio dimalato";"165000";"HIGH";"";"";"";"";"";"";"suplementos-volumes.json";"";"";"";"";"";"";"";"";"";"";"";"pilar";"4950";"29700";"media (2 palavras)";"2";"50800";"magnésio dimalato para que serve (49500) | magnésio dimalato efeitos colaterais (1300)"
"2 validada sem artigo";"Saúde geral";"metilcobalamina";"165000";"HIGH";"";"";"";"";"";"";"suplementos-volumes.json";"";"";"";"";"";"";"";"";"";"";"";"pilar";"4950";"29700";"cabeca";"2";"22790";"metilcobalamina para que serve (22200) | metilcobalamina efeitos colaterais (590)"
"2 validada sem artigo";"Alimentação e peso";"vitamina c";"165000";"HIGH";"";"";"";"";"";"";"suplementos-volumes.json";"";"";"";"";"";"";"";"";"";"";"";"pilar";"4950";"29700";"media (2 palavras)";"66";"883280";"vitamina b12 (550000) | vitamina b12 para que serve (90500) | vitaminas para cabelo (60500) | vitamina d3 para que serve (33100) | vitamina para queda de cabelo (33100) | vitamina c no rosto (27100) | vitamina d baixa sintomas (12100) | vitaminas para o cabelo parar de cair (9900) | melhor vitamina para queda de cabelo (6600) | melhores vitaminas para queda de cabelo (6600)"
"2 validada sem artigo";"Saúde geral";"ashwagandha";"165000";"HIGH";"";"";"";"";"";"";"suplementos-volumes.json";"";"";"";"";"";"";"";"";"";"";"";"pilar";"4950";"29700";"cabeca";"2";"27820";"ashwagandha para que serve (27100) | ashwagandha efeitos colaterais (720)"
"2 validada sem artigo";"Saúde geral";"probióticos";"165000";"HIGH";"";"";"";"";"";"";"suplementos-volumes.json";"";"";"";"";"";"";"";"";"";"";"";"pilar";"4950";"29700";"cabeca";"5";"15680";"probióticos para que serve (8100) | probioticos naturais (6600) | probióticos para emagrecer (480) | probiótico para pele (390) | probióticos efeitos colaterais (110)"
"2 validada sem artigo";"Saúde geral";"pitaya";"135000";"MEDIUM";"estável";"";"";"";"";"";"validadas/alimentacao-peso.json";"";"";"";"";"";"";"";"";"";"";"";"pilar";"4050";"24300";"cabeca";"4";"45200";"pitaya vermelha (18100) | fruta pitaya (12100) | pitaya amarela (12100) | pitaya rosa (2900)"
"2 validada sem artigo";"Saúde geral";"biotina";"135000";"HIGH";"";"";"";"";"";"";"suplementos-volumes.json";"";"";"";"";"";"";"";"";"";"";"";"pilar";"4050";"24300";"cabeca";"35";"116200";"biotina para que serve (60500) | biotina para cabelo (22200) | biotina 5mg (4400) | biotina cabelo antes e depois (4400) | biotina como tomar (2900) | biotina efeitos colaterais (2900) | biotina para queda de cabelo (1900) | benefícios da biotina (1900) | suplemento biotina (1300) | biotina comprimido (1000)"
"2 validada sem artigo";"Saúde geral";"impetigo";"135000";"LOW";"";"";"";"";"";"SIM";"pele-volumes.json";"";"";"";"";"";"";"";"";"";"";"";"pilar";"4050";"24300";"cabeca";"0";"";""
"2 validada sem artigo";"Pele";"câncer de pele";"135000";"LOW";"";"";"";"sim";"";"";"pele-volumes.json";"";"";"";"";"";"";"";"";"";"";"";"pilar";"4050";"24300";"media (2 palavras)";"0";"";""
"2 validada sem artigo";"Saúde geral";"sabonete de enxofre";"135000";"HIGH";"";"";"";"";"";"";"pele-volumes.json";"";"";"";"";"";"";"";"";"";"";"";"pilar";"4050";"24300";"media (2 palavras)";"0";"";""
"2 validada sem artigo";"Pele";"ácido hialurônico";"135000";"HIGH";"";"";"";"";"";"";"pele-volumes.json";"";"";"";"";"";"";"";"";"";"";"";"pilar";"4050";"24300";"media (2 palavras)";"3";"2240";"ácido hialurônico para cabelo (880) | ácido hialurônico no rosto (880) | ácido hialurônico oral (480)"
"2 validada sem artigo";"Pele";"niacinamida";"135000";"HIGH";"";"";"";"";"";"";"pele-volumes.json";"";"";"";"";"";"";"";"";"";"";"";"pilar";"4050";"24300";"cabeca";"2";"2010";"niacinamida 10 (1900) | niacinamida para cabelo (110)"
"2 validada sem artigo";"Saúde geral";"óleo de melaleuca";"135000";"HIGH";"";"";"";"";"";"";"pele-volumes.json";"";"";"";"";"";"";"";"";"";"";"";"pilar";"4050";"24300";"media (2 palavras)";"0";"";""
"2 validada sem artigo";"Pele";"protetor solar facial";"135000";"HIGH";"";"";"";"";"";"";"pele-volumes.json";"";"";"";"";"";"";"";"";"";"";"";"pilar";"4050";"24300";"long tail";"0";"";""
"2 validada sem artigo";"Saúde geral";"creatina para que serve";"135000";"HIGH";"";"";"";"";"";"";"suplementos-volumes.json";"";"";"";"";"";"";"";"";"";"";"";"pilar";"4050";"24300";"long tail";"1";"4400";"creatina monohidratada para que serve (4400)"
"2 validada sem artigo";"Saúde geral";"feno grego";"135000";"HIGH";"";"";"";"";"";"";"suplementos-volumes.json";"";"";"";"";"";"";"";"";"";"";"";"pilar";"4050";"24300";"media (2 palavras)";"2";"61380";"feno grego para que serve (60500) | feno grego efeitos colaterais (880)"
"2 validada sem artigo";"Saúde geral";"cranberry";"135000";"HIGH";"";"";"";"";"";"";"suplementos-volumes.json";"";"";"";"";"";"";"";"";"";"";"";"pilar";"4050";"24300";"cabeca";"3";"30340";"cranberry para que serve (18100) | cranberry fruta (12100) | cranberry efeitos colaterais (140)"
"2 validada sem artigo";"Saúde geral";"complexo b";"135000";"HIGH";"";"";"";"";"";"";"suplementos-volumes.json";"";"";"";"";"";"";"";"";"";"";"";"pilar";"4050";"24300";"media (2 palavras)";"4";"28070";"complexo b para que serve (27100) | complexo b efeitos colaterais (720) | complexo vitamínico para queda de cabelo (140) | complexo emagrecedor (110)"
"2 validada sem artigo";"Saúde geral";"ovos";"110000";"LOW";"estável";"";"";"";"";"";"validadas/alimentacao-peso.json";"";"";"";"";"";"";"";"";"";"";"";"pilar";"3300";"19800";"cabeca";"11";"63180";"dieta do ovo (18100) | ovo em pó (9900) | clara de ovo (9900) | ovo online (9900) | ovo pasteurizado (4400) | dieta do ovo 7kg em 7 dias (2900) | dieta do ovo cozido (2900) | ovos galados (2400) | ovo recheado (2400) | clara de ovo no rosto tira rugas (210)"
"2 validada sem artigo";"Saúde geral";"laranja";"110000";"LOW";"estável";"";"";"";"";"";"validadas/alimentacao-peso.json";"";"";"";"";"";"";"";"";"";"";"";"pilar";"3300";"19800";"cabeca";"3";"34000";"laranja bahia (22200) | laranja kinkan (9900) | casca de laranja (1900)"
"2 validada sem artigo";"Saúde geral";"hidratante facial";"110000";"HIGH";"";"";"";"";"";"";"pele-volumes.json";"";"";"";"";"";"";"";"";"";"";"";"pilar";"3300";"19800";"media (2 palavras)";"0";"";""
"2 validada sem artigo";"Pele";"retinol";"110000";"HIGH";"";"";"";"";"";"";"pele-volumes.json";"";"";"";"";"";"";"";"";"";"";"";"pilar";"3300";"19800";"cabeca";"0";"";""
"2 validada sem artigo";"Pele";"ácido salicílico";"110000";"HIGH";"";"";"";"";"";"";"pele-volumes.json";"";"";"";"";"";"";"";"";"";"";"";"pilar";"3300";"19800";"media (2 palavras)";"2";"460";"peeling de ácido salicílico (320) | ácido salicílico para cabelo (140)"
"2 validada sem artigo";"Saúde geral";"metilfolato";"110000";"HIGH";"";"";"";"";"";"";"suplementos-volumes.json";"";"";"";"";"";"";"";"";"";"";"";"pilar";"3300";"19800";"cabeca";"2";"33420";"metilfolato para que serve (33100) | metilfolato efeitos colaterais (320)"
"2 validada sem artigo";"Saúde geral";"ginkgo biloba";"110000";"HIGH";"";"";"";"";"";"";"suplementos-volumes.json";"";"";"";"";"";"";"";"";"";"";"";"pilar";"3300";"19800";"media (2 palavras)";"2";"33980";"ginkgo biloba para que serve (33100) | ginkgo biloba efeitos colaterais (880)"
"2 validada sem artigo";"Pele";"colágeno tipo 2";"110000";"HIGH";"";"";"";"";"";"";"suplementos-volumes.json";"";"";"";"";"";"";"";"";"";"";"";"pilar";"3300";"19800";"long tail";"3";"12700";"colágeno tipo 2 para que serve (12100) | colágeno tipo 1 e 3 (390) | colágeno tipo 2 efeitos colaterais (210)"
"2 validada sem artigo";"Saúde geral";"glutamina";"110000";"HIGH";"";"";"";"";"";"";"suplementos-volumes.json";"";"";"";"";"";"";"";"";"";"";"";"pilar";"3300";"19800";"cabeca";"3";"61970";"glutamina para que serve (60500) | glutamina efeitos colaterais (880) | glutamina emagrece (590)"
"2 validada sem artigo";"Saúde geral";"própolis";"110000";"HIGH";"";"";"";"";"";"";"suplementos-volumes.json";"";"";"";"";"";"";"";"";"";"";"";"pilar";"3300";"19800";"cabeca";"3";"15120";"própolis para que serve (14800) | própolis efeitos colaterais (210) | própolis na pele (110)"
"2 validada sem artigo";"Saúde geral";"cúrcuma";"110000";"HIGH";"";"";"";"";"";"";"suplementos-volumes.json";"";"";"";"";"";"";"";"";"";"";"";"pilar";"3300";"19800";"cabeca";"2";"41090";"cúrcuma para que serve (40500) | cúrcuma efeitos colaterais (590)"
"2 validada sem artigo";"Diabetes e exames";"insulínica";"90500";"LOW";"estável";"";"";"sim";"";"";"validadas/alimentacao-peso.json";"";"";"";"";"";"";"";"";"";"";"";"pilar";"2715";"16290";"cabeca";"0";"";""
"2 validada sem artigo";"Saúde geral";"bebidas";"90500";"LOW";"caindo";"";"";"";"";"";"validadas/alimentacao-peso.json";"";"";"";"";"";"";"";"";"";"";"";"pilar";"2715";"16290";"cabeca";"23";"238650";"bebidas alcoólicas (60500) | ice bebida (40500) | imigrante bebidas (40500) | casa da bebida (22200) | bebidas destiladas (18100) | bebidas sem alcool (6600) | bebida rosa (6600) | bebida whisky (5400) | bebida amarula (5400) | bebida aperol (5400)"
"2 validada sem artigo";"Saúde geral";"chás";"90500";"MEDIUM";"estável";"";"";"";"";"";"validadas/alimentacao-peso.json";"";"";"";"";"";"";"";"";"";"";"";"pilar";"2715";"16290";"cabeca";"66";"711870";"chá de cavalinha (74000) | cha emagrecedor (60500) | chá para emagrecer (60500) | chas emagrecedores (60500) | chas que emagrecem (60500) | chá de gengibre (49500) | chá verde (33100) | chá para desinchar (27100) | chá twinings (18100) | chá seca barriga (14800)"
"2 validada sem artigo";"Saúde geral";"fruta do conde";"90500";"LOW";"estável";"";"";"";"";"";"validadas/alimentacao-peso.json";"";"";"";"";"";"";"";"";"";"";"";"pilar";"2715";"16290";"media (2 palavras)";"0";"";""
"2 validada sem artigo";"Alimentação e peso";"dieta cetogênica";"90500";"LOW";"caindo";"";"";"";"";"";"validadas/alimentacao-peso.json";"";"";"";"";"";"";"";"";"";"";"";"pilar";"2715";"16290";"media (2 palavras)";"8";"20960";"dieta cetogênica cardapio (12100) | dieta cetogenica como funciona (1900) | dieta cetogênica como fazer (1900) | dieta cetogenica alimentos (1600) | dieta cetogenica o que é (1600) | dieta cetogênica 30 dias pdf grátis (880) | dieta cetogênica pdf (590) | dieta cetogênica 30 dias (390)"
"2 validada sem artigo";"Saúde geral";"jejum intermitente";"90500";"LOW";"caindo";"";"";"";"";"";"validadas/alimentacao-peso.json";"";"";"";"";"";"";"";"";"";"";"";"pilar";"2715";"16290";"media (2 palavras)";"10";"31640";"jejum intermitente como fazer (12100) | jejum intermitente emagrece (6600) | jejum intermitente como funciona (6600) | benefícios do jejum intermitente (2400) | jejum intermitente para emagrecer (1600) | dieta jejum intermitente (720) | jejum intermitente resultados 1 semana (720) | jejum intermitente para iniciantes (320) | jejum intermitente emagrece mesmo (320) | jejum intermitente 16h (260)"
"2 validada sem artigo";"Saúde geral";"carboidratos";"90500";"LOW";"estável";"";"";"";"";"";"validadas/alimentacao-peso.json";"";"";"";"";"";"";"";"";"";"";"";"pilar";"2715";"16290";"cabeca";"6";"14900";"alimentos ricos em carboidratos (6600) | dieta sem carboidratos (3600) | carboidratos bons (2900) | dieta zero carboidrato (1000) | dieta zero carboidrato 1 semana (480) | dietas baixas em carboidratos (320)"
"2 validada sem artigo";"Alimentação e peso";"proteínas";"90500";"MEDIUM";"estável";"";"";"";"";"";"validadas/alimentacao-peso.json";"";"";"";"";"";"";"";"";"";"";"";"pilar";"2715";"16290";"cabeca";"50";"126400";"proteina de soja (27100) | proteínas alimentos (14800) | proteina vegetal (9900) | proteina isolada de soja (9900) | proteina de colageno (8100) | proteina vegana (6600) | quanto de proteína por dia (5400) | proteina isolada (4400) | proteina da carne (4400) | molico proteina (4400)"
"2 validada sem artigo";"Saúde geral";"termogênicos";"90500";"HIGH";"caindo";"";"";"";"";"";"validadas/alimentacao-peso.json";"";"";"";"";"";"";"";"";"";"";"";"pilar";"2715";"16290";"cabeca";"17";"35290";"termogenico emagrece (9900) | termogênico para emagrecer (9900) | termogênicos melhores (2900) | cha termogenico (2400) | alimentos termogenicos (1900) | melhor termogenico para emagrecer (1300) | termogenico ajuda a emagrecer (1300) | termogênicos naturais (1300) | suplemento termogênico (880) | termogênico para queimar gordura (720)"
"2 validada sem artigo";"Cabelo";"botóx capilar";"90500";"LOW";"estável";"";"";"";"";"";"validadas/cabelo-expandido.json";"";"";"";"";"";"";"";"";"";"";"";"pilar";"2715";"16290";"media (2 palavras)";"0";"";""
"2 validada sem artigo";"Cabelo";"cronograma capilar";"90500";"HIGH";"estável";"";"";"";"";"";"validadas/cabelo.json";"";"";"";"";"";"";"";"";"";"";"";"pilar";"2715";"16290";"media (2 palavras)";"0";"";""
"2 validada sem artigo";"Saúde geral";"adapaleno";"90500";"HIGH";"";"";"";"";"";"";"pele-volumes.json";"";"";"";"";"";"";"";"";"";"";"";"pilar";"2715";"16290";"cabeca";"0";"";""
"2 validada sem artigo";"Pele";"ácido glicólico";"90500";"HIGH";"";"";"";"";"";"";"pele-volumes.json";"";"";"";"";"";"";"";"";"";"";"";"pilar";"2715";"16290";"media (2 palavras)";"1";"210";"peeling de ácido glicólico (210)"
"2 validada sem artigo";"Saúde geral";"resveratrol";"90500";"HIGH";"";"";"";"";"";"";"pele-volumes.json";"";"";"";"";"";"";"";"";"";"";"";"pilar";"2715";"16290";"cabeca";"2";"49760";"resveratrol para que serve (49500) | resveratrol efeitos colaterais (260)"
"2 validada sem artigo";"Saúde geral";"botox";"90500";"LOW";"";"";"";"";"";"";"pele-volumes.json";"";"";"";"";"";"";"";"";"";"";"";"pilar";"2715";"16290";"cabeca";"2";"90760";"botóx capilar (90500) | botox para suor (260)"
"2 validada sem artigo";"Alimentação e peso";"vitamina d3";"90500";"HIGH";"";"";"";"";"";"";"suplementos-volumes.json";"";"";"";"";"";"";"";"";"";"";"";"pilar";"2715";"16290";"media (2 palavras)";"66";"883280";"vitamina b12 (550000) | vitamina b12 para que serve (90500) | vitaminas para cabelo (60500) | vitamina d3 para que serve (33100) | vitamina para queda de cabelo (33100) | vitamina c no rosto (27100) | vitamina d baixa sintomas (12100) | vitaminas para o cabelo parar de cair (9900) | melhor vitamina para queda de cabelo (6600) | melhores vitaminas para queda de cabelo (6600)"
"2 validada sem artigo";"Alimentação e peso";"vitamina b12 para que serve";"90500";"MEDIUM";"";"";"";"";"";"SIM";"suplementos-volumes.json";"";"";"";"";"";"";"";"";"";"";"";"pilar";"2715";"16290";"long tail";"0";"";""
"2 validada sem artigo";"Saúde geral";"berberina";"90500";"HIGH";"";"";"";"";"";"";"suplementos-volumes.json";"";"";"";"";"";"";"";"";"";"";"";"pilar";"2715";"16290";"cabeca";"2";"51900";"berberina para que serve (49500) | berberina efeitos colaterais (2400)"
"2 validada sem artigo";"Saúde geral";"beta alanina";"90500";"HIGH";"";"";"";"";"";"";"suplementos-volumes.json";"";"";"";"";"";"";"";"";"";"";"";"pilar";"2715";"16290";"media (2 palavras)";"2";"16100";"beta alanina para que serve (14800) | beta alanina efeitos colaterais (1300)"
"2 validada sem artigo";"Saúde geral";"maca peruana para que serve";"90500";"HIGH";"";"";"";"";"";"";"suplementos-volumes.json";"";"";"";"";"";"";"";"";"";"";"";"pilar";"2715";"16290";"long tail";"0";"";""
"2 validada sem artigo";"Saúde geral";"pera";"74000";"LOW";"estável";"";"";"";"";"";"validadas/alimentacao-peso.json";"";"";"";"";"";"";"";"";"";"";"";"pilar";"2220";"13320";"cabeca";"0";"";""
"2 validada sem artigo";"Saúde geral";"atemoia";"74000";"LOW";"subindo";"";"";"";"";"";"validadas/alimentacao-peso.json";"";"";"";"";"";"";"";"";"";"";"";"pilar";"2220";"13320";"cabeca";"0";"";""
"2 validada sem artigo";"Saúde geral";"caixas d água";"74000";"HIGH";"estável";"";"";"";"";"";"validadas/alimentacao-peso.json";"";"";"";"";"";"";"";"";"";"";"";"pilar";"2220";"13320";"long tail";"0";"";""
"2 validada sem artigo";"Saúde geral";"caqui";"74000";"LOW";"estável";"";"";"";"";"";"validadas/alimentacao-peso.json";"";"";"";"";"";"";"";"";"";"";"";"pilar";"2220";"13320";"cabeca";"0";"";""
"2 validada sem artigo";"Saúde geral";"goiaba";"74000";"MEDIUM";"estável";"";"";"";"";"";"validadas/alimentacao-peso.json";"";"";"";"";"";"";"";"";"";"";"";"pilar";"2220";"13320";"cabeca";"1";"9900";"goiaba tailandesa (9900)"
"2 validada sem artigo";"Saúde geral";"chá de cavalinha";"74000";"HIGH";"caindo";"";"";"";"";"";"validadas/alimentacao-peso.json";"";"";"";"";"";"";"";"";"";"";"";"pilar";"2220";"13320";"media (2 palavras)";"0";"";""
"2 validada sem artigo";"Saúde geral";"pomelos";"74000";"LOW";"caindo";"";"";"";"";"";"validadas/alimentacao-peso.json";"";"";"";"";"";"";"";"";"";"";"";"pilar";"2220";"13320";"cabeca";"0";"";""
"2 validada sem artigo";"Saúde geral";"açúcar";"74000";"LOW";"estável";"";"";"";"";"";"validadas/alimentacao-peso.json";"";"";"";"";"";"";"";"";"";"";"";"pilar";"2220";"13320";"cabeca";"12";"178400";"açucar mascavo (40500) | açucar mascavado (40500) | açucar demerara (22200) | açucar refinado (18100) | açucar de confeiteiro (18100) | acucar de côco (14800) | açucar cristal (12100) | açucar união (5400) | açucar organico (3600) | açucar xilitol (1900)"
"2 validada sem artigo";"Saúde geral";"psyllium para que serve";"74000";"HIGH";"caindo";"";"";"";"";"";"validadas/alimentacao-peso.json";"";"";"";"";"";"";"";"";"";"";"";"pilar";"2220";"13320";"long tail";"0";"";""
"2 validada sem artigo";"Cabelo";"shampoo anticaspa";"74000";"HIGH";"estável";"";"";"";"";"";"validadas/cabelo.json";"";"";"";"";"";"";"";"";"";"";"";"pilar";"2220";"13320";"media (2 palavras)";"0";"";""
"2 validada sem artigo";"Pele";"dermatite de contato";"74000";"LOW";"";"";"";"";"";"SIM";"pele-volumes.json";"";"";"";"";"";"";"";"";"";"";"";"pilar";"2220";"13320";"media (2 palavras)";"1";"9900";"dermatite de contato alérgica (9900)"
"2 validada sem artigo";"Saúde geral";"sarna";"74000";"LOW";"";"";"";"";"";"SIM";"pele-volumes.json";"";"";"";"";"";"";"";"";"";"";"";"pilar";"2220";"13320";"cabeca";"0";"";""
"2 validada sem artigo";"Saúde geral";"melanoma";"74000";"LOW";"";"";"";"sim";"";"";"pele-volumes.json";"";"";"";"";"";"";"";"";"";"";"";"pilar";"2220";"13320";"cabeca";"0";"";""
"2 validada sem artigo";"Saúde geral";"adesivo para espinha";"74000";"HIGH";"";"";"";"";"";"";"pele-volumes.json";"";"";"";"";"";"";"";"";"";"";"";"pilar";"2220";"13320";"media (2 palavras)";"0";"";""
"2 validada sem artigo";"Saúde geral";"isotretinoína";"74000";"LOW";"";"";"";"sim";"";"";"pele-volumes.json";"";"";"";"";"";"";"";"";"";"";"";"pilar";"2220";"13320";"cabeca";"0";"";""
"2 validada sem artigo";"Sono";"paralisia do sono";"74000";"LOW";"";"";"";"";"sim";"SIM";"sono-volumes.json";"DIFÍCIL";"einstein.br, rededorsaoluiz.com.br, altadiagnosticos";"";"";"";"";"O que provoca a paralisia do sono? | Qual é o espírito da paralisia do sono? | O que fazer para sair da paralisia do sono? | O que é paralisia do sono e é perigoso?";"";"";"";"";"pilar";"2220";"13320";"media (2 palavras)";"1";"260";"como sair da paralisia do sono (260)"
"2 validada sem artigo";"Saúde geral";"melatonina para que serve";"74000";"LOW";"";"";"";"sim";"";"";"sono-volumes.json";"";"";"";"";"";"";"";"";"";"";"";"pilar";"2220";"13320";"long tail";"0";"";""
"2 validada sem artigo";"Saúde geral";"magnésio treonato";"74000";"HIGH";"";"";"";"";"";"";"suplementos-volumes.json";"";"";"";"";"";"";"";"";"";"";"";"pilar";"2220";"13320";"media (2 palavras)";"2";"34100";"magnésio treonato para que serve (33100) | magnésio treonato efeitos colaterais (1000)"
"2 validada sem artigo";"Alimentação e peso";"vitamina e";"74000";"HIGH";"";"";"";"";"";"";"suplementos-volumes.json";"";"";"";"";"";"";"";"";"";"";"";"pilar";"2220";"13320";"cabeca";"67";"1048280";"vitamina b12 (550000) | vitamina c (165000) | vitamina b12 para que serve (90500) | vitaminas para cabelo (60500) | vitamina d3 para que serve (33100) | vitamina para queda de cabelo (33100) | vitamina c no rosto (27100) | vitamina d baixa sintomas (12100) | vitaminas para o cabelo parar de cair (9900) | melhor vitamina para queda de cabelo (6600)"
"2 validada sem artigo";"Saúde geral";"zinco";"74000";"HIGH";"";"";"";"";"";"";"suplementos-volumes.json";"";"";"";"";"";"";"";"";"";"";"";"pilar";"2220";"13320";"cabeca";"6";"60050";"zinco para que serve (40500) | óxido de zinco (18100) | zinco efeitos colaterais (480) | zinco para queda de cabelo (390) | zinco na pele (320) | zinco para cabelo (260)"
"2 validada sem artigo";"Saúde geral";"valeriana";"74000";"HIGH";"";"";"";"";"";"";"suplementos-volumes.json";"";"";"";"";"";"";"";"";"";"";"";"pilar";"2220";"13320";"cabeca";"3";"32500";"valeriana para que serve (27100) | chá de valeriana (4400) | valeriana efeitos colaterais (1000)"
"2 validada sem artigo";"Saúde geral";"spirulina";"74000";"HIGH";"";"";"";"";"";"";"suplementos-volumes.json";"";"";"";"";"";"";"";"";"";"";"";"pilar";"2220";"13320";"cabeca";"5";"36560";"spirulina para que serve (33100) | spirulina emagrece (1600) | spirulina emagrece quantos quilos por mês (880) | spirulina efeitos colaterais (720) | spirulina para emagrecer (260)"
"2 validada sem artigo";"Saúde geral";"vinagre de maçã";"74000";"HIGH";"";"";"";"";"";"";"suplementos-volumes.json";"";"";"";"";"";"";"";"";"";"";"";"pilar";"2220";"13320";"media (2 palavras)";"4";"19680";"vinagre de maçã para cabelo (12100) | vinagre de maçã para que serve (6600) | vinagre de maçã no cabelo para queda (720) | vinagre de maça forever liss (260)"
"2 validada sem artigo";"Saúde geral";"silimarina";"74000";"HIGH";"";"";"";"";"";"";"suplementos-volumes.json";"";"";"";"";"";"";"";"";"";"";"";"pilar";"2220";"13320";"cabeca";"2";"28100";"silimarina para que serve (27100) | silimarina efeitos colaterais (1000)"
"2 validada sem artigo";"Saúde geral";"alcachofra";"74000";"MEDIUM";"";"";"";"";"";"";"suplementos-volumes.json";"";"";"";"";"";"";"";"";"";"";"";"pilar";"2220";"13320";"cabeca";"2";"14910";"alcachofra para que serve (14800) | alcachofra efeitos colaterais (110)"
"2 validada sem artigo";"Saúde geral";"gengibre";"74000";"LOW";"";"";"";"";"";"";"suplementos-volumes.json";"";"";"";"";"";"";"";"";"";"";"";"pilar";"2220";"13320";"cabeca";"4";"65370";"chá de gengibre (49500) | gengibre para que serve (14800) | gengibre efeitos colaterais (590) | gengibre para cabelo (480)"
"2 validada sem artigo";"Diabetes e exames";"hemograma completo";"60500";"LOW";"";"";"";"sim";"";"";"pauta antiga validada";"";"";"";"";"";"";"";"";"";"";"";"pilar";"1815";"10890";"media (2 palavras)";"0";"";""
"2 validada sem artigo";"Alimentação e peso";"cha emagrecedor";"60500";"HIGH";"caindo";"";"";"";"";"";"validadas/alimentacao-peso.json";"";"";"";"";"";"";"";"";"";"";"";"pilar";"1815";"10890";"media (2 palavras)";"0";"";""
"2 validada sem artigo";"Saúde geral";"peixes";"60500";"LOW";"caindo";"";"";"";"";"";"validadas/alimentacao-peso.json";"";"";"";"";"";"";"";"";"";"";"";"pilar";"1815";"10890";"cabeca";"0";"";""
"2 validada sem artigo";"Alimentação e peso";"chá para emagrecer";"60500";"HIGH";"caindo";"";"";"";"";"";"validadas/alimentacao-peso.json";"";"";"";"";"";"";"";"";"";"";"";"pilar";"1815";"10890";"media (2 palavras)";"7";"20620";"cha para emagrecer rapido (5400) | chá para desinchar e emagrecer (4400) | melhor chá para emagrecer (2900) | chá caseiro para emagrecer (2400) | cha natural para emagrecer (2400) | chá que ajuda a emagrecer (2400) | chá para emagrecer rápido e perder barriga (720)"
"2 validada sem artigo";"Alimentação e peso";"chas para emagrecer";"60500";"HIGH";"caindo";"";"";"";"";"";"validadas/alimentacao-peso.json";"";"";"";"";"";"";"";"";"";"";"";"pilar";"1815";"10890";"media (2 palavras)";"7";"20620";"cha para emagrecer rapido (5400) | chá para desinchar e emagrecer (4400) | melhor chá para emagrecer (2900) | chá caseiro para emagrecer (2400) | cha natural para emagrecer (2400) | chá que ajuda a emagrecer (2400) | chá para emagrecer rápido e perder barriga (720)"
"2 validada sem artigo";"Saúde geral";"cafeteiras nespresso";"60500";"HIGH";"estável";"";"";"";"";"";"validadas/alimentacao-peso.json";"";"";"";"";"";"";"";"";"";"";"";"pilar";"1815";"10890";"media (2 palavras)";"0";"";""
"2 validada sem artigo";"Saúde geral";"água desmineralizada";"60500";"HIGH";"subindo";"";"";"";"";"";"validadas/alimentacao-peso.json";"";"";"";"";"";"";"";"";"";"";"";"pilar";"1815";"10890";"media (2 palavras)";"0";"";""
"2 validada sem artigo";"Saúde geral";"bebidas alcoólicas";"60500";"MEDIUM";"estável";"";"";"";"";"";"validadas/alimentacao-peso.json";"";"";"";"";"";"";"";"";"";"";"";"pilar";"1815";"10890";"media (2 palavras)";"0";"";""
"2 validada sem artigo";"Alimentação e peso";"chas emagrecedores";"60500";"HIGH";"caindo";"";"";"";"";"";"validadas/alimentacao-peso.json";"";"";"";"";"";"";"";"";"";"";"";"pilar";"1815";"10890";"media (2 palavras)";"0";"";""
"2 validada sem artigo";"Alimentação e peso";"chas que emagrecem";"60500";"HIGH";"caindo";"";"";"";"";"";"validadas/alimentacao-peso.json";"";"";"";"";"";"";"";"";"";"";"";"pilar";"1815";"10890";"long tail";"0";"";""
"2 validada sem artigo";"Saúde geral";"creatina monohidratada";"60500";"HIGH";"estável";"";"";"";"";"";"validadas/alimentacao-peso.json";"";"";"";"";"";"";"";"";"";"";"";"pilar";"1815";"10890";"media (2 palavras)";"1";"4400";"creatina monohidratada para que serve (4400)"
"2 validada sem artigo";"Saúde geral";"inibidor de apetite";"60500";"HIGH";"estável";"";"";"";"";"";"validadas/alimentacao-peso.json";"";"";"";"";"";"";"";"";"";"";"";"pilar";"1815";"10890";"media (2 palavras)";"8";"22150";"inibidor de apetite natural (14800) | melhor inibidor de apetite e queimador de gordura (2900) | inibidor de apetite forte (1300) | melhor inibidor de apetite (1300) | inibidor de apetite extra forte (720) | suplemento inibidor de apetite (480) | melhor inibidor de apetite natural (480) | inibidor de apetite injetável (170)"
"2 validada sem artigo";"Alimentação e peso";"inibidores de apetite";"60500";"HIGH";"estável";"";"";"";"";"";"validadas/alimentacao-peso.json";"";"";"";"";"";"";"";"";"";"";"";"pilar";"1815";"10890";"media (2 palavras)";"1";"590";"melhores inibidores de apetite (590)"
"2 validada sem artigo";"Saúde geral";"minoxidil comprimido";"60500";"HIGH";"subindo";"";"";"sim";"";"";"validadas/cabelo-expandido.json";"";"";"";"";"";"";"";"";"";"";"";"pilar";"1815";"10890";"media (2 palavras)";"4";"1020";"minoxidil comprimido para que serve (480) | minoxidil para cabelo comprimido (260) | minoxidil manipulado comprimido (140) | minoxidil comprimido funciona (140)"
"2 validada sem artigo";"Saúde geral";"biotina para que serve";"60500";"HIGH";"estável";"";"";"";"";"";"validadas/cabelo-expandido.json";"";"";"";"";"";"";"";"";"";"";"";"pilar";"1815";"10890";"long tail";"2";"1320";"vitamina biotina para que serve (1000) | biotina serve para queda de cabelo (320)"
"2 validada sem artigo";"Cabelo";"tipos de cabelo";"60500";"LOW";"estável";"";"";"";"";"SIM";"validadas/cabelo.json";"";"";"";"";"";"";"";"";"";"";"";"pilar";"1815";"10890";"media (2 palavras)";"0";"";""
"2 validada sem artigo";"Cabelo";"tônico capilar";"60500";"HIGH";"estável";"";"";"";"";"";"validadas/cabelo.json";"";"";"";"";"";"";"";"";"";"";"";"pilar";"1815";"10890";"media (2 palavras)";"1";"880";"tônico capilar minoxidil (880)"
"2 validada sem artigo";"Cabelo";"vitaminas para cabelo";"60500";"HIGH";"subindo";"";"";"";"";"";"validadas/cabelo.json";"";"";"";"";"";"";"";"";"";"";"";"pilar";"1815";"10890";"media (2 palavras)";"45";"89330";"vitamina para queda de cabelo (33100) | vitaminas para o cabelo parar de cair (9900) | melhor vitamina para queda de cabelo (6600) | melhores vitaminas para queda de cabelo (6600) | vitaminas para queda de cabelo feminino (5400) | melhores vitaminas para queda de cabelo feminino (3600) | melhor vitamina para queda de cabelo feminino (3600) | queda de cabelo falta de qual vitamina (2400) | vitamina para fortalecer o cabelo (1900) | vitamina boa para queda de cabelo (1900)"
"2 validada sem artigo";"Pele";"melasma";"60500";"LOW";"";"";"";"";"";"SIM";"pele-volumes.json";"";"";"";"";"";"";"";"";"";"";"";"pilar";"1815";"10890";"cabeca";"2";"1590";"melasma na gravidez (1000) | laser para melasma (590)"
"2 validada sem artigo";"Saúde geral";"cobreiro";"60500";"LOW";"";"";"";"sim";"";"";"pele-volumes.json";"";"";"";"";"";"";"";"";"";"";"";"pilar";"1815";"10890";"cabeca";"0";"";""
"2 validada sem artigo";"Saúde geral";"urticária";"60500";"LOW";"";"";"";"";"";"SIM";"pele-volumes.json";"";"";"";"";"";"";"";"";"";"";"";"pilar";"1815";"10890";"cabeca";"0";"";""
"2 validada sem artigo";"Saúde geral";"queloide";"60500";"LOW";"";"";"";"";"";"SIM";"pele-volumes.json";"";"";"";"";"";"";"";"";"";"";"";"pilar";"1815";"10890";"cabeca";"0";"";""
"2 validada sem artigo";"Saúde geral";"celulite";"60500";"LOW";"";"";"";"";"";"SIM";"pele-volumes.json";"";"";"";"";"";"";"";"";"";"";"";"pilar";"1815";"10890";"cabeca";"2";"700";"celulite grau 3 (590) | celulite abdominal (110)"
"2 validada sem artigo";"Saúde geral";"queratose pilar";"60500";"LOW";"";"";"";"";"";"SIM";"pele-volumes.json";"";"";"";"";"";"";"";"";"";"";"";"pilar";"1815";"10890";"media (2 palavras)";"0";"";""
"2 validada sem artigo";"Pele";"limpeza de pele";"60500";"HIGH";"";"";"";"";"";"";"pele-volumes.json";"";"";"";"";"";"";"";"";"";"";"";"pilar";"1815";"10890";"media (2 palavras)";"1";"720";"limpeza de pele profissional (720)"
"2 validada sem artigo";"Saúde geral";"sabonete facial";"60500";"HIGH";"";"";"";"";"";"";"pele-volumes.json";"";"";"";"";"";"";"";"";"";"";"";"pilar";"1815";"10890";"media (2 palavras)";"0";"";""
"2 validada sem artigo";"Pele";"protetor solar com cor";"60500";"HIGH";"";"";"";"";"";"";"pele-volumes.json";"";"";"";"";"";"";"";"";"";"";"";"pilar";"1815";"10890";"long tail";"0";"";""
"2 validada sem artigo";"Saúde geral";"polissonografia";"60500";"LOW";"";"";"";"";"";"SIM";"sono-volumes.json";"";"";"";"";"";"";"";"";"";"";"";"pilar";"1815";"10890";"cabeca";"0";"";""
"2 validada sem artigo";"Alimentação e peso";"vitamina k2";"60500";"HIGH";"";"";"";"";"";"";"suplementos-volumes.json";"";"";"";"";"";"";"";"";"";"";"";"pilar";"1815";"10890";"media (2 palavras)";"66";"883280";"vitamina b12 (550000) | vitamina b12 para que serve (90500) | vitaminas para cabelo (60500) | vitamina d3 para que serve (33100) | vitamina para queda de cabelo (33100) | vitamina c no rosto (27100) | vitamina d baixa sintomas (12100) | vitaminas para o cabelo parar de cair (9900) | melhor vitamina para queda de cabelo (6600) | melhores vitaminas para queda de cabelo (6600)"
"2 validada sem artigo";"Diabetes e exames";"ferro";"60500";"MEDIUM";"";"";"";"";"";"";"suplementos-volumes.json";"";"";"";"";"";"";"";"";"";"";"";"pilar";"1815";"10890";"cabeca";"9";"54610";"alimentos ricos em ferro (40500) | ferro bisglicinato (8100) | ferro baixo sintomas (3600) | ferro para que serve (880) | ferro bisglicinato para que serve (480) | ferro na gravidez (390) | melhor ferro para queda de cabelo (320) | ferro para queda de cabelo (170) | ferro para cabelo (170)"
"2 validada sem artigo";"Saúde geral";"picolinato de cromo para que serve";"60500";"HIGH";"";"";"";"";"";"";"suplementos-volumes.json";"";"";"";"";"";"";"";"";"";"";"";"pilar";"1815";"10890";"long tail";"0";"";""
"2 validada sem artigo";"Saúde geral";"ômega 3 para que serve";"60500";"HIGH";"";"";"";"";"";"";"suplementos-volumes.json";"";"";"";"";"";"";"";"";"";"";"";"pilar";"1815";"10890";"long tail";"0";"";""
"2 validada sem artigo";"Saúde geral";"coenzima q10 para que serve";"60500";"HIGH";"";"";"";"";"";"";"suplementos-volumes.json";"";"";"";"";"";"";"";"";"";"";"";"pilar";"1815";"10890";"long tail";"0";"";""
"2 validada sem artigo";"Saúde geral";"triptofano";"60500";"HIGH";"";"";"";"";"";"";"suplementos-volumes.json";"";"";"";"";"";"";"";"";"";"";"";"pilar";"1815";"10890";"cabeca";"2";"27980";"triptofano para que serve (27100) | triptofano efeitos colaterais (880)"
"2 validada sem artigo";"Saúde geral";"passiflora";"60500";"HIGH";"";"";"";"";"";"";"suplementos-volumes.json";"";"";"";"";"";"";"";"";"";"";"";"pilar";"1815";"10890";"cabeca";"2";"12690";"passiflora para que serve (12100) | passiflora efeitos colaterais (590)"
"2 validada sem artigo";"Saúde geral";"msm";"60500";"LOW";"";"";"";"";"";"";"suplementos-volumes.json";"";"";"";"";"";"";"";"";"";"";"";"pilar";"1815";"10890";"cabeca";"2";"8420";"msm para que serve (8100) | msm efeitos colaterais (320)"
"2 validada sem artigo";"Próstata e vias urinárias";"taurina";"60500";"HIGH";"";"";"";"";"";"";"suplementos-volumes.json";"";"";"";"";"";"";"";"";"";"";"";"pilar";"1815";"10890";"cabeca";"2";"41800";"taurina para que serve (40500) | taurina efeitos colaterais (1300)"
"2 validada sem artigo";"Saúde geral";"glutamina para que serve";"60500";"HIGH";"";"";"";"";"";"";"suplementos-volumes.json";"";"";"";"";"";"";"";"";"";"";"";"pilar";"1815";"10890";"long tail";"0";"";""
"2 validada sem artigo";"Saúde geral";"arginina";"60500";"HIGH";"";"";"";"";"";"";"suplementos-volumes.json";"";"";"";"";"";"";"";"";"";"";"";"pilar";"1815";"10890";"cabeca";"2";"34700";"arginina para que serve (33100) | arginina efeitos colaterais (1600)"
"2 validada sem artigo";"Saúde geral";"feno grego para que serve";"60500";"HIGH";"";"";"";"";"";"";"suplementos-volumes.json";"";"";"";"";"";"";"";"";"";"";"";"pilar";"1815";"10890";"long tail";"0";"";""
"2 validada sem artigo";"Saúde geral";"colina";"60500";"MEDIUM";"";"";"";"";"";"";"suplementos-volumes.json";"";"";"";"";"";"";"";"";"";"";"";"pilar";"1815";"10890";"cabeca";"2";"12310";"colina para que serve (12100) | colina efeitos colaterais (210)"
"2 validada sem artigo";"Coração e colesterol";"colesterol alterado";"49500";"LOW";"";"";"";"sim";"";"";"pauta antiga validada";"";"";"";"";"";"";"";"";"";"";"";"pilar";"1485";"8910";"media (2 palavras)";"0";"";""
"2 validada sem artigo";"Saúde geral";"água destilada";"49500";"HIGH";"estável";"";"";"";"";"";"validadas/alimentacao-peso.json";"";"";"";"";"";"";"";"";"";"";"";"pilar";"1485";"8910";"media (2 palavras)";"0";"";""
"2 validada sem artigo";"Saúde geral";"chá de gengibre";"49500";"LOW";"estável";"";"";"";"";"";"validadas/alimentacao-peso.json";"";"";"";"";"";"";"";"";"";"";"";"pilar";"1485";"8910";"media (2 palavras)";"0";"";""
"2 validada sem artigo";"Alimentação e peso";"fibras";"49500";"MEDIUM";"estável";"";"";"";"";"";"validadas/alimentacao-peso.json";"";"";"";"";"";"";"";"";"";"";"";"pilar";"1485";"8910";"cabeca";"11";"86280";"alimentos ricos em fibras (49500) | fibras alimentares (9900) | tamarine fibras (8100) | fibras soluveis (3600) | fibra alimentar (2900) | fibra para intestino (2900) | fibra psyllium (2400) | fibra soluvel (2400) | simfort fibras (2400) | fibra mais (1300)"
"2 validada sem artigo";"Digestão e fígado";"constipação";"49500";"LOW";"caindo";"";"";"";"";"";"validadas/alimentacao-peso.json";"";"";"";"";"";"";"";"";"";"";"";"pilar";"1485";"8910";"cabeca";"8";"38340";"constipação o que é (33100) | constipação crônica (1600) | constipação intestinal o que fazer (1000) | constipação sintomas (880) | bebe constipação (880) | tratamentos para constipação intestinal (390) | alimentação para constipação (320) | alimentação para constipação intestinal (170)"
"2 validada sem artigo";"Cabelo";"alopecia areata";"49500";"LOW";"estável";"";"";"";"";"SIM";"validadas/cabelo-expandido.json";"";"";"";"";"";"";"";"";"";"";"";"pilar";"1485";"8910";"media (2 palavras)";"12";"6530";"alopecia areata tratamento (1900) | alopecia areata causas (1300) | alopecia areata barba (880) | alopecia areata tem cura (720) | alopecia areata em crianças (390) | alopecia areata mulher (390) | alopecia areata em mulheres (210) | alopecia areata sobrancelha (210) | alopecia areata barba tratamento (170) | tipos de alopecia areata (140)"
"2 validada sem artigo";"Saúde geral";"cravos";"49500";"LOW";"";"";"";"";"";"SIM";"pele-volumes.json";"";"";"";"";"";"";"";"";"";"";"";"pilar";"1485";"8910";"cabeca";"1";"3600";"cravos brancos (3600)"
"2 validada sem artigo";"Pele";"estrias";"49500";"LOW";"";"";"";"";"";"SIM";"pele-volumes.json";"";"";"";"";"";"";"";"";"";"";"";"pilar";"1485";"8910";"cabeca";"3";"13600";"estrias vermelhas (6600) | estrias brancas (5400) | estrias na gravidez (1600)"
"2 validada sem artigo";"Saúde geral";"glicerina";"49500";"HIGH";"";"";"";"";"";"";"pele-volumes.json";"";"";"";"";"";"";"";"";"";"";"";"pilar";"1485";"8910";"cabeca";"0";"";""
"2 validada sem artigo";"Saúde geral";"peróxido de benzoíla";"49500";"HIGH";"";"";"";"";"";"";"pele-volumes.json";"";"";"";"";"";"";"";"";"";"";"";"pilar";"1485";"8910";"media (2 palavras)";"0";"";""
"2 validada sem artigo";"Saúde geral";"hidroquinona";"49500";"HIGH";"";"";"";"sim";"";"";"pele-volumes.json";"";"";"";"";"";"";"";"";"";"";"";"pilar";"1485";"8910";"cabeca";"0";"";""
"2 validada sem artigo";"Saúde geral";"preenchimento labial";"49500";"LOW";"";"";"";"";"";"";"pele-volumes.json";"";"";"";"";"";"";"";"";"";"";"";"pilar";"1485";"8910";"media (2 palavras)";"0";"";""
"2 validada sem artigo";"Saúde geral";"peeling";"49500";"MEDIUM";"";"";"";"";"";"";"pele-volumes.json";"";"";"";"";"";"";"";"";"";"";"";"pilar";"1485";"8910";"cabeca";"5";"23380";"peeling de fenol (22200) | peeling de jessner (480) | peeling de ácido salicílico (320) | peeling de ácido glicólico (210) | peeling de tca (170)"
"2 validada sem artigo";"Saúde geral";"brotoeja";"49500";"LOW";"";"";"";"";"";"SIM";"pele-volumes.json";"";"";"";"";"";"";"";"";"";"";"";"pilar";"1485";"8910";"cabeca";"0";"";""
"2 validada sem artigo";"Saúde geral";"magnésio bisglicinato";"49500";"HIGH";"";"";"";"";"";"";"suplementos-volumes.json";"";"";"";"";"";"";"";"";"";"";"";"pilar";"1485";"8910";"media (2 palavras)";"2";"15680";"magnésio bisglicinato para que serve (14800) | magnésio bisglicinato efeitos colaterais (880)"
"2 validada sem artigo";"Saúde geral";"magnésio dimalato para que serve";"49500";"HIGH";"";"";"";"";"";"";"suplementos-volumes.json";"";"";"";"";"";"";"";"";"";"";"";"pilar";"1485";"8910";"long tail";"0";"";""
"2 validada sem artigo";"Alimentação e peso";"vitamina b6";"49500";"HIGH";"";"";"";"";"";"";"suplementos-volumes.json";"";"";"";"";"";"";"";"";"";"";"";"pilar";"1485";"8910";"media (2 palavras)";"66";"883280";"vitamina b12 (550000) | vitamina b12 para que serve (90500) | vitaminas para cabelo (60500) | vitamina d3 para que serve (33100) | vitamina para queda de cabelo (33100) | vitamina c no rosto (27100) | vitamina d baixa sintomas (12100) | vitaminas para o cabelo parar de cair (9900) | melhor vitamina para queda de cabelo (6600) | melhores vitaminas para queda de cabelo (6600)"
"2 validada sem artigo";"Saúde geral";"cromo";"49500";"LOW";"";"";"";"";"";"";"suplementos-volumes.json";"";"";"";"";"";"";"";"";"";"";"";"pilar";"1485";"8910";"cabeca";"5";"283290";"picolinato de cromo (201000) | picolinato de cromo para que serve (60500) | cromo para que serve (14800) | picolinato de cromo efeitos colaterais (6600) | lipomax cromo emagrece quantos quilos por semana (390)"
"2 validada sem artigo";"Saúde geral";"potássio";"49500";"LOW";"";"";"";"";"";"";"suplementos-volumes.json";"";"";"";"";"";"";"";"";"";"";"";"pilar";"1485";"8910";"cabeca";"1";"3600";"potássio para que serve (3600)"
"2 validada sem artigo";"Saúde geral";"resveratrol para que serve";"49500";"HIGH";"";"";"";"";"";"";"suplementos-volumes.json";"";"";"";"";"";"";"";"";"";"";"";"pilar";"1485";"8910";"long tail";"0";"";""
"2 validada sem artigo";"Saúde geral";"berberina para que serve";"49500";"HIGH";"";"";"";"";"";"";"suplementos-volumes.json";"";"";"";"";"";"";"";"";"";"";"";"pilar";"1485";"8910";"long tail";"0";"";""
"2 validada sem artigo";"Saúde geral";"n acetilcisteína";"49500";"HIGH";"";"";"";"";"";"";"suplementos-volumes.json";"";"";"";"";"";"";"";"";"";"";"";"pilar";"1485";"8910";"media (2 palavras)";"2";"6770";"n acetilcisteína para que serve (6600) | n acetilcisteína efeitos colaterais (170)"
"2 validada sem artigo";"Saúde geral";"l carnitina";"49500";"HIGH";"";"";"";"";"";"";"suplementos-volumes.json";"";"";"";"";"";"";"";"";"";"";"";"pilar";"1485";"8910";"media (2 palavras)";"6";"22090";"l carnitina para que serve (14800) | acetil l carnitina (2900) | l carnitina emagrece (2400) | acetil l carnitina para que serve (880) | l carnitina efeitos colaterais (720) | l carnitina como tomar para emagrecer (390)"
"2 validada sem artigo";"Saúde geral";"saw palmetto";"49500";"HIGH";"";"";"";"";"";"";"suplementos-volumes.json";"";"";"";"";"";"";"";"";"";"";"";"pilar";"1485";"8910";"media (2 palavras)";"3";"14700";"saw palmetto para que serve (12100) | saw palmetto efeitos colaterais (1600) | saw palmetto para cabelo (1000)"
"2 validada sem artigo";"Saúde geral";"pycnogenol";"49500";"HIGH";"";"";"";"";"";"";"suplementos-volumes.json";"";"";"";"";"";"";"";"";"";"";"";"pilar";"1485";"8910";"cabeca";"2";"18490";"pycnogenol para que serve (18100) | pycnogenol efeitos colaterais (390)"
"2 validada sem artigo";"Pele";"colágeno verisol";"49500";"HIGH";"";"";"";"";"";"";"suplementos-volumes.json";"";"";"";"";"";"";"";"";"";"";"";"pilar";"1485";"8910";"media (2 palavras)";"1";"1300";"colágeno verisol para que serve (1300)"
"2 validada sem artigo";"Diabetes e exames";"resistência à insulina";"40500";"LOW";"estável";"";"";"sim";"";"";"pauta antiga validada";"";"";"";"";"";"";"";"";"";"";"";"pilar";"1215";"7290";"media (2 palavras)";"3";"7800";"o que é resistência à insulina (6600) | manchas de resistencia a insulina (880) | medicamento para resistencia insulina (320)"
"2 validada sem artigo";"Saúde geral";"gordura visceral";"40500";"LOW";"estável";"";"";"";"";"SIM";"validadas/alimentacao-peso.json";"";"";"";"";"";"";"";"";"";"";"";"pilar";"1215";"7290";"media (2 palavras)";"15";"22270";"gordura visceral o que é (8100) | gordura visceral como eliminar (4400) | gordura visceral como perder (4400) | gordura visceral ideal (2900) | gordura visceral onde fica (480) | gordura visceral e subcutanea (320) | diminuir gordura visceral (210) | bioimpedancia gordura visceral (210) | gordura abdominal visceral (210) | gordura visceral alta (210)"
"2 validada sem artigo";"Saúde geral";"marmitas fitness";"40500";"HIGH";"estável";"";"";"";"";"";"validadas/alimentacao-peso.json";"";"";"";"";"";"";"";"";"";"";"";"pilar";"1215";"7290";"media (2 palavras)";"6";"1580";"marmitas fitness para semana (480) | marmita fitness abc (320) | marmitas fitness para congelar (260) | marmita fitness cardápio semanal para emagrecer (210) | marmitas fitness para vender (170) | marmita fitness para emagrecer (140)"
"2 validada sem artigo";"Saúde geral";"marmita fitness";"40500";"HIGH";"estável";"";"";"";"";"";"validadas/alimentacao-peso.json";"";"";"";"";"";"";"";"";"";"";"";"pilar";"1215";"7290";"media (2 palavras)";"6";"1580";"marmitas fitness para semana (480) | marmita fitness abc (320) | marmitas fitness para congelar (260) | marmita fitness cardápio semanal para emagrecer (210) | marmitas fitness para vender (170) | marmita fitness para emagrecer (140)"
"2 validada sem artigo";"Saúde geral";"prensa francesa";"40500";"HIGH";"estável";"";"";"";"";"";"validadas/alimentacao-peso.json";"";"";"";"";"";"";"";"";"";"";"";"pilar";"1215";"7290";"media (2 palavras)";"2";"2290";"prensa francesa bialetti (1900) | prensa francesa tramontina (390)"
"2 validada sem artigo";"Saúde geral";"licor";"40500";"HIGH";"estável";"";"";"";"";"";"validadas/alimentacao-peso.json";"";"";"";"";"";"";"";"";"";"";"";"pilar";"1215";"7290";"cabeca";"24";"71230";"licor sheridans (9900) | licor don luiz (8100) | licor baileys (6600) | licor de chocolate (6600) | amarula licor (5400) | licor cointreau (3600) | licor jagermeister (3600) | licor frangelico (3600) | licor de pessego (3600) | licor de menta (2900)"
"2 validada sem artigo";"Saúde geral";"almoço de domingo";"40500";"LOW";"estável";"";"";"";"";"";"validadas/alimentacao-peso.json";"";"";"";"";"";"";"";"";"";"";"";"pilar";"1215";"7290";"media (2 palavras)";"0";"";""
"2 validada sem artigo";"Saúde geral";"isotonico";"40500";"HIGH";"estável";"";"";"";"";"";"validadas/alimentacao-peso.json";"";"";"";"";"";"";"";"";"";"";"";"pilar";"1215";"7290";"cabeca";"0";"";""
"2 validada sem artigo";"Saúde geral";"frutas vermelhas";"40500";"MEDIUM";"estável";"";"";"";"";"";"validadas/alimentacao-peso.json";"";"";"";"";"";"";"";"";"";"";"";"pilar";"1215";"7290";"media (2 palavras)";"1";"8100";"frutas vermelhas congeladas (8100)"
"2 validada sem artigo";"Saúde geral";"soda italiana";"40500";"HIGH";"estável";"";"";"";"";"";"validadas/alimentacao-peso.json";"";"";"";"";"";"";"";"";"";"";"";"pilar";"1215";"7290";"media (2 palavras)";"0";"";""
"2 validada sem artigo";"Saúde geral";"hidrometros";"40500";"HIGH";"subindo";"";"";"";"";"";"validadas/alimentacao-peso.json";"";"";"";"";"";"";"";"";"";"";"";"pilar";"1215";"7290";"cabeca";"0";"";""
"2 validada sem artigo";"Saúde geral";"agnocafé";"40500";"LOW";"caindo";"";"";"";"";"";"validadas/alimentacao-peso.json";"";"";"";"";"";"";"";"";"";"";"";"pilar";"1215";"7290";"cabeca";"0";"";""
"2 validada sem artigo";"Saúde geral";"lichia fruta";"40500";"MEDIUM";"estável";"";"";"";"";"";"validadas/alimentacao-peso.json";"";"";"";"";"";"";"";"";"";"";"";"pilar";"1215";"7290";"media (2 palavras)";"0";"";""
"2 validada sem artigo";"Saúde geral";"roma fruta";"40500";"LOW";"estável";"";"";"";"";"";"validadas/alimentacao-peso.json";"";"";"";"";"";"";"";"";"";"";"";"pilar";"1215";"7290";"media (2 palavras)";"0";"";""
"2 validada sem artigo";"Saúde geral";"ice bebida";"40500";"MEDIUM";"subindo";"";"";"";"";"";"validadas/alimentacao-peso.json";"";"";"";"";"";"";"";"";"";"";"";"pilar";"1215";"7290";"media (2 palavras)";"0";"";""
"2 validada sem artigo";"Saúde geral";"fruta vermelha";"40500";"MEDIUM";"estável";"";"";"";"";"";"validadas/alimentacao-peso.json";"";"";"";"";"";"";"";"";"";"";"";"pilar";"1215";"7290";"media (2 palavras)";"1";"8100";"frutas vermelhas congeladas (8100)"
"2 validada sem artigo";"Saúde geral";"imigrante bebidas";"40500";"HIGH";"estável";"";"";"";"";"";"validadas/alimentacao-peso.json";"";"";"";"";"";"";"";"";"";"";"";"pilar";"1215";"7290";"media (2 palavras)";"0";"";""
"2 validada sem artigo";"Saúde geral";"alimentação saudável";"40500";"LOW";"caindo";"";"";"";"";"";"validadas/alimentacao-peso.json";"";"";"";"";"";"";"";"";"";"";"";"pilar";"1215";"7290";"media (2 palavras)";"16";"6320";"alimentação saudavel para crianças (1300) | alimentação saudavel para emagrecer (720) | cardápio alimentação saudável (590) | alimentação saudavel para gestante (480) | alimentação saudavel na gestação (480) | alimentação saudavel infantil (390) | receitas de alimentação saudavel (390) | alimentação saudável na escola (390) | alimentação escolar saudável (390) | alimentação saudável na adolescência (260)"
"2 validada sem artigo";"Alimentação e peso";"dieta para emagrecer";"40500";"MEDIUM";"caindo";"";"";"";"";"";"validadas/alimentacao-peso.json";"";"";"";"";"";"";"";"";"";"";"";"pilar";"1215";"7290";"media (2 palavras)";"24";"20510";"dieta para emagrecer rapido (6600) | dieta para emagrecer 10kg em 30 dias (2400) | cardapio de dieta para emagrecer (1300) | dieta para emagrecer em 7 dias (1300) | dieta simples para emagrecer (1000) | lista de dieta para emagrecer (1000) | dieta saudável para emagrecer (880) | melhor dieta para emagrecer (720) | melhores dietas para emagrecer (720) | dieta de pobre para emagrecer rápido (480)"
"2 validada sem artigo";"Alimentação e peso";"dietas para emagrecer";"40500";"MEDIUM";"caindo";"";"";"";"";"";"validadas/alimentacao-peso.json";"";"";"";"";"";"";"";"";"";"";"";"pilar";"1215";"7290";"media (2 palavras)";"24";"20510";"dieta para emagrecer rapido (6600) | dieta para emagrecer 10kg em 30 dias (2400) | cardapio de dieta para emagrecer (1300) | dieta para emagrecer em 7 dias (1300) | dieta simples para emagrecer (1000) | lista de dieta para emagrecer (1000) | dieta saudável para emagrecer (880) | melhor dieta para emagrecer (720) | melhores dietas para emagrecer (720) | dieta de pobre para emagrecer rápido (480)"
"2 validada sem artigo";"Saúde geral";"açucar mascavo";"40500";"HIGH";"estável";"";"";"";"";"";"validadas/alimentacao-peso.json";"";"";"";"";"";"";"";"";"";"";"";"pilar";"1215";"7290";"media (2 palavras)";"0";"";""
"2 validada sem artigo";"Saúde geral";"laminina";"40500";"LOW";"caindo";"";"";"";"";"";"validadas/alimentacao-peso.json";"";"";"";"";"";"";"";"";"";"";"";"pilar";"1215";"7290";"cabeca";"0";"";""
"2 validada sem artigo";"Alimentação e peso";"dieta para emagrecimento";"40500";"MEDIUM";"caindo";"";"";"";"";"";"validadas/alimentacao-peso.json";"";"";"";"";"";"";"";"";"";"";"";"pilar";"1215";"7290";"media (2 palavras)";"0";"";""
"2 validada sem artigo";"Saúde geral";"açucar mascavado";"40500";"HIGH";"estável";"";"";"";"";"";"validadas/alimentacao-peso.json";"";"";"";"";"";"";"";"";"";"";"";"pilar";"1215";"7290";"media (2 palavras)";"0";"";""
"2 validada sem artigo";"Saúde geral";"pano branco";"40500";"LOW";"";"";"";"";"";"SIM";"pele-volumes.json";"";"";"";"";"";"";"";"";"";"";"";"pilar";"1215";"7290";"media (2 palavras)";"0";"";""
"2 validada sem artigo";"Saúde geral";"microagulhamento";"40500";"HIGH";"";"";"";"";"";"";"pele-volumes.json";"";"";"";"";"";"";"";"";"";"";"";"pilar";"1215";"7290";"cabeca";"2";"6860";"microagulhamento capilar (6600) | microagulhamento capilar funciona (260)"
"2 validada sem artigo";"Saúde geral";"lifting facial";"40500";"MEDIUM";"";"";"";"";"";"";"pele-volumes.json";"";"";"";"";"";"";"";"";"";"";"";"pilar";"1215";"7290";"media (2 palavras)";"0";"";""
"2 validada sem artigo";"Saúde geral";"magnésio para que serve";"40500";"HIGH";"";"";"";"";"";"";"suplementos-volumes.json";"";"";"";"";"";"";"";"";"";"";"";"pilar";"1215";"7290";"long tail";"5";"113600";"magnésio dimalato para que serve (49500) | magnésio treonato para que serve (33100) | magnésio bisglicinato para que serve (14800) | magnésio citrato para que serve (8100) | magnésio taurato para que serve (8100)"
"2 validada sem artigo";"Saúde geral";"zinco para que serve";"40500";"MEDIUM";"";"";"";"";"";"SIM";"suplementos-volumes.json";"";"";"";"";"";"";"";"";"";"";"";"pilar";"1215";"7290";"long tail";"0";"";""
"2 validada sem artigo";"Saúde geral";"boro";"40500";"HIGH";"";"";"";"";"";"";"suplementos-volumes.json";"";"";"";"";"";"";"";"";"";"";"";"pilar";"1215";"7290";"cabeca";"1";"12100";"boro para que serve (12100)"
"2 validada sem artigo";"Saúde geral";"iodo";"40500";"MEDIUM";"";"";"";"";"";"";"suplementos-volumes.json";"";"";"";"";"";"";"";"";"";"";"";"pilar";"1215";"7290";"cabeca";"1";"12100";"iodo para que serve (12100)"
"2 validada sem artigo";"Saúde geral";"glicina";"40500";"HIGH";"";"";"";"";"";"";"suplementos-volumes.json";"";"";"";"";"";"";"";"";"";"";"";"pilar";"1215";"7290";"cabeca";"2";"23200";"glicina para que serve (22200) | glicina efeitos colaterais (1000)"
"2 validada sem artigo";"Saúde geral";"ácido alfa lipóico";"40500";"HIGH";"";"";"";"";"";"";"suplementos-volumes.json";"";"";"";"";"";"";"";"";"";"";"";"pilar";"1215";"7290";"long tail";"2";"12240";"ácido alfa lipóico para que serve (12100) | ácido alfa lipóico efeitos colaterais (140)"
"2 validada sem artigo";"Próstata e vias urinárias";"taurina para que serve";"40500";"MEDIUM";"";"";"";"";"";"SIM";"suplementos-volumes.json";"";"";"";"";"";"";"";"";"";"";"";"pilar";"1215";"7290";"long tail";"0";"";""
"2 validada sem artigo";"Saúde geral";"bcaa";"40500";"HIGH";"";"";"";"";"";"";"suplementos-volumes.json";"";"";"";"";"";"";"";"";"";"";"";"pilar";"1215";"7290";"cabeca";"2";"18490";"bcaa para que serve (18100) | bcaa efeitos colaterais (390)"
"2 validada sem artigo";"Saúde geral";"cúrcuma para que serve";"40500";"HIGH";"";"";"";"";"";"";"suplementos-volumes.json";"";"";"";"";"";"";"";"";"";"";"";"pilar";"1215";"7290";"long tail";"0";"";""
"2 validada sem artigo";"Alimentação e peso";"vitamina k";"40500";"MEDIUM";"";"";"";"";"";"";"suplementos-volumes.json";"";"";"";"";"";"";"";"";"";"";"";"pilar";"1215";"7290";"media (2 palavras)";"66";"883280";"vitamina b12 (550000) | vitamina b12 para que serve (90500) | vitaminas para cabelo (60500) | vitamina d3 para que serve (33100) | vitamina para queda de cabelo (33100) | vitamina c no rosto (27100) | vitamina d baixa sintomas (12100) | vitaminas para o cabelo parar de cair (9900) | melhor vitamina para queda de cabelo (6600) | melhores vitaminas para queda de cabelo (6600)"
"2 validada sem artigo";"Mulher e menopausa";"climatério";"33100";"LOW";"";"";"";"";"";"SIM";"pauta antiga validada";"";"";"";"";"";"";"";"";"";"";"";"pilar";"993";"5958";"cabeca";"0";"";""
"2 validada sem artigo";"Diabetes e exames";"creatinina alta";"33100";"LOW";"";"";"";"sim";"";"";"pauta antiga validada";"";"";"";"";"";"";"";"";"";"";"";"pilar";"993";"5958";"media (2 palavras)";"0";"";""
"2 validada sem artigo";"Saúde geral";"nutrição";"33100";"LOW";"estável";"";"";"";"";"";"validadas/alimentacao-peso.json";"";"";"";"";"";"";"";"";"";"";"";"pilar";"993";"5958";"cabeca";"34";"29450";"nutrição enteral (5400) | nutrição esportiva (4400) | nutrição no esporte (4400) | nutrição e dietética (1600) | uan nutrição (1600) | anhanguera nutrição (1300) | nutrição estética (1000) | nutrição materno infantil (880) | nutrição funcional (880) | nutrição alimentar (880)"
"2 validada sem artigo";"Saúde geral";"laticínios";"33100";"LOW";"estável";"";"";"";"";"";"validadas/alimentacao-peso.json";"";"";"";"";"";"";"";"";"";"";"";"pilar";"993";"5958";"cabeca";"0";"";""
"2 validada sem artigo";"Saúde geral";"hidromel";"33100";"HIGH";"estável";"";"";"";"";"";"validadas/alimentacao-peso.json";"";"";"";"";"";"";"";"";"";"";"";"pilar";"993";"5958";"cabeca";"0";"";""
"2 validada sem artigo";"Saúde geral";"cisternas";"33100";"LOW";"estável";"";"";"";"";"";"validadas/alimentacao-peso.json";"";"";"";"";"";"";"";"";"";"";"";"pilar";"993";"5958";"cabeca";"0";"";""
"2 validada sem artigo";"Saúde geral";"chá verde";"33100";"HIGH";"caindo";"";"";"";"";"";"validadas/alimentacao-peso.json";"";"";"";"";"";"";"";"";"";"";"";"pilar";"993";"5958";"media (2 palavras)";"2";"430";"chá verde na pele (260) | chá verde extrato (170)"
"2 validada sem artigo";"Saúde geral";"nespresso máquinas";"33100";"HIGH";"estável";"";"";"";"";"";"validadas/alimentacao-peso.json";"";"";"";"";"";"";"";"";"";"";"";"pilar";"993";"5958";"media (2 palavras)";"1";"170";"máquinas nespresso promoção (170)"
"2 validada sem artigo";"Saúde geral";"fruta abiu";"33100";"LOW";"estável";"";"";"";"";"";"validadas/alimentacao-peso.json";"";"";"";"";"";"";"";"";"";"";"";"pilar";"993";"5958";"media (2 palavras)";"0";"";""
"2 validada sem artigo";"Saúde geral";"charque";"33100";"MEDIUM";"estável";"";"";"";"";"";"validadas/alimentacao-peso.json";"";"";"";"";"";"";"";"";"";"";"";"pilar";"993";"5958";"cabeca";"0";"";""
"2 validada sem artigo";"Saúde geral";"água tônica";"33100";"HIGH";"estável";"";"";"";"";"";"validadas/alimentacao-peso.json";"";"";"";"";"";"";"";"";"";"";"";"pilar";"993";"5958";"media (2 palavras)";"0";"";""
"2 validada sem artigo";"Alimentação e peso";"emagrecimento";"33100";"MEDIUM";"estável";"";"";"";"";"SIM";"validadas/alimentacao-peso.json";"";"";"";"";"";"";"";"";"";"";"";"pilar";"993";"5958";"cabeca";"18";"82040";"dieta para emagrecimento (40500) | suplementos para emagrecimento (14800) | emagrecimento rapido (12100) | musculação e emagrecimento (5400) | diabetes e emagrecimento (2400) | produtos emagrecimento (1600) | treino para emagrecimento (1600) | emagrecimento saudavel (1300) | treino emagrecimento feminino (480) | dicas de emagrecimento (480)"
"2 validada sem artigo";"Alimentação e peso";"emagrece";"33100";"MEDIUM";"estável";"";"";"";"";"";"validadas/alimentacao-peso.json";"";"";"";"";"";"";"";"";"";"";"";"pilar";"993";"5958";"cabeca";"39";"113050";"suplemento que emagrece (14800) | psyllium emagrece (12100) | caminhada emagrece (12100) | caminhar emagrece (12100) | termogenico emagrece (9900) | desodalina emagrece (9900) | jejum intermitente emagrece (6600) | ômega 3 emagrece (6600) | musculação emagrece (5400) | fazer caminhada emagrece (2900)"
"2 validada sem artigo";"Saúde geral";"retenção de líquidos";"33100";"LOW";"caindo";"";"";"";"";"";"validadas/alimentacao-peso.json";"";"";"";"";"";"";"";"";"";"";"";"pilar";"993";"5958";"media (2 palavras)";"2";"280";"barriga com retenção de liquido (170) | bom para retenção de liquido (110)"
"2 validada sem artigo";"Saúde geral";"retenção de liquido";"33100";"LOW";"caindo";"";"";"";"";"";"validadas/alimentacao-peso.json";"";"";"";"";"";"";"";"";"";"";"";"pilar";"993";"5958";"media (2 palavras)";"2";"280";"barriga com retenção de liquido (170) | bom para retenção de liquido (110)"
"2 validada sem artigo";"Digestão e fígado";"constipação o que é";"33100";"LOW";"caindo";"";"";"";"";"";"validadas/alimentacao-peso.json";"";"";"";"";"";"";"";"";"";"";"";"pilar";"993";"5958";"media (2 palavras)";"7";"5240";"constipação crônica (1600) | constipação intestinal o que fazer (1000) | constipação sintomas (880) | bebe constipação (880) | tratamentos para constipação intestinal (390) | alimentação para constipação (320) | alimentação para constipação intestinal (170)"
"2 validada sem artigo";"Cabelo";"o que é alopecia";"33100";"LOW";"estável";"";"";"";"";"SIM";"validadas/cabelo.json";"";"";"";"";"";"";"";"";"";"";"";"pilar";"993";"5958";"media (2 palavras)";"49";"93020";"alopecia areata (49500) | alopecia frontal fibrosante (6600) | alopécia feminina (4400) | alopecia feminino (4400) | alopecia por tração (3600) | alopecia areata tratamento (1900) | tratamentos para alopecia (1900) | tipos de alopecia (1900) | alopecia universal (1600) | alopecia na barba (1300)"
"2 validada sem artigo";"Pele";"dermatite perioral";"33100";"LOW";"";"";"";"";"";"SIM";"pele-volumes.json";"";"";"";"";"";"";"";"";"";"";"";"pilar";"993";"5958";"media (2 palavras)";"0";"";""
"2 validada sem artigo";"Saúde geral";"pés de galinha";"33100";"LOW";"";"";"";"";"";"SIM";"pele-volumes.json";"";"";"";"";"";"";"";"";"";"";"";"pilar";"993";"5958";"media (2 palavras)";"0";"";""
"2 validada sem artigo";"Saúde geral";"sérum";"33100";"HIGH";"";"";"";"";"";"";"pele-volumes.json";"";"";"";"";"";"";"";"";"";"";"";"pilar";"993";"5958";"cabeca";"0";"";""
"2 validada sem artigo";"Pele";"protetor solar em bastão";"33100";"HIGH";"";"";"";"";"";"";"pele-volumes.json";"";"";"";"";"";"";"";"";"";"";"";"pilar";"993";"5958";"long tail";"0";"";""
"2 validada sem artigo";"Saúde geral";"ácido ascórbico";"33100";"MEDIUM";"";"";"";"";"";"SIM";"pele-volumes.json";"";"";"";"";"";"";"";"";"";"";"";"pilar";"993";"5958";"media (2 palavras)";"1";"3600";"ácido ascórbico para que serve (3600)"
"2 validada sem artigo";"Saúde geral";"sculptra";"33100";"LOW";"";"";"";"";"";"SIM";"pele-volumes.json";"";"";"";"";"";"";"";"";"";"";"";"pilar";"993";"5958";"cabeca";"0";"";""
"2 validada sem artigo";"Saúde geral";"ultraformer";"33100";"MEDIUM";"";"";"";"";"";"SIM";"pele-volumes.json";"";"";"";"";"";"";"";"";"";"";"";"pilar";"993";"5958";"cabeca";"0";"";""
"2 validada sem artigo";"Saúde geral";"fps";"33100";"LOW";"";"";"";"";"";"SIM";"pele-volumes.json";"";"";"";"";"";"";"";"";"";"";"";"pilar";"993";"5958";"cabeca";"1";"260";"melhor fps (260)"
"2 validada sem artigo";"Saúde geral";"foliculite na virilha";"33100";"LOW";"";"";"";"";"";"SIM";"pele-volumes.json";"";"";"";"";"";"";"";"";"";"";"";"pilar";"993";"5958";"media (2 palavras)";"0";"";""
"2 validada sem artigo";"Saúde geral";"magnésio treonato para que serve";"33100";"HIGH";"";"";"";"";"";"";"suplementos-volumes.json";"";"";"";"";"";"";"";"";"";"";"";"pilar";"993";"5958";"long tail";"0";"";""
"2 validada sem artigo";"Alimentação e peso";"vitamina d3 para que serve";"33100";"HIGH";"";"";"";"";"";"";"suplementos-volumes.json";"";"";"";"";"";"";"";"";"";"";"";"pilar";"993";"5958";"long tail";"2";"91500";"vitamina b12 para que serve (90500) | vitamina biotina para que serve (1000)"
"2 validada sem artigo";"Alimentação e peso";"vitamina k2 para que serve";"33100";"HIGH";"";"";"";"";"";"";"suplementos-volumes.json";"";"";"";"";"";"";"";"";"";"";"";"pilar";"993";"5958";"long tail";"2";"91500";"vitamina b12 para que serve (90500) | vitamina biotina para que serve (1000)"
"2 validada sem artigo";"Alimentação e peso";"vitamina b1";"33100";"HIGH";"";"";"";"";"";"";"suplementos-volumes.json";"";"";"";"";"";"";"";"";"";"";"";"pilar";"993";"5958";"media (2 palavras)";"66";"883280";"vitamina b12 (550000) | vitamina b12 para que serve (90500) | vitaminas para cabelo (60500) | vitamina d3 para que serve (33100) | vitamina para queda de cabelo (33100) | vitamina c no rosto (27100) | vitamina d baixa sintomas (12100) | vitaminas para o cabelo parar de cair (9900) | melhor vitamina para queda de cabelo (6600) | melhores vitaminas para queda de cabelo (6600)"
"2 validada sem artigo";"Saúde geral";"ácido fólico para que serve";"33100";"LOW";"";"";"";"";"";"SIM";"suplementos-volumes.json";"";"";"";"";"";"";"";"";"";"";"";"pilar";"993";"5958";"long tail";"1";"880";"ácido fólico serve para queda de cabelo (880)"
"2 validada sem artigo";"Saúde geral";"metilfolato para que serve";"33100";"HIGH";"";"";"";"";"";"";"suplementos-volumes.json";"";"";"";"";"";"";"";"";"";"";"";"pilar";"993";"5958";"long tail";"0";"";""
"2 validada sem artigo";"Saúde geral";"cobre";"33100";"LOW";"";"";"";"";"";"SIM";"suplementos-volumes.json";"";"";"";"";"";"";"";"";"";"";"";"pilar";"993";"5958";"cabeca";"3";"6260";"peptídeos de cobre (4400) | cobre para que serve (1600) | henna cobre cabelo branco (260)"
"2 validada sem artigo";"Saúde geral";"ginkgo biloba para que serve";"33100";"MEDIUM";"";"";"";"";"";"SIM";"suplementos-volumes.json";"";"";"";"";"";"";"";"";"";"";"";"pilar";"993";"5958";"long tail";"0";"";""
"2 validada sem artigo";"Saúde geral";"l teanina";"33100";"HIGH";"";"";"";"";"";"";"suplementos-volumes.json";"";"";"";"";"";"";"";"";"";"";"";"pilar";"993";"5958";"media (2 palavras)";"2";"10380";"l teanina para que serve (9900) | l teanina efeitos colaterais (480)"
"2 validada sem artigo";"Saúde geral";"gaba";"33100";"HIGH";"";"";"";"";"";"";"suplementos-volumes.json";"";"";"";"";"";"";"";"";"";"";"";"pilar";"993";"5958";"cabeca";"2";"10900";"gaba para que serve (9900) | gaba efeitos colaterais (1000)"
"2 validada sem artigo";"Digestão e fígado";"enzimas digestivas";"33100";"HIGH";"";"";"";"";"";"";"suplementos-volumes.json";"";"";"";"";"";"";"";"";"";"";"";"pilar";"993";"5958";"media (2 palavras)";"2";"4190";"enzimas digestivas para que serve (3600) | enzimas digestivas efeitos colaterais (590)"
"2 validada sem artigo";"Saúde geral";"lactase";"33100";"HIGH";"";"";"";"";"";"";"suplementos-volumes.json";"";"";"";"";"";"";"";"";"";"";"";"pilar";"993";"5958";"cabeca";"2";"2510";"lactase para que serve (2400) | lactase efeitos colaterais (110)"
"2 validada sem artigo";"Saúde geral";"arginina para que serve";"33100";"HIGH";"";"";"";"";"";"";"suplementos-volumes.json";"";"";"";"";"";"";"";"";"";"";"";"pilar";"993";"5958";"long tail";"0";"";""
"2 validada sem artigo";"Saúde geral";"cafeína";"33100";"HIGH";"";"";"";"";"";"";"suplementos-volumes.json";"";"";"";"";"";"";"";"";"";"";"";"pilar";"993";"5958";"cabeca";"5";"6960";"cafeína para que serve (5400) | cafeína emagrece (590) | cafeína efeitos colaterais (590) | cafeina para emagrecer (210) | cafeína para cabelo (170)"
"2 validada sem artigo";"Saúde geral";"spirulina para que serve";"33100";"HIGH";"";"";"";"";"";"";"suplementos-volumes.json";"";"";"";"";"";"";"";"";"";"";"";"pilar";"993";"5958";"long tail";"0";"";""
"2 validada sem artigo";"Cabelo";"vitamina para queda de cabelo";"33100";"HIGH";"";"";"";"";"";"";"queda-de-cabelo-ideias-hypd.json";"";"";"";"";"";"";"";"";"";"";"";"pilar";"993";"5958";"long tail";"27";"37490";"melhor vitamina para queda de cabelo (6600) | melhores vitaminas para queda de cabelo (6600) | vitaminas para queda de cabelo feminino (5400) | melhores vitaminas para queda de cabelo feminino (3600) | melhor vitamina para queda de cabelo feminino (3600) | queda de cabelo falta de qual vitamina (2400) | vitamina boa para queda de cabelo (1900) | vitamina capilar para queda de cabelo (720) | falta de vitamina d causa queda de cabelo (720) | vitamina d para queda de cabelo (590)"
"2 validada sem artigo";"Músculos e movimento";"o que é sarcopenia";"27100";"LOW";"";"";"";"";"";"SIM";"pauta antiga validada";"";"";"";"";"";"";"";"";"";"";"";"pilar";"813";"4878";"media (2 palavras)";"0";"";""
"2 validada sem artigo";"Coração e colesterol";"colesterol alto sintomas";"27100";"LOW";"";"";"";"sim";"";"";"pauta antiga validada";"";"";"";"";"";"";"";"";"";"";"";"pilar";"813";"4878";"long tail";"0";"";""
"2 validada sem artigo";"Alimentação e peso";"jantar";"27100";"LOW";"estável";"";"";"";"";"SIM";"validadas/alimentacao-peso.json";"";"";"";"";"";"";"";"";"";"";"";"pilar";"813";"4878";"cabeca";"9";"13300";"jantar saudavel (5400) | jantar saudável para emagrecer (1600) | opções de jantar saudável (1600) | jantar rápido e saudável (1600) | receitas saudáveis para jantar (720) | lanche saudável para substituir o jantar (720) | jantar leve e saudável (590) | jantar saudavel e gostoso (590) | jantar saudável e simples (480)"
"2 validada sem artigo";"Saúde geral";"carne seca";"27100";"HIGH";"estável";"";"";"";"";"";"validadas/alimentacao-peso.json";"";"";"";"";"";"";"";"";"";"";"";"pilar";"813";"4878";"media (2 palavras)";"4";"7880";"carne seca desfiada (5400) | carne seca desfiada swift (880) | carne seca vapza (880) | carne seca swift (720)"
"2 validada sem artigo";"Saúde geral";"chá para desinchar";"27100";"HIGH";"estável";"";"";"";"";"";"validadas/alimentacao-peso.json";"";"";"";"";"";"";"";"";"";"";"";"pilar";"813";"4878";"media (2 palavras)";"3";"20900";"chá para desinchar a barriga (12100) | chá para desinchar e emagrecer (4400) | chá para desinchar o corpo (4400)"
"2 validada sem artigo";"Saúde geral";"energetico";"27100";"HIGH";"estável";"";"";"";"";"";"validadas/alimentacao-peso.json";"";"";"";"";"";"";"";"";"";"";"";"pilar";"813";"4878";"cabeca";"2";"28000";"baly energético (18100) | energetico monster (9900)"
"2 validada sem artigo";"Saúde geral";"fruta do milagre";"27100";"LOW";"estável";"";"";"";"";"";"validadas/alimentacao-peso.json";"";"";"";"";"";"";"";"";"";"";"";"pilar";"813";"4878";"media (2 palavras)";"0";"";""
"2 validada sem artigo";"Saúde geral";"água mineral";"27100";"MEDIUM";"estável";"";"";"";"";"";"validadas/alimentacao-peso.json";"";"";"";"";"";"";"";"";"";"";"";"pilar";"813";"4878";"media (2 palavras)";"0";"";""
"2 validada sem artigo";"Saúde geral";"3 coraçoes";"27100";"HIGH";"estável";"";"";"";"";"";"validadas/alimentacao-peso.json";"";"";"";"";"";"";"";"";"";"";"";"pilar";"813";"4878";"media (2 palavras)";"6";"24570";"cappuccino tres corações (8100) | 3 corações gourmet (6600) | tres corações gourmet (6600) | drip coffee 3 corações (2400) | mercafe tres corações (480) | promoção 3 corações (390)"
"2 validada sem artigo";"Saúde geral";"fruta noni";"27100";"LOW";"estável";"";"";"";"";"";"validadas/alimentacao-peso.json";"";"";"";"";"";"";"";"";"";"";"";"pilar";"813";"4878";"media (2 palavras)";"0";"";""
"2 validada sem artigo";"Saúde geral";"chás para desinchar";"27100";"HIGH";"estável";"";"";"";"";"";"validadas/alimentacao-peso.json";"";"";"";"";"";"";"";"";"";"";"";"pilar";"813";"4878";"media (2 palavras)";"3";"20900";"chá para desinchar a barriga (12100) | chá para desinchar e emagrecer (4400) | chá para desinchar o corpo (4400)"
"2 validada sem artigo";"Saúde geral";"x salada";"27100";"LOW";"estável";"";"";"";"";"SIM";"validadas/alimentacao-peso.json";"";"";"";"";"";"";"";"";"";"";"";"pilar";"813";"4878";"media (2 palavras)";"1";"1000";"saladas saudáveis (1000)"
"2 validada sem artigo";"Saúde geral";"déficit calórico";"27100";"LOW";"caindo";"";"";"";"";"";"validadas/alimentacao-peso.json";"";"";"";"";"";"";"";"";"";"";"";"pilar";"813";"4878";"media (2 palavras)";"5";"9640";"calcular deficit calorico (3600) | calculo deficit calorico (3600) | déficit calórico como fazer (1300) | dieta de déficit calórico (880) | calcular meu deficit calorico (260)"
"2 validada sem artigo";"Saúde geral";"fiber mais";"27100";"HIGH";"estável";"";"";"";"";"";"validadas/alimentacao-peso.json";"";"";"";"";"";"";"";"";"";"";"";"pilar";"813";"4878";"media (2 palavras)";"9";"15220";"fiber mais nestle (8100) | fiber norm (2400) | fiber mais sachê (1600) | isosource soya fiber (1000) | fiber fibra (880) | fiber mais flora (480) | nutrison energy multi fiber (480) | isosource fiber (170) | fiber mais geleia (110)"
"2 validada sem artigo";"Alimentação e peso";"proteina de soja";"27100";"HIGH";"subindo";"";"";"";"";"";"validadas/alimentacao-peso.json";"";"";"";"";"";"";"";"";"";"";"";"pilar";"813";"4878";"media (2 palavras)";"2";"10780";"proteina isolada de soja (9900) | proteína de soja tabela nutricional (880)"
"2 validada sem artigo";"Saúde geral";"minoxidil oral";"27100";"HIGH";"subindo";"";"";"sim";"";"";"validadas/cabelo-arvore.json";"";"";"";"";"";"";"";"";"";"";"";"pilar";"813";"4878";"media (2 palavras)";"1";"720";"minoxidil oral efeitos colaterais (720)"
"2 validada sem artigo";"Cabelo";"minoxidil cabelo";"27100";"HIGH";"estável";"";"";"sim";"";"";"validadas/cabelo-expandido.json";"";"";"";"";"";"";"";"";"";"";"";"pilar";"813";"4878";"media (2 palavras)";"27";"16650";"minoxidil para cabelo feminino (2400) | minoxidil para queda de cabelo (1600) | minoxidil cresce cabelo (1600) | crescer cabelo minoxidil (1600) | minoxidil spray cabelo (1000) | minoxidil faz crescer cabelo (880) | minoxidil cabelo masculino (720) | minoxidil para queda de cabelo feminino (720) | minoxidil original para cabelo (720) | minoxidil faz nascer cabelo onde não tem (590)"
"2 validada sem artigo";"Saúde geral";"bigode chinês";"27100";"LOW";"";"";"";"";"";"SIM";"pele-volumes.json";"";"";"";"";"";"";"";"";"";"";"";"pilar";"813";"4878";"media (2 palavras)";"0";"";""
"2 validada sem artigo";"Saúde geral";"esfoliação facial";"27100";"HIGH";"";"";"";"";"";"";"pele-volumes.json";"";"";"";"";"";"";"";"";"";"";"";"pilar";"813";"4878";"media (2 palavras)";"0";"";""
"2 validada sem artigo";"Saúde geral";"gua sha";"27100";"HIGH";"";"";"";"";"";"";"pele-volumes.json";"";"";"";"";"";"";"";"";"";"";"";"pilar";"813";"4878";"media (2 palavras)";"0";"";""
"2 validada sem artigo";"Saúde geral";"água termal";"27100";"HIGH";"";"";"";"";"";"";"pele-volumes.json";"";"";"";"";"";"";"";"";"";"";"";"pilar";"813";"4878";"media (2 palavras)";"0";"";""
"2 validada sem artigo";"Alimentação e peso";"vitamina c no rosto";"27100";"HIGH";"";"";"";"";"";"";"pele-volumes.json";"";"";"";"";"";"";"";"";"";"";"";"pilar";"813";"4878";"long tail";"0";"";""
"2 validada sem artigo";"Saúde geral";"ácido azelaico";"27100";"HIGH";"";"";"";"";"";"";"pele-volumes.json";"";"";"";"";"";"";"";"";"";"";"";"pilar";"813";"4878";"media (2 palavras)";"0";"";""
"2 validada sem artigo";"Saúde geral";"dermaplaning";"27100";"MEDIUM";"";"";"";"";"";"SIM";"pele-volumes.json";"";"";"";"";"";"";"";"";"";"";"";"pilar";"813";"4878";"cabeca";"0";"";""
"2 validada sem artigo";"Saúde geral";"fadiga";"27100";"LOW";"";"";"";"";"";"SIM";"sono-volumes.json";"";"";"";"";"";"";"";"";"";"";"";"pilar";"813";"4878";"cabeca";"0";"";""
"2 validada sem artigo";"Alimentação e peso";"vitamina e para que serve";"27100";"MEDIUM";"";"";"";"";"";"SIM";"suplementos-volumes.json";"";"";"";"";"";"";"";"";"";"";"";"pilar";"813";"4878";"long tail";"3";"124600";"vitamina b12 para que serve (90500) | vitamina d3 para que serve (33100) | vitamina biotina para que serve (1000)"
"2 validada sem artigo";"Saúde geral";"selênio";"27100";"HIGH";"";"";"";"";"";"";"suplementos-volumes.json";"";"";"";"";"";"";"";"";"";"";"";"pilar";"813";"4878";"cabeca";"3";"6200";"selênio para que serve (5400) | selênio efeitos colaterais (480) | selênio para cabelo (320)"
"2 validada sem artigo";"Saúde geral";"ashwagandha para que serve";"27100";"HIGH";"";"";"";"";"";"";"suplementos-volumes.json";"";"";"";"";"";"";"";"";"";"";"";"pilar";"813";"4878";"long tail";"0";"";""
"2 validada sem artigo";"Saúde geral";"5 htp";"27100";"HIGH";"";"";"";"";"";"";"suplementos-volumes.json";"";"";"";"";"";"";"";"";"";"";"";"pilar";"813";"4878";"media (2 palavras)";"2";"12980";"5 htp para que serve (12100) | 5 htp efeitos colaterais (880)"
"2 validada sem artigo";"Saúde geral";"triptofano para que serve";"27100";"HIGH";"";"";"";"";"";"";"suplementos-volumes.json";"";"";"";"";"";"";"";"";"";"";"";"pilar";"813";"4878";"long tail";"0";"";""
"2 validada sem artigo";"Saúde geral";"valeriana para que serve";"27100";"LOW";"";"";"";"";"";"SIM";"suplementos-volumes.json";"";"";"";"";"";"";"";"";"";"";"";"pilar";"813";"4878";"long tail";"0";"";""
"2 validada sem artigo";"Saúde geral";"glutationa";"27100";"HIGH";"";"";"";"";"";"";"suplementos-volumes.json";"";"";"";"";"";"";"";"";"";"";"";"pilar";"813";"4878";"cabeca";"2";"10160";"glutationa para que serve (9900) | glutationa efeitos colaterais (260)"
"2 validada sem artigo";"Saúde geral";"hmb";"27100";"HIGH";"";"";"";"";"";"";"suplementos-volumes.json";"";"";"";"";"";"";"";"";"";"";"";"pilar";"813";"4878";"cabeca";"2";"15800";"hmb para que serve (14800) | hmb efeitos colaterais (1000)"
"2 validada sem artigo";"Saúde geral";"chlorella";"27100";"HIGH";"";"";"";"";"";"";"suplementos-volumes.json";"";"";"";"";"";"";"";"";"";"";"";"pilar";"813";"4878";"cabeca";"2";"6740";"chlorella para que serve (6600) | chlorella efeitos colaterais (140)"
"2 validada sem artigo";"Saúde geral";"silimarina para que serve";"27100";"MEDIUM";"";"";"";"";"";"SIM";"suplementos-volumes.json";"";"";"";"";"";"";"";"";"";"";"";"pilar";"813";"4878";"long tail";"0";"";""
"2 validada sem artigo";"Saúde geral";"complexo b para que serve";"27100";"HIGH";"";"";"";"";"";"";"suplementos-volumes.json";"";"";"";"";"";"";"";"";"";"";"";"pilar";"813";"4878";"long tail";"0";"";""
"2 validada sem artigo";"Saúde geral";"dhea";"27100";"LOW";"";"";"";"";"";"SIM";"suplementos-volumes.json";"";"";"";"";"";"";"";"";"";"";"";"pilar";"813";"4878";"cabeca";"2";"5570";"dhea para que serve (5400) | dhea efeitos colaterais (170)"
"2 validada sem artigo";"Hormônios e tireoide";"reposição hormonal";"22200";"LOW";"";"";"";"sim";"";"";"pauta antiga validada";"";"";"";"";"";"";"";"";"";"";"";"pilar";"666";"3996";"media (2 palavras)";"0";"";""
"2 validada sem artigo";"Alimentação e peso";"café da manhã saudável";"22200";"LOW";"caindo";"";"";"";"";"";"pauta antiga validada";"";"";"";"";"";"";"";"";"";"";"";"pilar";"666";"3996";"long tail";"0";"";""
"2 validada sem artigo";"Saúde geral";"compulsão alimentar";"22200";"LOW";"estável";"";"";"";"";"SIM";"validadas/alimentacao-peso.json";"";"";"";"";"";"";"";"";"";"";"";"pilar";"666";"3996";"media (2 palavras)";"4";"1970";"compulsao alimentar o que é (1000) | tratamento compulsão alimentar (590) | compulsao alimentar tem cura (210) | compulsao alimentar infantil (170)"
"2 validada sem artigo";"Saúde geral";"alimentação compulsiva";"22200";"LOW";"estável";"";"";"";"";"SIM";"validadas/alimentacao-peso.json";"";"";"";"";"";"";"";"";"";"";"";"pilar";"666";"3996";"media (2 palavras)";"0";"";""
"2 validada sem artigo";"Saúde geral";"compulsoes alimentares";"22200";"LOW";"estável";"";"";"";"";"SIM";"validadas/alimentacao-peso.json";"";"";"";"";"";"";"";"";"";"";"";"pilar";"666";"3996";"media (2 palavras)";"0";"";""
"2 validada sem artigo";"Alimentação e peso";"compulsão por alimentos";"22200";"LOW";"estável";"";"";"";"";"SIM";"validadas/alimentacao-peso.json";"";"";"";"";"";"";"";"";"";"";"";"pilar";"666";"3996";"long tail";"0";"";""
"2 validada sem artigo";"Saúde geral";"compulsãoalimentar";"22200";"LOW";"estável";"";"";"";"";"SIM";"validadas/alimentacao-peso.json";"";"";"";"";"";"";"";"";"";"";"";"pilar";"666";"3996";"cabeca";"0";"";""
"2 validada sem artigo";"Saúde geral";"tabela nutricional";"22200";"LOW";"caindo";"";"";"";"";"";"validadas/alimentacao-peso.json";"";"";"";"";"";"";"";"";"";"";"";"pilar";"666";"3996";"media (2 palavras)";"16";"13880";"aveia tabela nutricional (2900) | tabela nutricional dos alimentos (1900) | taco tabela nutricional (1600) | tabela nutricional coca cola (1600) | tabela nutricional online (1300) | proteína de soja tabela nutricional (880) | psyllium tabela nutricional (590) | glucerna tabela nutricional (590) | ensure tabela nutricional (480) | isosource 1.5 tabela nutricional (390)"
"2 validada sem artigo";"Alimentação e peso";"remedio para emagrecer rapido";"22200";"HIGH";"caindo";"";"";"";"";"";"validadas/alimentacao-peso.json";"";"";"";"";"";"";"";"";"";"";"";"pilar";"666";"3996";"long tail";"2";"1070";"melhor remedio para emagrecer rapido (590) | remedio que emagrecer rapido (480)"
"2 validada sem artigo";"Saúde geral";"vermute";"22200";"HIGH";"estável";"";"";"";"";"";"validadas/alimentacao-peso.json";"";"";"";"";"";"";"";"";"";"";"";"pilar";"666";"3996";"cabeca";"0";"";""
"2 validada sem artigo";"Saúde geral";"ice smirnoff";"22200";"HIGH";"estável";"";"";"";"";"";"validadas/alimentacao-peso.json";"";"";"";"";"";"";"";"";"";"";"";"pilar";"666";"3996";"media (2 palavras)";"0";"";""
"2 validada sem artigo";"Saúde geral";"fruta jambo";"22200";"LOW";"caindo";"";"";"";"";"";"validadas/alimentacao-peso.json";"";"";"";"";"";"";"";"";"";"";"";"pilar";"666";"3996";"media (2 palavras)";"0";"";""
"2 validada sem artigo";"Saúde geral";"frutas liofilizadas";"22200";"HIGH";"estável";"";"";"";"";"";"validadas/alimentacao-peso.json";"";"";"";"";"";"";"";"";"";"";"";"pilar";"666";"3996";"media (2 palavras)";"0";"";""
"2 validada sem artigo";"Saúde geral";"cupim carne";"22200";"LOW";"estável";"";"";"";"";"SIM";"validadas/alimentacao-peso.json";"";"";"";"";"";"";"";"";"";"";"";"pilar";"666";"3996";"media (2 palavras)";"0";"";""
"2 validada sem artigo";"Saúde geral";"laranja bahia";"22200";"LOW";"estável";"";"";"";"";"";"validadas/alimentacao-peso.json";"";"";"";"";"";"";"";"";"";"";"";"pilar";"666";"3996";"media (2 palavras)";"0";"";""
"2 validada sem artigo";"Alimentação e peso";"peso ideal";"22200";"LOW";"caindo";"";"";"";"";"";"validadas/alimentacao-peso.json";"";"";"";"";"";"";"";"";"";"";"";"pilar";"666";"3996";"media (2 palavras)";"4";"25920";"calcular peso ideal (12100) | peso ideal por altura (9900) | peso ideal para cada altura (3600) | peso ideal para cada idade (320)"
"2 validada sem artigo";"Alimentação e peso";"metabolismo";"22200";"LOW";"estável";"";"";"";"";"SIM";"validadas/alimentacao-peso.json";"";"";"";"";"";"";"";"";"";"";"";"pilar";"666";"3996";"cabeca";"13";"29180";"como acelerar o metabolismo (9900) | metabolismo basal (6600) | metabolismo lento (2900) | cálculo metabolismo basal (2900) | taxa de metabolismo basal (2400) | chá para acelerar o metabolismo (1900) | calcular taxa de metabolismo basal (720) | suplemento para acelerar o metabolismo (590) | metabolismo baixo (320) | suplemento para acelerar o metabolismo e queimar gordura (320)"
"2 validada sem artigo";"Alimentação e peso";"dietas";"22200";"LOW";"caindo";"";"";"";"";"";"validadas/alimentacao-peso.json";"";"";"";"";"";"";"";"";"";"";"";"pilar";"666";"3996";"cabeca";"156";"381390";"dieta cetogênica (90500) | dieta para emagrecer (40500) | dieta para emagrecimento (40500) | dieta low carb (18100) | dieta do ovo (18100) | dieta cetogênica cardapio (12100) | dieta para perder barriga (8100) | dieta dash (8100) | dieta para emagrecer rapido (6600) | dieta para ganhar massa muscular (5400)"
"2 validada sem artigo";"Saúde geral";"gorduras";"22200";"LOW";"estável";"";"";"";"";"SIM";"validadas/alimentacao-peso.json";"";"";"";"";"";"";"";"";"";"";"";"pilar";"666";"3996";"cabeca";"92";"213550";"gordura no fígado (90500) | gordura visceral (40500) | gordura vegetal (12100) | gordura abdominal como perder (9900) | gordura visceral como eliminar (4400) | gordura visceral como perder (4400) | gordura abdominal (3600) | gordura na barriga como perder (3600) | gordura visceral ideal (2900) | melhor inibidor de apetite e queimador de gordura (2900)"
"2 validada sem artigo";"Saúde geral";"body protein equaliv";"22200";"HIGH";"estável";"";"";"";"";"";"validadas/alimentacao-peso.json";"";"";"";"";"";"";"";"";"";"";"";"pilar";"666";"3996";"long tail";"1";"590";"equaliv body protein cacau (590)"
"2 validada sem artigo";"Saúde geral";"carnibol";"22200";"HIGH";"estável";"";"";"";"";"";"validadas/alimentacao-peso.json";"";"";"";"";"";"";"";"";"";"";"";"pilar";"666";"3996";"cabeca";"3";"8530";"carnibol darkness (8100) | carnibol integralmedica (260) | carnibol 1 8kg (170)"
"2 validada sem artigo";"Saúde geral";"comidas saudaveis";"22200";"MEDIUM";"caindo";"";"";"";"";"";"validadas/alimentacao-peso.json";"";"";"";"";"";"";"";"";"";"";"";"pilar";"666";"3996";"media (2 palavras)";"6";"2880";"comidas saudaveis congeladas (1300) | comidas saudaveis receitas (590) | comidas rapidas e saudaveis (320) | comidas saudaveis para crianças (320) | comidas saudaveis para almoço (210) | receitas de comidas saudáveis para emagrecer (140)"
"2 validada sem artigo";"Saúde geral";"açucar demerara";"22200";"HIGH";"estável";"";"";"";"";"";"validadas/alimentacao-peso.json";"";"";"";"";"";"";"";"";"";"";"";"pilar";"666";"3996";"media (2 palavras)";"0";"";""
"2 validada sem artigo";"Saúde geral";"comer saudavel";"22200";"MEDIUM";"caindo";"";"";"";"";"";"validadas/alimentacao-peso.json";"";"";"";"";"";"";"";"";"";"";"";"pilar";"666";"3996";"media (2 palavras)";"0";"";""
"2 validada sem artigo";"Cabelo";"transplante capilar";"22200";"MEDIUM";"estável";"";"";"";"";"SIM";"validadas/cabelo-arvore.json";"";"";"";"";"";"";"";"";"";"";"";"pilar";"666";"3996";"media (2 palavras)";"1";"110";"transplante capilar resultados (110)"
"2 validada sem artigo";"Cabelo";"cabelo grisalho";"22200";"MEDIUM";"caindo";"";"";"";"";"";"validadas/cabelo-expandido.json";"";"";"";"";"";"";"";"";"";"";"";"pilar";"666";"3996";"media (2 palavras)";"5";"7350";"cabelo grisalho masculino (3600) | cabelo grisalho feminino (2900) | grecin cabelos grisalhos (390) | bio extratus cabelos grisalhos (320) | tratamento para cabelos grisalhos (140)"
"2 validada sem artigo";"Cabelo";"biotina para cabelo";"22200";"HIGH";"subindo";"";"";"";"";"";"validadas/cabelo-expandido.json";"";"";"";"";"";"";"";"";"";"";"";"pilar";"666";"3996";"media (2 palavras)";"16";"13190";"biotina cabelo antes e depois (4400) | biotina para queda de cabelo (1900) | biotina é bom para queda de cabelo (1000) | biotina cresce cabelo (880) | melhor biotina para cabelo (880) | biotina engrossa o cabelo (720) | vitamina biotina para cabelo (720) | biotina faz o cabelo crescer (720) | biotina cabelos e unhas (320) | biotina ajuda na queda de cabelo (320)"
"2 validada sem artigo";"Saúde geral";"minoxidil para que serve";"22200";"HIGH";"estável";"";"";"sim";"";"";"validadas/cabelo-expandido.json";"";"";"";"";"";"";"";"";"";"";"";"pilar";"666";"3996";"long tail";"2";"650";"minoxidil comprimido para que serve (480) | minoxidil serve para calvície (170)"
"2 validada sem artigo";"Cabelo";"cabelos grisalhos";"22200";"MEDIUM";"caindo";"";"";"";"";"";"validadas/cabelo-expandido.json";"";"";"";"";"";"";"";"";"";"";"";"pilar";"666";"3996";"media (2 palavras)";"5";"7350";"cabelo grisalho masculino (3600) | cabelo grisalho feminino (2900) | grecin cabelos grisalhos (390) | bio extratus cabelos grisalhos (320) | tratamento para cabelos grisalhos (140)"
"2 validada sem artigo";"Cabelo";"queda de cabelos";"22200";"HIGH";"estável";"";"";"";"";"";"validadas/cabelo-expandido.json";"";"";"";"";"";"";"";"";"";"";"";"pilar";"666";"3996";"media (2 palavras)";"166";"182760";"vitamina para queda de cabelo (33100) | oque e bom para queda de cabelo (12100) | queda de cabelo o que pode ser (8100) | queda de cabelo causas (7200) | melhor vitamina para queda de cabelo (6600) | melhores vitaminas para queda de cabelo (6600) | melhor shampoo para queda de cabelo (5400) | vitaminas para queda de cabelo feminino (5400) | tônico para queda de cabelo (3600) | suplemento para queda de cabelo (3600)"
"2 validada sem artigo";"Cabelo";"biotina para os cabelos";"22200";"HIGH";"subindo";"";"";"";"";"";"validadas/cabelo-expandido.json";"";"";"";"";"";"";"";"";"";"";"";"pilar";"666";"3996";"media (2 palavras)";"16";"13190";"biotina cabelo antes e depois (4400) | biotina para queda de cabelo (1900) | biotina é bom para queda de cabelo (1000) | biotina cresce cabelo (880) | melhor biotina para cabelo (880) | biotina engrossa o cabelo (720) | vitamina biotina para cabelo (720) | biotina faz o cabelo crescer (720) | biotina cabelos e unhas (320) | biotina ajuda na queda de cabelo (320)"
"2 validada sem artigo";"Cabelo";"óleo de coco para cabelo";"22200";"HIGH";"estável";"";"";"";"";"";"validadas/cabelo.json";"";"";"";"";"";"";"";"";"";"";"";"pilar";"666";"3996";"long tail";"0";"";""
"2 validada sem artigo";"Saúde geral";"pé de atleta";"22200";"LOW";"";"";"";"";"";"SIM";"pele-volumes.json";"";"";"";"";"";"";"";"";"";"";"";"pilar";"666";"3996";"media (2 palavras)";"0";"";""
"2 validada sem artigo";"Saúde geral";"olheiras";"22200";"HIGH";"";"";"";"";"";"";"pele-volumes.json";"";"";"";"";"";"";"";"";"";"";"";"pilar";"666";"3996";"cabeca";"3";"19300";"preenchimento de olheiras (14800) | olheiras profundas (2900) | olheiras roxas (1600)"
"2 validada sem artigo";"Saúde geral";"ácido lático";"22200";"MEDIUM";"";"";"";"";"";"SIM";"pele-volumes.json";"";"";"";"";"";"";"";"";"";"";"";"pilar";"666";"3996";"media (2 palavras)";"0";"";""
"2 validada sem artigo";"Saúde geral";"óleo de rosa mosqueta";"22200";"HIGH";"";"";"";"";"";"";"pele-volumes.json";"";"";"";"";"";"";"";"";"";"";"";"pilar";"666";"3996";"long tail";"0";"";""
"2 validada sem artigo";"Saúde geral";"peeling de fenol";"22200";"LOW";"";"";"";"";"";"";"pele-volumes.json";"";"";"";"";"";"";"";"";"";"";"";"pilar";"666";"3996";"media (2 palavras)";"0";"";""
"2 validada sem artigo";"Pele";"colágeno hidrolisado";"22200";"HIGH";"";"";"";"";"";"";"pele-volumes.json";"";"";"";"";"";"";"";"";"";"";"";"pilar";"666";"3996";"media (2 palavras)";"1";"9900";"colágeno hidrolisado para que serve (9900)"
"2 validada sem artigo";"Saúde geral";"astaxantina";"22200";"HIGH";"";"";"";"";"";"";"pele-volumes.json";"";"";"";"";"";"";"";"";"";"";"";"pilar";"666";"3996";"cabeca";"2";"10490";"astaxantina para que serve (9900) | astaxantina efeitos colaterais (590)"
"2 validada sem artigo";"Saúde geral";"tricotilomania";"22200";"LOW";"";"";"";"";"";"SIM";"pele-volumes.json";"";"";"";"";"";"";"";"";"";"";"";"pilar";"666";"3996";"cabeca";"0";"";""
"2 validada sem artigo";"Pele";"protetor solar em spray";"22200";"HIGH";"";"";"";"";"";"";"pele-volumes.json";"";"";"";"";"";"";"";"";"";"";"";"pilar";"666";"3996";"long tail";"0";"";""
"2 validada sem artigo";"Sono";"como dormir rápido";"22200";"LOW";"";"";"";"";"";"SIM";"sono-volumes.json";"";"";"";"";"";"";"";"";"";"";"";"pilar";"666";"3996";"long tail";"0";"";""
"2 validada sem artigo";"Saúde geral";"metilcobalamina para que serve";"22200";"MEDIUM";"";"";"";"";"";"SIM";"suplementos-volumes.json";"";"";"";"";"";"";"";"";"";"";"";"pilar";"666";"3996";"long tail";"0";"";""
"2 validada sem artigo";"Alimentação e peso";"vitamina b6 para que serve";"22200";"MEDIUM";"";"";"";"";"";"SIM";"suplementos-volumes.json";"";"";"";"";"";"";"";"";"";"";"";"pilar";"666";"3996";"long tail";"2";"91500";"vitamina b12 para que serve (90500) | vitamina biotina para que serve (1000)"
"2 validada sem artigo";"Saúde geral";"curcumina";"22200";"HIGH";"";"";"";"";"";"";"suplementos-volumes.json";"";"";"";"";"";"";"";"";"";"";"";"pilar";"666";"3996";"cabeca";"2";"930";"curcumina para que serve (720) | curcumina efeitos colaterais (210)"
"2 validada sem artigo";"Saúde geral";"glicina para que serve";"22200";"HIGH";"";"";"";"";"";"";"suplementos-volumes.json";"";"";"";"";"";"";"";"";"";"";"";"pilar";"666";"3996";"long tail";"0";"";""
"2 validada sem artigo";"Saúde geral";"citrulina";"22200";"HIGH";"";"";"";"";"";"";"suplementos-volumes.json";"";"";"";"";"";"";"";"";"";"";"";"pilar";"666";"3996";"cabeca";"2";"4540";"citrulina para que serve (4400) | citrulina efeitos colaterais (140)"
"2 validada sem artigo";"Saúde geral";"mio inositol";"22200";"HIGH";"";"";"";"";"";"";"suplementos-volumes.json";"";"";"";"";"";"";"";"";"";"";"";"pilar";"666";"3996";"media (2 palavras)";"2";"4660";"mio inositol para que serve (4400) | mio inositol efeitos colaterais (260)"
"2 validada sem artigo";"Coração e colesterol";"pressão 14 por 9";"18100";"LOW";"";"";"";"sim";"";"";"pauta antiga validada";"";"";"";"";"";"";"";"";"";"";"";"pilar";"543";"3258";"long tail";"2";"26900";"chá para pressão alta (14800) | pressão alta o que fazer (12100)"
"2 validada sem artigo";"Idosos e longevidade";"longevidade";"18100";"MEDIUM";"";"";"";"";"";"SIM";"pauta antiga validada";"";"";"";"";"";"";"";"";"";"";"";"pilar";"543";"3258";"cabeca";"0";"";""
"2 validada sem artigo";"Saúde geral";"fome";"18100";"LOW";"estável";"";"";"";"";"SIM";"validadas/alimentacao-peso.json";"";"";"";"";"";"";"";"";"";"";"";"pilar";"543";"3258";"cabeca";"24";"19210";"fome zero (5400) | chá que tira a fome e emagrece (2900) | geografia da fome (2400) | fome emocional (1000) | fome no mundo (1000) | fome zero e agricultura sustentável (880) | com fome (880) | ansiedade da fome (590) | geografia da fome josué de castro (590) | suplemento para tirar a fome (590)"
"2 validada sem artigo";"Saúde geral";"marmitas congeladas";"18100";"HIGH";"estável";"";"";"";"";"";"validadas/alimentacao-peso.json";"";"";"";"";"";"";"";"";"";"";"";"pilar";"543";"3258";"media (2 palavras)";"5";"5370";"marmita fit congelada (3600) | marmitas prontas congeladas (880) | marmitas saudaveis congeladas (390) | marmita saudavel congelada (390) | marmitas congeladas para semana (110)"
"2 validada sem artigo";"Saúde geral";"marmita congelada";"18100";"HIGH";"estável";"";"";"";"";"";"validadas/alimentacao-peso.json";"";"";"";"";"";"";"";"";"";"";"";"pilar";"543";"3258";"media (2 palavras)";"5";"5370";"marmita fit congelada (3600) | marmitas prontas congeladas (880) | marmitas saudaveis congeladas (390) | marmita saudavel congelada (390) | marmitas congeladas para semana (110)"
"2 validada sem artigo";"Saúde geral";"taxa metabolica basal";"18100";"LOW";"caindo";"";"";"";"";"";"validadas/alimentacao-peso.json";"";"";"";"";"";"";"";"";"";"";"";"pilar";"543";"3258";"long tail";"2";"4320";"calcular taxa metabólica basal (3600) | taxa metabólica basal emagrecer (720)"
"2 validada sem artigo";"Saúde geral";"chá twinings";"18100";"HIGH";"subindo";"";"";"";"";"";"validadas/alimentacao-peso.json";"";"";"";"";"";"";"";"";"";"";"";"pilar";"543";"3258";"media (2 palavras)";"0";"";""
"2 validada sem artigo";"Saúde geral";"barra de cereal";"18100";"HIGH";"estável";"";"";"";"";"";"validadas/alimentacao-peso.json";"";"";"";"";"";"";"";"";"";"";"";"pilar";"543";"3258";"media (2 palavras)";"3";"7890";"barra de cereal nutry (5400) | barra de cereal ritter (1900) | barra de cereal joy (590)"
"2 validada sem artigo";"Saúde geral";"castanha portuguesa";"18100";"MEDIUM";"estável";"";"";"";"";"SIM";"validadas/alimentacao-peso.json";"";"";"";"";"";"";"";"";"";"";"";"pilar";"543";"3258";"media (2 palavras)";"0";"";""
"2 validada sem artigo";"Saúde geral";"pitaya vermelha";"18100";"HIGH";"estável";"";"";"";"";"";"validadas/alimentacao-peso.json";"";"";"";"";"";"";"";"";"";"";"";"pilar";"543";"3258";"media (2 palavras)";"0";"";""
"2 validada sem artigo";"Saúde geral";"cachaça 51";"18100";"HIGH";"estável";"";"";"";"";"";"validadas/alimentacao-peso.json";"";"";"";"";"";"";"";"";"";"";"";"pilar";"543";"3258";"media (2 palavras)";"5";"39790";"cachaça bananinha (14800) | cachaça de jambu (12100) | cachaça cabare (9900) | cachaça dom tapparo (2400) | melhores cachaças (590)"
"2 validada sem artigo";"Saúde geral";"camucamu";"18100";"HIGH";"estável";"";"";"";"";"";"validadas/alimentacao-peso.json";"";"";"";"";"";"";"";"";"";"";"";"pilar";"543";"3258";"cabeca";"0";"";""
"2 validada sem artigo";"Saúde geral";"drink sem alcool";"18100";"MEDIUM";"estável";"";"";"";"";"SIM";"validadas/alimentacao-peso.json";"";"";"";"";"";"";"";"";"";"";"";"pilar";"543";"3258";"long tail";"0";"";""
"2 validada sem artigo";"Saúde geral";"fontes de agua";"18100";"HIGH";"estável";"";"";"";"";"";"validadas/alimentacao-peso.json";"";"";"";"";"";"";"";"";"";"";"";"pilar";"543";"3258";"media (2 palavras)";"0";"";""
"2 validada sem artigo";"Saúde geral";"bebidas destiladas";"18100";"MEDIUM";"caindo";"";"";"";"";"";"validadas/alimentacao-peso.json";"";"";"";"";"";"";"";"";"";"";"";"pilar";"543";"3258";"media (2 palavras)";"0";"";""
"2 validada sem artigo";"Saúde geral";"carne bovina";"18100";"LOW";"estável";"";"";"";"";"SIM";"validadas/alimentacao-peso.json";"";"";"";"";"";"";"";"";"";"";"";"pilar";"543";"3258";"media (2 palavras)";"0";"";""
"2 validada sem artigo";"Saúde geral";"51 ice";"18100";"MEDIUM";"estável";"";"";"";"";"";"validadas/alimentacao-peso.json";"";"";"";"";"";"";"";"";"";"";"";"pilar";"543";"3258";"media (2 palavras)";"4";"75190";"ice bebida (40500) | ice smirnoff (22200) | cabare ice (12100) | cicatrizes ice pick (390)"
"2 validada sem artigo";"Saúde geral";"baly energético";"18100";"HIGH";"subindo";"";"";"";"";"";"validadas/alimentacao-peso.json";"";"";"";"";"";"";"";"";"";"";"";"pilar";"543";"3258";"media (2 palavras)";"0";"";""
"2 validada sem artigo";"Saúde geral";"fruta pinha";"18100";"LOW";"estável";"";"";"";"";"";"validadas/alimentacao-peso.json";"";"";"";"";"";"";"";"";"";"";"";"pilar";"543";"3258";"media (2 palavras)";"0";"";""
"2 validada sem artigo";"Alimentação e peso";"dieta low carb";"18100";"MEDIUM";"caindo";"";"";"";"";"";"validadas/alimentacao-peso.json";"";"";"";"";"";"";"";"";"";"";"";"pilar";"543";"3258";"long tail";"5";"3560";"dieta low carb cardápio (1600) | dieta low carb cardápio 7 dias (720) | dieta low carb cardápio simples e barato (590) | dieta low carb como fazer (390) | dieta low carb para emagrecer 10kg em 1 mês (260)"
"2 validada sem artigo";"Alimentação e peso";"dieta do ovo";"18100";"LOW";"caindo";"";"";"";"";"";"validadas/alimentacao-peso.json";"";"";"";"";"";"";"";"";"";"";"";"pilar";"543";"3258";"media (2 palavras)";"2";"5800";"dieta do ovo 7kg em 7 dias (2900) | dieta do ovo cozido (2900)"
"2 validada sem artigo";"Saúde geral";"açucar refinado";"18100";"MEDIUM";"estável";"";"";"";"";"";"validadas/alimentacao-peso.json";"";"";"";"";"";"";"";"";"";"";"";"pilar";"543";"3258";"media (2 palavras)";"0";"";""
"2 validada sem artigo";"Saúde geral";"açucar de confeiteiro";"18100";"HIGH";"estável";"";"";"";"";"";"validadas/alimentacao-peso.json";"";"";"";"";"";"";"";"";"";"";"";"pilar";"543";"3258";"media (2 palavras)";"0";"";""
"2 validada sem artigo";"Saúde geral";"arroz tem gluten";"18100";"LOW";"estável";"";"";"";"";"SIM";"validadas/alimentacao-peso.json";"";"";"";"";"";"";"";"";"";"";"";"pilar";"543";"3258";"long tail";"2";"1040";"arroz integral tem gluten (720) | arroz e feijão tem gluten (320)"
"2 validada sem artigo";"Cabelo";"cabelo poroso";"18100";"MEDIUM";"estável";"";"";"";"";"SIM";"validadas/cabelo-arvore.json";"";"";"";"";"";"";"";"";"";"";"";"pilar";"543";"3258";"media (2 palavras)";"0";"";""
"2 validada sem artigo";"Saúde geral";"minoxidil barba";"18100";"HIGH";"estável";"";"";"sim";"";"";"validadas/cabelo-arvore.json";"";"";"";"";"";"";"";"";"";"";"";"pilar";"543";"3258";"media (2 palavras)";"2";"620";"minoxidil barba kirkland (480) | minoxidil cabelo e barba (140)"
"2 validada sem artigo";"Cabelo";"psoríase no couro cabeludo";"18100";"LOW";"subindo";"";"";"";"";"SIM";"validadas/cabelo-expandido.json";"";"";"";"";"";"";"";"";"";"";"";"pilar";"543";"3258";"long tail";"1";"590";"psoríase couro cabeludo fotos (590)"
"2 validada sem artigo";"Cabelo";"calvície";"18100";"LOW";"subindo";"";"";"";"";"SIM";"validadas/cabelo-expandido.json";"";"";"";"";"";"";"";"";"";"";"";"pilar";"543";"3258";"cabeca";"17";"7780";"tratamento para calvície (1900) | calvície masculina (1300) | tipos de calvície (880) | tratamento calvície masculina (720) | minoxidil para calvície (390) | calvicie feminina (320) | calvície precoce (320) | calvície na adolescência (260) | tratamento calvície feminina (260) | calvície feminina frontal (260)"
"2 validada sem artigo";"Saúde geral";"massagem facial";"18100";"HIGH";"";"";"";"";"";"";"pele-volumes.json";"";"";"";"";"";"";"";"";"";"";"";"pilar";"543";"3258";"media (2 palavras)";"0";"";""
"2 validada sem artigo";"Saúde geral";"toalha de rosto";"18100";"HIGH";"";"";"";"";"";"";"pele-volumes.json";"";"";"";"";"";"";"";"";"";"";"";"pilar";"543";"3258";"media (2 palavras)";"0";"";""
"2 validada sem artigo";"Saúde geral";"radiesse";"18100";"HIGH";"";"";"";"";"";"";"pele-volumes.json";"";"";"";"";"";"";"";"";"";"";"";"pilar";"543";"3258";"cabeca";"0";"";""
"2 validada sem artigo";"Saúde geral";"laser lavieen";"18100";"LOW";"";"";"";"";"";"SIM";"pele-volumes.json";"";"";"";"";"";"";"";"";"";"";"";"pilar";"543";"3258";"media (2 palavras)";"0";"";""
"2 validada sem artigo";"Saúde geral";"crioterapia";"18100";"LOW";"";"";"";"";"";"SIM";"pele-volumes.json";"";"";"";"";"";"";"";"";"";"";"";"pilar";"543";"3258";"cabeca";"0";"";""
"2 validada sem artigo";"Saúde geral";"óxido de zinco";"18100";"MEDIUM";"";"";"";"";"";"SIM";"pele-volumes.json";"";"";"";"";"";"";"";"";"";"";"";"pilar";"543";"3258";"media (2 palavras)";"0";"";""
"2 validada sem artigo";"Sono";"sono rem";"18100";"LOW";"";"";"";"";"";"SIM";"sono-volumes.json";"";"";"";"";"";"";"";"";"";"";"";"pilar";"543";"3258";"media (2 palavras)";"0";"";""
"2 validada sem artigo";"Saúde geral";"quercetina";"18100";"HIGH";"";"";"";"";"";"";"suplementos-volumes.json";"";"";"";"";"";"";"";"";"";"";"";"pilar";"543";"3258";"cabeca";"2";"12820";"quercetina para que serve (12100) | quercetina efeitos colaterais (720)"
"2 validada sem artigo";"Saúde geral";"cordyceps";"18100";"MEDIUM";"";"";"";"";"";"SIM";"suplementos-volumes.json";"";"";"";"";"";"";"";"";"";"";"";"pilar";"543";"3258";"cabeca";"1";"720";"cordyceps para que serve (720)"
"2 validada sem artigo";"Saúde geral";"prebióticos";"18100";"HIGH";"";"";"";"";"";"";"suplementos-volumes.json";"";"";"";"";"";"";"";"";"";"";"";"pilar";"543";"3258";"cabeca";"1";"880";"prebióticos para que serve (880)"
"2 validada sem artigo";"Saúde geral";"bcaa para que serve";"18100";"HIGH";"";"";"";"";"";"";"suplementos-volumes.json";"";"";"";"";"";"";"";"";"";"";"";"pilar";"543";"3258";"long tail";"0";"";""
"2 validada sem artigo";"Saúde geral";"geleia real";"18100";"HIGH";"";"";"";"";"";"";"suplementos-volumes.json";"";"";"";"";"";"";"";"";"";"";"";"pilar";"543";"3258";"media (2 palavras)";"1";"2400";"geleia real para que serve (2400)"
"2 validada sem artigo";"Saúde geral";"cranberry para que serve";"18100";"HIGH";"";"";"";"";"";"";"suplementos-volumes.json";"";"";"";"";"";"";"";"";"";"";"";"pilar";"543";"3258";"long tail";"0";"";""
"2 validada sem artigo";"Saúde geral";"same";"18100";"LOW";"";"";"";"";"";"SIM";"suplementos-volumes.json";"";"";"";"";"";"";"";"";"";"";"";"pilar";"543";"3258";"cabeca";"2";"3010";"same para que serve (2900) | same efeitos colaterais (110)"
"2 validada sem artigo";"Saúde geral";"pycnogenol para que serve";"18100";"HIGH";"";"";"";"";"";"";"suplementos-volumes.json";"";"";"";"";"";"";"";"";"";"";"";"pilar";"543";"3258";"long tail";"0";"";""
"2 validada sem artigo";"Saúde geral";"zma";"18100";"HIGH";"";"";"";"";"";"";"suplementos-volumes.json";"";"";"";"";"";"";"";"";"";"";"";"pilar";"543";"3258";"cabeca";"2";"8360";"zma para que serve (8100) | zma efeitos colaterais (260)"
"2 validada sem artigo";"Saúde geral";"camu camu";"18100";"HIGH";"";"";"";"";"";"";"suplementos-volumes.json";"";"";"";"";"";"";"";"";"";"";"";"pilar";"543";"3258";"media (2 palavras)";"1";"1300";"camu camu para que serve (1300)"
"2 validada sem artigo";"Saúde geral";"eletrólitos";"18100";"HIGH";"";"";"";"";"";"";"suplementos-volumes.json";"";"";"";"";"";"";"";"";"";"";"";"pilar";"543";"3258";"cabeca";"1";"1300";"eletrólitos para que serve (1300)"
"2 validada sem artigo";"Mulher e menopausa";"com quantos anos a mulher entra na menopausa";"16300";"LOW";"";"";"";"";"";"SIM";"pauta antiga validada";"";"";"";"";"";"";"";"";"";"";"";"pilar";"489";"2934";"long tail";"0";"";""
"2 validada sem artigo";"Alimentação e peso";"suplementos para emagrecer";"14800";"HIGH";"caindo";"";"";"";"";"";"validadas/alimentacao-peso.json";"";"";"";"";"";"";"";"";"";"";"";"pilar";"444";"2664";"media (2 palavras)";"15";"10420";"suplemento alimentar para emagrecer (1900) | melhor suplemento para emagrecer (1300) | suplementos para emagrecer feminino (1000) | suplementos que ajudam a emagrecer (1000) | suplemento para emagrecer rápido (1000) | suplemento para ajudar a emagrecer (1000) | melhores suplementos para emagrecer (720) | suplemento natural para emagrecer (720) | suplemento que ajuda a emagrecer (720) | suplementos para emagrecer e definir o corpo feminino (260)"
"2 validada sem artigo";"Alimentação e peso";"suplemento emagrecedor";"14800";"HIGH";"caindo";"";"";"";"";"";"validadas/alimentacao-peso.json";"";"";"";"";"";"";"";"";"";"";"";"pilar";"444";"2664";"media (2 palavras)";"0";"";""
"2 validada sem artigo";"Alimentação e peso";"suplemento emagrecer";"14800";"HIGH";"caindo";"";"";"";"";"";"validadas/alimentacao-peso.json";"";"";"";"";"";"";"";"";"";"";"";"pilar";"444";"2664";"media (2 palavras)";"15";"10420";"suplemento alimentar para emagrecer (1900) | melhor suplemento para emagrecer (1300) | suplementos para emagrecer feminino (1000) | suplementos que ajudam a emagrecer (1000) | suplemento para emagrecer rápido (1000) | suplemento para ajudar a emagrecer (1000) | melhores suplementos para emagrecer (720) | suplemento natural para emagrecer (720) | suplemento que ajuda a emagrecer (720) | suplementos para emagrecer e definir o corpo feminino (260)"
"2 validada sem artigo";"Alimentação e peso";"suplementos emagrecedores";"14800";"HIGH";"caindo";"";"";"";"";"";"validadas/alimentacao-peso.json";"";"";"";"";"";"";"";"";"";"";"";"pilar";"444";"2664";"media (2 palavras)";"0";"";""
"2 validada sem artigo";"Alimentação e peso";"suplementos para emagrecimento";"14800";"HIGH";"caindo";"";"";"";"";"";"validadas/alimentacao-peso.json";"";"";"";"";"";"";"";"";"";"";"";"pilar";"444";"2664";"media (2 palavras)";"0";"";""
"2 validada sem artigo";"Alimentação e peso";"suplemento que emagrece";"14800";"HIGH";"caindo";"";"";"";"";"";"validadas/alimentacao-peso.json";"";"";"";"";"";"";"";"";"";"";"";"pilar";"444";"2664";"long tail";"0";"";""
"2 validada sem artigo";"Saúde geral";"tabela da taco";"14800";"LOW";"caindo";"";"";"";"";"";"validadas/alimentacao-peso.json";"";"";"";"";"";"";"";"";"";"";"";"pilar";"444";"2664";"media (2 palavras)";"1";"1600";"taco tabela nutricional (1600)"
"2 validada sem artigo";"Digestão e fígado";"chá seca barriga";"14800";"HIGH";"caindo";"";"";"";"";"";"validadas/alimentacao-peso.json";"";"";"";"";"";"";"";"";"";"";"";"pilar";"444";"2664";"long tail";"2";"7080";"chá seca barriga caseiro em 4 dias (6600) | chá seca barriga caseiro (480)"
"2 validada sem artigo";"Mente e memória";"chá para dor de cabeça";"14800";"LOW";"estável";"";"";"";"";"SIM";"validadas/alimentacao-peso.json";"";"";"";"";"";"";"";"";"";"";"";"pilar";"444";"2664";"long tail";"1";"1600";"chá para dor de cabeça forte (1600)"
"2 validada sem artigo";"Saúde geral";"destilados";"14800";"LOW";"caindo";"";"";"";"";"";"validadas/alimentacao-peso.json";"";"";"";"";"";"";"";"";"";"";"";"pilar";"444";"2664";"cabeca";"0";"";""
"2 validada sem artigo";"Saúde geral";"cachaça bananinha";"14800";"HIGH";"subindo";"";"";"";"";"";"validadas/alimentacao-peso.json";"";"";"";"";"";"";"";"";"";"";"";"pilar";"444";"2664";"media (2 palavras)";"0";"";""
"2 validada sem artigo";"Digestão e fígado";"chá para secar barriga";"14800";"HIGH";"caindo";"";"";"";"";"";"validadas/alimentacao-peso.json";"";"";"";"";"";"";"";"";"";"";"";"pilar";"444";"2664";"long tail";"0";"";""
"2 validada sem artigo";"Coração e colesterol";"chá para pressão alta";"14800";"LOW";"estável";"";"";"sim";"";"";"validadas/alimentacao-peso.json";"";"";"";"";"";"";"";"";"";"";"";"pilar";"444";"2664";"long tail";"0";"";""
"2 validada sem artigo";"Saúde geral";"bananinha carne";"14800";"LOW";"estável";"";"";"";"";"SIM";"validadas/alimentacao-peso.json";"";"";"";"";"";"";"";"";"";"";"";"pilar";"444";"2664";"media (2 palavras)";"0";"";""
"2 validada sem artigo";"Boca e dentes";"chá dente de leão";"14800";"HIGH";"caindo";"";"";"";"";"";"validadas/alimentacao-peso.json";"";"";"";"";"";"";"";"";"";"";"";"pilar";"444";"2664";"long tail";"0";"";""
"2 validada sem artigo";"Saúde geral";"mulungu chá";"14800";"HIGH";"estável";"";"";"";"";"";"validadas/alimentacao-peso.json";"";"";"";"";"";"";"";"";"";"";"";"pilar";"444";"2664";"media (2 palavras)";"0";"";""
"2 validada sem artigo";"Digestão e fígado";"chá para gases";"14800";"LOW";"estável";"";"";"";"";"SIM";"validadas/alimentacao-peso.json";"";"";"";"";"";"";"";"";"";"";"";"pilar";"444";"2664";"media (2 palavras)";"0";"";""
"2 validada sem artigo";"Mente e memória";"chás para dor de cabeça";"14800";"LOW";"estável";"";"";"";"";"";"validadas/alimentacao-peso.json";"";"";"";"";"";"";"";"";"";"";"";"pilar";"444";"2664";"long tail";"1";"1600";"chá para dor de cabeça forte (1600)"
"2 validada sem artigo";"Alimentação e peso";"calorias";"14800";"LOW";"estável";"";"";"";"";"SIM";"validadas/alimentacao-peso.json";"";"";"";"";"";"";"";"";"";"";"";"pilar";"444";"2664";"cabeca";"40";"48230";"contagem de calorias (6600) | contador de calorias (6600) | calcular calorias (6600) | dieta de 1200 calorias (3600) | michelob ultra calorias (3600) | contador de calorias gratuito (2400) | tabela de calorias dos alimentos (2400) | dieta de 1500 calorias (1600) | dieta de 1000 calorias (1300) | contar calorias (1000)"
"2 validada sem artigo";"Saúde geral";"inibidor de apetite natural";"14800";"HIGH";"estável";"";"";"";"";"";"validadas/alimentacao-peso.json";"";"";"";"";"";"";"";"";"";"";"";"pilar";"444";"2664";"long tail";"1";"480";"melhor inibidor de apetite natural (480)"
"2 validada sem artigo";"Alimentação e peso";"alimentos saudáveis";"14800";"LOW";"caindo";"";"";"";"";"";"validadas/alimentacao-peso.json";"";"";"";"";"";"";"";"";"";"";"";"pilar";"444";"2664";"media (2 palavras)";"7";"7220";"alimentos saudaveis e não saudaveis (3600) | alimentos saudáveis para crianças (1300) | alimentos saudáveis para emagrecer (720) | lista de alimentos saudáveis (590) | alimentos saudaveis na gestação (480) | alimentos saudaveis na escola (390) | alimentos saudaveis na gravidez (140)"
"2 validada sem artigo";"Alimentação e peso";"proteínas alimentos";"14800";"MEDIUM";"estável";"";"";"";"";"";"validadas/alimentacao-peso.json";"";"";"";"";"";"";"";"";"";"";"";"pilar";"444";"2664";"media (2 palavras)";"1";"110";"alimentos sem proteina do leite (110)"
"2 validada sem artigo";"Saúde geral";"acucar de côco";"14800";"HIGH";"estável";"";"";"";"";"";"validadas/alimentacao-peso.json";"";"";"";"";"";"";"";"";"";"";"";"pilar";"444";"2664";"media (2 palavras)";"0";"";""
"2 validada sem artigo";"Saúde geral";"eflúvio telógeno";"14800";"LOW";"subindo";"";"";"";"";"SIM";"validadas/cabelo.json";"";"";"";"";"";"";"";"";"";"";"";"pilar";"444";"2664";"media (2 palavras)";"2";"1090";"eflúvio telógeno crônico (880) | vitaminas para eflúvio telógeno (210)"
"2 validada sem artigo";"Cabelo";"reconstrução capilar";"14800";"HIGH";"estável";"";"";"";"";"";"validadas/cabelo.json";"";"";"";"";"";"";"";"";"";"";"";"pilar";"444";"2664";"media (2 palavras)";"0";"";""
"2 validada sem artigo";"Cabelo";"selagem capilar";"14800";"HIGH";"estável";"";"";"";"";"";"validadas/cabelo.json";"";"";"";"";"";"";"";"";"";"";"";"pilar";"444";"2664";"media (2 palavras)";"0";"";""
"2 validada sem artigo";"Cabelo";"shampoo para dermatite seborreica";"14800";"HIGH";"subindo";"";"";"";"";"";"validadas/cabelo.json";"";"";"";"";"";"";"";"";"";"";"";"pilar";"444";"2664";"long tail";"0";"";""
"2 validada sem artigo";"Pele";"rosácea";"14800";"LOW";"";"";"";"";"";"SIM";"pele-volumes.json";"";"";"";"";"";"";"";"";"";"";"";"pilar";"444";"2664";"cabeca";"1";"720";"pele com rosácea (720)"
"2 validada sem artigo";"Saúde geral";"preenchimento de olheiras";"14800";"MEDIUM";"";"";"";"";"";"SIM";"pele-volumes.json";"";"";"";"";"";"";"";"";"";"";"";"pilar";"444";"2664";"media (2 palavras)";"0";"";""
"2 validada sem artigo";"Cabelo";"fios de pdo";"14800";"MEDIUM";"";"";"";"";"";"SIM";"pele-volumes.json";"";"";"";"";"";"";"";"";"";"";"";"pilar";"444";"2664";"media (2 palavras)";"0";"";""
"2 validada sem artigo";"Saúde geral";"dermapen";"14800";"HIGH";"";"";"";"";"";"";"pele-volumes.json";"";"";"";"";"";"";"";"";"";"";"";"pilar";"444";"2664";"cabeca";"0";"";""
"2 validada sem artigo";"Saúde geral";"carboxiterapia";"14800";"LOW";"";"";"";"";"";"SIM";"pele-volumes.json";"";"";"";"";"";"";"";"";"";"";"";"pilar";"444";"2664";"cabeca";"0";"";""
"2 validada sem artigo";"Mente e memória";"dor de cabeça ao acordar";"14800";"LOW";"";"";"";"";"";"SIM";"sono-volumes.json";"";"";"";"";"";"";"";"";"";"";"";"pilar";"444";"2664";"long tail";"0";"";""
"2 validada sem artigo";"Saúde geral";"magnésio bisglicinato para que serve";"14800";"HIGH";"";"";"";"";"";"";"suplementos-volumes.json";"";"";"";"";"";"";"";"";"";"";"";"pilar";"444";"2664";"long tail";"0";"";""
"2 validada sem artigo";"Saúde geral";"niacina";"14800";"HIGH";"";"";"";"";"";"";"suplementos-volumes.json";"";"";"";"";"";"";"";"";"";"";"";"pilar";"444";"2664";"cabeca";"2";"5570";"niacina para que serve (5400) | niacina efeitos colaterais (170)"
"2 validada sem artigo";"Músculos e movimento";"cálcio";"14800";"HIGH";"";"";"";"";"";"";"suplementos-volumes.json";"";"";"";"";"";"";"";"";"";"";"";"pilar";"444";"2664";"cabeca";"5";"5400";"citrato de cálcio (3600) | cálcio para que serve (880) | cálcio para osteoporose (390) | citrato de cálcio para que serve (320) | cálcio efeitos colaterais (210)"
"2 validada sem artigo";"Saúde geral";"cromo para que serve";"14800";"HIGH";"";"";"";"";"";"";"suplementos-volumes.json";"";"";"";"";"";"";"";"";"";"";"";"pilar";"444";"2664";"long tail";"1";"60500";"picolinato de cromo para que serve (60500)"
"2 validada sem artigo";"Saúde geral";"nad";"14800";"HIGH";"";"";"";"";"";"";"suplementos-volumes.json";"";"";"";"";"";"";"";"";"";"";"";"pilar";"444";"2664";"cabeca";"1";"1900";"nad para que serve (1900)"
"2 validada sem artigo";"Saúde geral";"condroitina";"14800";"HIGH";"";"";"";"";"";"";"suplementos-volumes.json";"";"";"";"";"";"";"";"";"";"";"";"pilar";"444";"2664";"cabeca";"1";"5400";"condroitina para que serve (5400)"
"2 validada sem artigo";"Saúde geral";"l carnitina para que serve";"14800";"HIGH";"";"";"";"";"";"";"suplementos-volumes.json";"";"";"";"";"";"";"";"";"";"";"";"pilar";"444";"2664";"long tail";"1";"880";"acetil l carnitina para que serve (880)"
"2 validada sem artigo";"Saúde geral";"beta alanina para que serve";"14800";"HIGH";"";"";"";"";"";"";"suplementos-volumes.json";"";"";"";"";"";"";"";"";"";"";"";"pilar";"444";"2664";"long tail";"0";"";""
"2 validada sem artigo";"Saúde geral";"hmb para que serve";"14800";"HIGH";"";"";"";"";"";"";"suplementos-volumes.json";"";"";"";"";"";"";"";"";"";"";"";"pilar";"444";"2664";"long tail";"0";"";""
"2 validada sem artigo";"Saúde geral";"própolis para que serve";"14800";"MEDIUM";"";"";"";"";"";"SIM";"suplementos-volumes.json";"";"";"";"";"";"";"";"";"";"";"";"pilar";"444";"2664";"long tail";"0";"";""
"2 validada sem artigo";"Saúde geral";"garcinia cambogia";"14800";"HIGH";"";"";"";"";"";"";"suplementos-volumes.json";"";"";"";"";"";"";"";"";"";"";"";"pilar";"444";"2664";"media (2 palavras)";"2";"3860";"garcinia cambogia para que serve (3600) | garcinia cambogia efeitos colaterais (260)"
"2 validada sem artigo";"Saúde geral";"fosfatidilserina";"14800";"HIGH";"";"";"";"";"";"";"suplementos-volumes.json";"";"";"";"";"";"";"";"";"";"";"";"pilar";"444";"2664";"cabeca";"2";"5880";"fosfatidilserina para que serve (5400) | fosfatidilserina efeitos colaterais (480)"
"2 validada sem artigo";"Saúde geral";"alcachofra para que serve";"14800";"MEDIUM";"";"";"";"";"";"";"suplementos-volumes.json";"";"";"";"";"";"";"";"";"";"";"";"pilar";"444";"2664";"long tail";"0";"";""
"2 validada sem artigo";"Saúde geral";"óleo de prímula";"14800";"HIGH";"";"";"";"";"";"";"suplementos-volumes.json";"";"";"";"";"";"";"";"";"";"";"";"pilar";"444";"2664";"media (2 palavras)";"2";"10040";"óleo de prímula para que serve (9900) | óleo de prímula efeitos colaterais (140)"
"2 validada sem artigo";"Saúde geral";"gengibre para que serve";"14800";"LOW";"";"";"";"";"";"";"suplementos-volumes.json";"";"";"";"";"";"";"";"";"";"";"";"pilar";"444";"2664";"long tail";"0";"";""
"2 validada sem artigo";"Coração e colesterol";"o que é colesterol";"12100";"LOW";"";"";"";"sim";"";"";"pauta antiga validada";"";"";"";"";"";"";"";"";"";"";"";"pilar";"363";"2178";"media (2 palavras)";"7";"235000";"colesterol hdl (74000) | colesterol ldl (74000) | colesterol alterado (49500) | colesterol alto sintomas (27100) | chá para colesterol (4400) | dieta para colesterol alto (3600) | colesterol bom como aumentar (2400)"
"2 validada sem artigo";"Mulher e menopausa";"menopausa precoce";"12100";"LOW";"";"";"";"";"";"SIM";"pauta antiga validada";"";"";"";"";"";"";"";"";"";"";"";"pilar";"363";"2178";"media (2 palavras)";"0";"";""
"2 validada sem artigo";"Alimentação e peso";"caminhada emagrece";"12100";"LOW";"caindo";"";"";"";"";"";"pauta antiga validada";"";"";"";"";"";"";"";"";"";"";"";"pilar";"363";"2178";"media (2 palavras)";"2";"4500";"fazer caminhada emagrece (2900) | simulador de caminhada emagrece (1600)"
"2 validada sem artigo";"Coração e colesterol";"pressão alta o que fazer";"12100";"LOW";"";"";"";"sim";"";"";"pauta antiga validada";"";"";"";"";"";"";"";"";"";"";"";"pilar";"363";"2178";"long tail";"0";"";""
"2 validada sem artigo";"Alimentação e peso";"caminhada para emagrecer";"12100";"LOW";"caindo";"";"";"";"";"";"validadas/alimentacao-peso.json";"";"";"";"";"";"";"";"";"";"";"";"pilar";"363";"2178";"media (2 palavras)";"0";"";""
"2 validada sem artigo";"Alimentação e peso";"psyllium emagrece";"12100";"HIGH";"caindo";"";"";"";"";"";"validadas/alimentacao-peso.json";"";"";"";"";"";"";"";"";"";"";"";"pilar";"363";"2178";"media (2 palavras)";"0";"";""
"2 validada sem artigo";"Alimentação e peso";"caminhar emagrece";"12100";"LOW";"caindo";"";"";"";"";"";"validadas/alimentacao-peso.json";"";"";"";"";"";"";"";"";"";"";"";"pilar";"363";"2178";"media (2 palavras)";"0";"";""
"2 validada sem artigo";"Saúde geral";"leguminosas";"12100";"LOW";"caindo";"";"";"";"";"";"validadas/alimentacao-peso.json";"";"";"";"";"";"";"";"";"";"";"";"pilar";"363";"2178";"cabeca";"0";"";""
"2 validada sem artigo";"Saúde geral";"oleaginosas";"12100";"LOW";"caindo";"";"";"";"";"";"validadas/alimentacao-peso.json";"";"";"";"";"";"";"";"";"";"";"";"pilar";"363";"2178";"cabeca";"0";"";""
"2 validada sem artigo";"Saúde geral";"b blend brastemp";"12100";"HIGH";"estável";"";"";"";"";"";"validadas/alimentacao-peso.json";"";"";"";"";"";"";"";"";"";"";"";"pilar";"363";"2178";"long tail";"0";"";""
"2 validada sem artigo";"Saúde geral";"ultracoffee";"12100";"HIGH";"estável";"";"";"";"";"";"validadas/alimentacao-peso.json";"";"";"";"";"";"";"";"";"";"";"";"pilar";"363";"2178";"cabeca";"0";"";""
"2 validada sem artigo";"Saúde geral";"carapreta";"12100";"MEDIUM";"estável";"";"";"";"";"SIM";"validadas/alimentacao-peso.json";"";"";"";"";"";"";"";"";"";"";"";"pilar";"363";"2178";"cabeca";"0";"";""
"2 validada sem artigo";"Saúde geral";"cachaça de jambu";"12100";"HIGH";"estável";"";"";"";"";"";"validadas/alimentacao-peso.json";"";"";"";"";"";"";"";"";"";"";"";"pilar";"363";"2178";"media (2 palavras)";"0";"";""
"2 validada sem artigo";"Saúde geral";"fruta pitaya";"12100";"MEDIUM";"estável";"";"";"";"";"";"validadas/alimentacao-peso.json";"";"";"";"";"";"";"";"";"";"";"";"pilar";"363";"2178";"media (2 palavras)";"0";"";""
"2 validada sem artigo";"Alimentação e peso";"lanches saudaveis";"12100";"MEDIUM";"estável";"";"";"";"";"";"validadas/alimentacao-peso.json";"";"";"";"";"";"";"";"";"";"";"";"pilar";"363";"2178";"media (2 palavras)";"6";"10580";"lanches saudaveis para criancas (3600) | lanches saudaveis para tarde (1600) | opções de lanches saudáveis (1600) | lanches saudáveis e práticos (1600) | receitas de lanches saudaveis (1300) | lanches rapidos saudaveis (880)"
"2 validada sem artigo";"Saúde geral";"esgoto";"12100";"LOW";"estável";"";"";"";"";"SIM";"validadas/alimentacao-peso.json";"";"";"";"";"";"";"";"";"";"";"";"pilar";"363";"2178";"cabeca";"0";"";""
"2 validada sem artigo";"Saúde geral";"frutas desidratadas";"12100";"HIGH";"estável";"";"";"";"";"";"validadas/alimentacao-peso.json";"";"";"";"";"";"";"";"";"";"";"";"pilar";"363";"2178";"media (2 palavras)";"0";"";""
"2 validada sem artigo";"Saúde geral";"pitaya amarela";"12100";"HIGH";"estável";"";"";"";"";"";"validadas/alimentacao-peso.json";"";"";"";"";"";"";"";"";"";"";"";"pilar";"363";"2178";"media (2 palavras)";"0";"";""
"2 validada sem artigo";"Saúde geral";"h2o limoneto";"12100";"HIGH";"estável";"";"";"";"";"";"validadas/alimentacao-peso.json";"";"";"";"";"";"";"";"";"";"";"";"pilar";"363";"2178";"media (2 palavras)";"0";"";""
"2 validada sem artigo";"Saúde geral";"cranberry fruta";"12100";"HIGH";"estável";"";"";"";"";"";"validadas/alimentacao-peso.json";"";"";"";"";"";"";"";"";"";"";"";"pilar";"363";"2178";"media (2 palavras)";"0";"";""
"2 validada sem artigo";"Saúde geral";"frutas do cerrado";"12100";"LOW";"caindo";"";"";"";"";"";"validadas/alimentacao-peso.json";"";"";"";"";"";"";"";"";"";"";"";"pilar";"363";"2178";"media (2 palavras)";"0";"";""
"2 validada sem artigo";"Digestão e fígado";"chá para desinchar a barriga";"12100";"HIGH";"caindo";"";"";"";"";"";"validadas/alimentacao-peso.json";"";"";"";"";"";"";"";"";"";"";"";"pilar";"363";"2178";"long tail";"0";"";""
"2 validada sem artigo";"Saúde geral";"chas que abortam";"12100";"LOW";"caindo";"";"";"";"";"";"validadas/alimentacao-peso.json";"";"";"";"";"";"";"";"";"";"";"";"pilar";"363";"2178";"long tail";"0";"";""
"2 validada sem artigo";"Alimentação e peso";"lanche da tarde";"12100";"LOW";"estável";"";"";"";"";"SIM";"validadas/alimentacao-peso.json";"";"";"";"";"";"";"";"";"";"";"";"pilar";"363";"2178";"media (2 palavras)";"4";"10090";"lanche da tarde saudavel (6600) | lanches saudaveis para tarde (1600) | lanche da tarde fit (1300) | opções de lanche da tarde saudável (590)"
"2 validada sem artigo";"Saúde geral";"cabare ice";"12100";"MEDIUM";"estável";"";"";"";"";"";"validadas/alimentacao-peso.json";"";"";"";"";"";"";"";"";"";"";"";"pilar";"363";"2178";"media (2 palavras)";"0";"";""
"2 validada sem artigo";"Saúde geral";"chá mate";"12100";"HIGH";"estável";"";"";"";"";"";"validadas/alimentacao-peso.json";"";"";"";"";"";"";"";"";"";"";"";"pilar";"363";"2178";"media (2 palavras)";"0";"";""
"2 validada sem artigo";"Saúde geral";"damasco fruta";"12100";"MEDIUM";"caindo";"";"";"";"";"";"validadas/alimentacao-peso.json";"";"";"";"";"";"";"";"";"";"";"";"pilar";"363";"2178";"media (2 palavras)";"0";"";""
"2 validada sem artigo";"Digestão e fígado";"frutas que soltam o intestino";"12100";"LOW";"estável";"";"";"";"";"";"validadas/alimentacao-peso.json";"";"";"";"";"";"";"";"";"";"";"";"pilar";"363";"2178";"long tail";"0";"";""
"2 validada sem artigo";"Saúde geral";"graviola fruta";"12100";"LOW";"estável";"";"";"";"";"";"validadas/alimentacao-peso.json";"";"";"";"";"";"";"";"";"";"";"";"pilar";"363";"2178";"media (2 palavras)";"0";"";""
"2 validada sem artigo";"Saúde geral";"frutas citricas";"12100";"LOW";"caindo";"";"";"";"";"";"validadas/alimentacao-peso.json";"";"";"";"";"";"";"";"";"";"";"";"pilar";"363";"2178";"media (2 palavras)";"0";"";""
"2 validada sem artigo";"Alimentação e peso";"emagrecer rapido";"12100";"HIGH";"caindo";"";"";"";"";"";"validadas/alimentacao-peso.json";"";"";"";"";"";"";"";"";"";"";"";"pilar";"363";"2178";"media (2 palavras)";"11";"38260";"remedio para emagrecer rapido (22200) | dieta para emagrecer rapido (6600) | cha para emagrecer rapido (5400) | suplemento para emagrecer rápido (1000) | chá para emagrecer rápido e perder barriga (720) | melhor remedio para emagrecer rapido (590) | dieta de pobre para emagrecer rápido (480) | alimentos para emagrecer rápido (480) | dieta infantil para emagrecer rápido (320) | produtos para emagrecer rapido (260)"
"2 validada sem artigo";"Saúde geral";"jejum intermitente como fazer";"12100";"MEDIUM";"caindo";"";"";"";"";"";"validadas/alimentacao-peso.json";"";"";"";"";"";"";"";"";"";"";"";"pilar";"363";"2178";"long tail";"0";"";""
"2 validada sem artigo";"Saúde geral";"okralin";"12100";"HIGH";"caindo";"";"";"";"";"";"validadas/alimentacao-peso.json";"";"";"";"";"";"";"";"";"";"";"";"pilar";"363";"2178";"cabeca";"1";"4400";"okralin para que serve (4400)"
"2 validada sem artigo";"Digestão e fígado";"seca barriga";"12100";"HIGH";"caindo";"";"";"";"";"";"validadas/alimentacao-peso.json";"";"";"";"";"";"";"";"";"";"";"";"pilar";"363";"2178";"media (2 palavras)";"15";"29130";"chá seca barriga (14800) | chá seca barriga caseiro em 4 dias (6600) | seca barriga natural (2900) | farinha seca barriga (1300) | termogenico seca barriga (480) | chá seca barriga caseiro (480) | dieta seca barriga (480) | abdominais seca barriga (390) | abdominal seca barriga (390) | emagrecer seca barriga (390)"
"2 validada sem artigo";"Alimentação e peso";"emagrecimento rapido";"12100";"HIGH";"caindo";"";"";"";"";"";"validadas/alimentacao-peso.json";"";"";"";"";"";"";"";"";"";"";"";"pilar";"363";"2178";"media (2 palavras)";"0";"";""
"2 validada sem artigo";"Alimentação e peso";"calcular peso ideal";"12100";"LOW";"caindo";"";"";"";"";"";"validadas/alimentacao-peso.json";"";"";"";"";"";"";"";"";"";"";"";"pilar";"363";"2178";"long tail";"0";"";""
"2 validada sem artigo";"Alimentação e peso";"dieta cetogênica cardapio";"12100";"MEDIUM";"caindo";"";"";"";"";"";"validadas/alimentacao-peso.json";"";"";"";"";"";"";"";"";"";"";"";"pilar";"363";"2178";"long tail";"0";"";""
"2 validada sem artigo";"Saúde geral";"gordura vegetal";"12100";"HIGH";"estável";"";"";"";"";"";"validadas/alimentacao-peso.json";"";"";"";"";"";"";"";"";"";"";"";"pilar";"363";"2178";"media (2 palavras)";"0";"";""
"2 validada sem artigo";"Saúde geral";"açucar cristal";"12100";"HIGH";"estável";"";"";"";"";"";"validadas/alimentacao-peso.json";"";"";"";"";"";"";"";"";"";"";"";"pilar";"363";"2178";"media (2 palavras)";"0";"";""
"2 validada sem artigo";"Saúde geral";"psyllium o que é";"12100";"HIGH";"estável";"";"";"";"";"";"validadas/alimentacao-peso.json";"";"";"";"";"";"";"";"";"";"";"";"pilar";"363";"2178";"media (2 palavras)";"5";"89970";"psyllium para que serve (74000) | psyllium emagrece (12100) | fibra psyllium (2400) | psyllium efeitos colaterais (880) | psyllium tabela nutricional (590)"
"2 validada sem artigo";"Saúde geral";"pitiríase";"12100";"LOW";"estável";"";"";"";"";"SIM";"validadas/cabelo-arvore.json";"";"";"";"";"";"";"";"";"";"";"";"pilar";"363";"2178";"cabeca";"0";"";""
"2 validada sem artigo";"Cabelo";"vinagre de maçã para cabelo";"12100";"MEDIUM";"estável";"";"";"";"";"SIM";"validadas/cabelo-expandido.json";"";"";"";"";"";"";"";"";"";"";"";"pilar";"363";"2178";"long tail";"1";"720";"vinagre de maçã no cabelo para queda (720)"
"2 validada sem artigo";"Cabelo";"oque e bom para queda de cabelo";"12100";"HIGH";"estável";"";"";"";"";"";"validadas/cabelo-expandido.json";"";"";"";"";"";"";"";"";"";"";"";"pilar";"363";"2178";"long tail";"0";"";""
"2 validada sem artigo";"Cabelo";"cabelo branco";"12100";"LOW";"estável";"";"";"";"";"SIM";"validadas/cabelo.json";"";"";"";"";"";"";"";"";"";"";"";"pilar";"363";"2178";"media (2 palavras)";"11";"4060";"cabelo branco masculino (1300) | pintar cabelo branco (480) | por que o cabelo fica branco (480) | estresse causa cabelo branco (390) | cabelo branco volta a ficar preto naturalmente (320) | henna cobre cabelo branco (260) | tratamento para cabelos brancos (260) | como cobrir cabelo branco sem tinta (210) | como cuidar dos cabelos brancos (140) | cabelo branco aos 20 anos (110)"
"2 validada sem artigo";"Cabelo";"hidratação caseira para cabelo";"12100";"LOW";"estável";"";"";"";"";"SIM";"validadas/cabelo.json";"";"";"";"";"";"";"";"";"";"";"";"pilar";"363";"2178";"long tail";"0";"";""
"2 validada sem artigo";"Pele";"poros dilatados";"12100";"HIGH";"";"";"";"";"";"";"pele-volumes.json";"";"";"";"";"";"";"";"";"";"";"";"pilar";"363";"2178";"media (2 palavras)";"0";"";""
"2 validada sem artigo";"Saúde geral";"cicatriz hipertrófica";"12100";"LOW";"";"";"";"";"";"SIM";"pele-volumes.json";"";"";"";"";"";"";"";"";"";"";"";"pilar";"363";"2178";"media (2 palavras)";"0";"";""
"2 validada sem artigo";"Saúde geral";"tônico facial";"12100";"HIGH";"";"";"";"";"";"";"pele-volumes.json";"";"";"";"";"";"";"";"";"";"";"";"pilar";"363";"2178";"media (2 palavras)";"0";"";""
"2 validada sem artigo";"Pele";"skincare coreano";"12100";"HIGH";"";"";"";"";"";"";"pele-volumes.json";"";"";"";"";"";"";"";"";"";"";"";"pilar";"363";"2178";"media (2 palavras)";"0";"";""
"2 validada sem artigo";"Saúde geral";"tretinoína";"12100";"MEDIUM";"";"";"";"sim";"";"";"pele-volumes.json";"";"";"";"";"";"";"";"";"";"";"";"pilar";"363";"2178";"cabeca";"0";"";""
"2 validada sem artigo";"Saúde geral";"ácido mandélico";"12100";"HIGH";"";"";"";"";"";"";"pele-volumes.json";"";"";"";"";"";"";"";"";"";"";"";"pilar";"363";"2178";"media (2 palavras)";"0";"";""
"2 validada sem artigo";"Pele";"bioestimulador de colágeno";"12100";"HIGH";"";"";"";"";"";"";"pele-volumes.json";"";"";"";"";"";"";"";"";"";"";"";"pilar";"363";"2178";"media (2 palavras)";"0";"";""
"2 validada sem artigo";"Saúde geral";"profhilo";"12100";"MEDIUM";"";"";"";"";"";"SIM";"pele-volumes.json";"";"";"";"";"";"";"";"";"";"";"";"pilar";"363";"2178";"cabeca";"0";"";""
"2 validada sem artigo";"Saúde geral";"dermatilomania";"12100";"LOW";"";"";"";"";"";"SIM";"pele-volumes.json";"";"";"";"";"";"";"";"";"";"";"";"pilar";"363";"2178";"cabeca";"0";"";""
"2 validada sem artigo";"Saúde geral";"dióxido de titânio";"12100";"HIGH";"";"";"";"";"";"";"pele-volumes.json";"";"";"";"";"";"";"";"";"";"";"";"pilar";"363";"2178";"media (2 palavras)";"0";"";""
"2 validada sem artigo";"Pele";"protetor solar para pele oleosa";"12100";"HIGH";"";"";"";"";"";"";"pele-volumes.json";"";"";"";"";"";"";"";"";"";"";"";"pilar";"363";"2178";"long tail";"0";"";""
"2 validada sem artigo";"Saúde geral";"bronzeamento";"12100";"LOW";"";"";"";"";"";"SIM";"pele-volumes.json";"";"";"";"";"";"";"";"";"";"";"";"pilar";"363";"2178";"cabeca";"0";"";""
"2 validada sem artigo";"Sono";"sonambulismo";"12100";"LOW";"";"";"";"";"";"SIM";"sono-volumes.json";"";"";"";"";"";"";"";"";"";"";"";"pilar";"363";"2178";"cabeca";"0";"";""
"2 validada sem artigo";"Sono";"terror noturno";"12100";"LOW";"";"";"";"";"";"SIM";"sono-volumes.json";"";"";"";"";"";"";"";"";"";"";"";"pilar";"363";"2178";"media (2 palavras)";"0";"";""
"2 validada sem artigo";"Sono";"higiene do sono";"12100";"LOW";"";"";"";"";"";"SIM";"sono-volumes.json";"";"";"";"";"";"";"";"";"";"";"";"pilar";"363";"2178";"media (2 palavras)";"0";"";""
"2 validada sem artigo";"Saúde geral";"boro para que serve";"12100";"HIGH";"";"";"";"";"";"";"suplementos-volumes.json";"";"";"";"";"";"";"";"";"";"";"";"pilar";"363";"2178";"long tail";"0";"";""
"2 validada sem artigo";"Saúde geral";"iodo para que serve";"12100";"LOW";"";"";"";"";"";"";"suplementos-volumes.json";"";"";"";"";"";"";"";"";"";"";"";"pilar";"363";"2178";"long tail";"0";"";""
"2 validada sem artigo";"Saúde geral";"quercetina para que serve";"12100";"HIGH";"";"";"";"";"";"";"suplementos-volumes.json";"";"";"";"";"";"";"";"";"";"";"";"pilar";"363";"2178";"long tail";"0";"";""
"2 validada sem artigo";"Saúde geral";"5 htp para que serve";"12100";"HIGH";"";"";"";"";"";"";"suplementos-volumes.json";"";"";"";"";"";"";"";"";"";"";"";"pilar";"363";"2178";"long tail";"0";"";""
"2 validada sem artigo";"Saúde geral";"passiflora para que serve";"12100";"MEDIUM";"";"";"";"";"";"SIM";"suplementos-volumes.json";"";"";"";"";"";"";"";"";"";"";"";"pilar";"363";"2178";"long tail";"0";"";""
"2 validada sem artigo";"Pele";"colágeno tipo 2 para que serve";"12100";"HIGH";"";"";"";"";"";"";"suplementos-volumes.json";"";"";"";"";"";"";"";"";"";"";"";"pilar";"363";"2178";"long tail";"0";"";""
"2 validada sem artigo";"Saúde geral";"glucosamina";"12100";"HIGH";"";"";"";"";"";"";"suplementos-volumes.json";"";"";"";"";"";"";"";"";"";"";"";"pilar";"363";"2178";"cabeca";"2";"5510";"glucosamina para que serve (5400) | glucosamina efeitos colaterais (110)"
"2 validada sem artigo";"Saúde geral";"inulina";"12100";"HIGH";"";"";"";"";"";"";"suplementos-volumes.json";"";"";"";"";"";"";"";"";"";"";"";"pilar";"363";"2178";"cabeca";"1";"6600";"inulina para que serve (6600)"
"2 validada sem artigo";"Saúde geral";"ácido alfa lipóico para que serve";"12100";"HIGH";"";"";"";"";"";"";"suplementos-volumes.json";"";"";"";"";"";"";"";"";"";"";"";"pilar";"363";"2178";"long tail";"0";"";""
"2 validada sem artigo";"Saúde geral";"luteína";"12100";"HIGH";"";"";"";"";"";"";"suplementos-volumes.json";"";"";"";"";"";"";"";"";"";"";"";"pilar";"363";"2178";"cabeca";"1";"8100";"luteína para que serve (8100)"
"2 validada sem artigo";"Saúde geral";"licopeno";"12100";"HIGH";"";"";"";"";"";"";"suplementos-volumes.json";"";"";"";"";"";"";"";"";"";"";"";"pilar";"363";"2178";"cabeca";"2";"6710";"licopeno para que serve (6600) | licopeno efeitos colaterais (110)"
"2 validada sem artigo";"Saúde geral";"saw palmetto para que serve";"12100";"HIGH";"";"";"";"";"";"";"suplementos-volumes.json";"";"";"";"";"";"";"";"";"";"";"";"pilar";"363";"2178";"long tail";"0";"";""
"2 validada sem artigo";"Saúde geral";"tribulus";"12100";"HIGH";"";"";"";"";"";"";"suplementos-volumes.json";"";"";"";"";"";"";"";"";"";"";"";"pilar";"363";"2178";"cabeca";"1";"2900";"tribulus para que serve (2900)"
"2 validada sem artigo";"Saúde geral";"colina para que serve";"12100";"MEDIUM";"";"";"";"";"";"";"suplementos-volumes.json";"";"";"";"";"";"";"";"";"";"";"";"pilar";"363";"2178";"long tail";"0";"";""
"2 validada sem artigo";"Saúde geral";"sais minerais";"12100";"LOW";"";"";"";"";"";"SIM";"suplementos-volumes.json";"";"";"";"";"";"";"";"";"";"";"";"pilar";"363";"2178";"media (2 palavras)";"0";"";""
"2 validada sem artigo";"Alimentação e peso";"como acelerar o metabolismo";"9900";"HIGH";"";"";"";"";"";"";"pauta antiga validada";"";"";"";"";"";"";"";"";"";"";"";"pilar";"297";"1782";"long tail";"4";"3130";"chá para acelerar o metabolismo (1900) | suplemento para acelerar o metabolismo (590) | suplemento para acelerar o metabolismo e queimar gordura (320) | termogênico para acelerar o metabolismo (320)"
"2 validada sem artigo";"Alimentação e peso";"gordura abdominal como perder";"9900";"HIGH";"estável";"";"";"";"";"";"validadas/alimentacao-peso.json";"";"";"";"";"";"";"";"";"";"";"";"pilar";"297";"1782";"long tail";"4";"980";"dieta para perder gordura abdominal (590) | suplementos para perder gordura abdominal (170) | perder gordura abdominal rapido (110) | melhor forma de perder gordura abdominal (110)"
"2 validada sem artigo";"Alimentação e peso";"emagrecedor";"9900";"HIGH";"caindo";"";"";"";"";"";"validadas/alimentacao-peso.json";"";"";"";"";"";"";"";"";"";"";"";"pilar";"297";"1782";"cabeca";"35";"102720";"cha emagrecedor (60500) | suplemento emagrecedor (14800) | shake emagrecedor (6600) | emagrecedor natural (3600) | emagrecedor potente (2400) | slim emagrecedor (1900) | produto emagrecedor (1600) | fitoterápico emagrecedor (1300) | slim fit emagrecedor (1000) | remedio emagrecedor natural (880)"
"2 validada sem artigo";"Alimentação e peso";"termogenico emagrece";"9900";"HIGH";"caindo";"";"";"";"";"";"validadas/alimentacao-peso.json";"";"";"";"";"";"";"";"";"";"";"";"pilar";"297";"1782";"media (2 palavras)";"0";"";""
"2 validada sem artigo";"Alimentação e peso";"termogênico para emagrecer";"9900";"HIGH";"caindo";"";"";"";"";"";"validadas/alimentacao-peso.json";"";"";"";"";"";"";"";"";"";"";"";"pilar";"297";"1782";"media (2 palavras)";"4";"3250";"melhor termogenico para emagrecer (1300) | termogenico ajuda a emagrecer (1300) | melhores termogenicos para emagrecer (480) | termogênico natural emagrecer (170)"
"2 validada sem artigo";"Saúde geral";"cereais";"9900";"MEDIUM";"estável";"";"";"";"";"SIM";"validadas/alimentacao-peso.json";"";"";"";"";"";"";"";"";"";"";"";"pilar";"297";"1782";"cabeca";"4";"5950";"barra de cereais (2900) | cereais integrais (2400) | cereais sem gluten (390) | cereais nestle (260)"
"2 validada sem artigo";"Saúde geral";"whisky johnnie walker";"9900";"HIGH";"estável";"";"";"";"";"";"validadas/alimentacao-peso.json";"";"";"";"";"";"";"";"";"";"";"";"pilar";"297";"1782";"long tail";"0";"";""
"2 validada sem artigo";"Saúde geral";"mucilon arroz e aveia";"9900";"HIGH";"estável";"";"";"";"";"";"validadas/alimentacao-peso.json";"";"";"";"";"";"";"";"";"";"";"";"pilar";"297";"1782";"long tail";"0";"";""
"2 validada sem artigo";"Saúde geral";"agua potavel";"9900";"LOW";"estável";"";"";"";"";"";"validadas/alimentacao-peso.json";"";"";"";"";"";"";"";"";"";"";"";"pilar";"297";"1782";"media (2 palavras)";"1";"880";"agua potavel e saneamento (880)"
"2 validada sem artigo";"Saúde geral";"licor sheridans";"9900";"HIGH";"estável";"";"";"";"";"";"validadas/alimentacao-peso.json";"";"";"";"";"";"";"";"";"";"";"";"pilar";"297";"1782";"media (2 palavras)";"0";"";""
"2 validada sem artigo";"Sono";"chá para dormir";"9900";"HIGH";"estável";"";"";"";"";"";"validadas/alimentacao-peso.json";"";"";"";"";"";"";"";"";"";"";"";"pilar";"297";"1782";"media (2 palavras)";"0";"";""
"2 validada sem artigo";"Saúde geral";"cha diuretico";"9900";"HIGH";"caindo";"";"";"";"";"";"validadas/alimentacao-peso.json";"";"";"";"";"";"";"";"";"";"";"";"pilar";"297";"1782";"media (2 palavras)";"0";"";""
"2 validada sem artigo";"Saúde geral";"energetico monster";"9900";"HIGH";"estável";"";"";"";"";"";"validadas/alimentacao-peso.json";"";"";"";"";"";"";"";"";"";"";"";"pilar";"297";"1782";"media (2 palavras)";"0";"";""
"2 validada sem artigo";"Saúde geral";"saquê";"9900";"MEDIUM";"caindo";"";"";"";"";"";"validadas/alimentacao-peso.json";"";"";"";"";"";"";"";"";"";"";"";"pilar";"297";"1782";"cabeca";"0";"";""
"2 validada sem artigo";"Saúde geral";"tamarindo fruta";"9900";"LOW";"estável";"";"";"";"";"";"validadas/alimentacao-peso.json";"";"";"";"";"";"";"";"";"";"";"";"pilar";"297";"1782";"media (2 palavras)";"0";"";""
"2 validada sem artigo";"Saúde geral";"ovo em pó";"9900";"HIGH";"estável";"";"";"";"";"";"validadas/alimentacao-peso.json";"";"";"";"";"";"";"";"";"";"";"";"pilar";"297";"1782";"media (2 palavras)";"10";"53280";"dieta do ovo (18100) | clara de ovo (9900) | ovo online (9900) | ovo pasteurizado (4400) | dieta do ovo 7kg em 7 dias (2900) | dieta do ovo cozido (2900) | ovos galados (2400) | ovo recheado (2400) | clara de ovo no rosto tira rugas (210) | clara de ovo para cabelo (170)"
"2 validada sem artigo";"Saúde geral";"morango congelado";"9900";"MEDIUM";"subindo";"";"";"";"";"SIM";"validadas/alimentacao-peso.json";"";"";"";"";"";"";"";"";"";"";"";"pilar";"297";"1782";"media (2 palavras)";"0";"";""
"2 validada sem artigo";"Saúde geral";"frutas exóticas";"9900";"MEDIUM";"estável";"";"";"";"";"";"validadas/alimentacao-peso.json";"";"";"";"";"";"";"";"";"";"";"";"pilar";"297";"1782";"media (2 palavras)";"0";"";""
"2 validada sem artigo";"Saúde geral";"clara de ovo";"9900";"MEDIUM";"estável";"";"";"";"";"SIM";"validadas/alimentacao-peso.json";"";"";"";"";"";"";"";"";"";"";"";"pilar";"297";"1782";"media (2 palavras)";"2";"380";"clara de ovo no rosto tira rugas (210) | clara de ovo para cabelo (170)"
"2 validada sem artigo";"Saúde geral";"cachaça cabare";"9900";"HIGH";"estável";"";"";"";"";"";"validadas/alimentacao-peso.json";"";"";"";"";"";"";"";"";"";"";"";"pilar";"297";"1782";"media (2 palavras)";"0";"";""
"2 validada sem artigo";"Saúde geral";"goiaba tailandesa";"9900";"HIGH";"estável";"";"";"";"";"";"validadas/alimentacao-peso.json";"";"";"";"";"";"";"";"";"";"";"";"pilar";"297";"1782";"media (2 palavras)";"0";"";""
"2 validada sem artigo";"Saúde geral";"laranja kinkan";"9900";"HIGH";"subindo";"";"";"";"";"";"validadas/alimentacao-peso.json";"";"";"";"";"";"";"";"";"";"";"";"pilar";"297";"1782";"media (2 palavras)";"0";"";""
"2 validada sem artigo";"Saúde geral";"ovo online";"9900";"LOW";"estável";"";"";"";"";"SIM";"validadas/alimentacao-peso.json";"";"";"";"";"";"";"";"";"";"";"";"pilar";"297";"1782";"media (2 palavras)";"0";"";""
"2 validada sem artigo";"Alimentação e peso";"proteina vegetal";"9900";"HIGH";"estável";"";"";"";"";"";"validadas/alimentacao-peso.json";"";"";"";"";"";"";"";"";"";"";"";"pilar";"297";"1782";"media (2 palavras)";"3";"2280";"proteina vegetal em pó (1900) | proteína vegetal suplemento (210) | proteina vegetal pura vida (170)"
"2 validada sem artigo";"Alimentação e peso";"alimentos para ganhar massa muscular";"9900";"HIGH";"caindo";"";"";"";"";"";"validadas/alimentacao-peso.json";"";"";"";"";"";"";"";"";"";"";"";"pilar";"297";"1782";"long tail";"3";"2810";"melhores alimentos para ganhar massa muscular (1600) | alimentos que ajudam a ganhar massa muscular (1000) | lista de alimentos para ganhar massa muscular (210)"
"2 validada sem artigo";"Saúde geral";"isofort";"9900";"HIGH";"estável";"";"";"";"";"";"validadas/alimentacao-peso.json";"";"";"";"";"";"";"";"";"";"";"";"pilar";"297";"1782";"cabeca";"4";"8850";"isofort vitafor (6600) | isofort plant (1600) | isofort neutro (480) | isofort vitafor neutro (170)"
"2 validada sem artigo";"Saúde geral";"nutren control";"9900";"HIGH";"estável";"";"";"";"";"";"validadas/alimentacao-peso.json";"";"";"";"";"";"";"";"";"";"";"";"pilar";"297";"1782";"media (2 palavras)";"0";"";""
"2 validada sem artigo";"Saúde geral";"cetogenica";"9900";"LOW";"caindo";"";"";"";"";"";"validadas/alimentacao-peso.json";"";"";"";"";"";"";"";"";"";"";"";"pilar";"297";"1782";"cabeca";"9";"111460";"dieta cetogênica (90500) | dieta cetogênica cardapio (12100) | dieta cetogenica como funciona (1900) | dieta cetogênica como fazer (1900) | dieta cetogenica alimentos (1600) | alimentação cetogênica (1600) | dieta cetogênica 30 dias pdf grátis (880) | dieta cetogênica pdf (590) | dieta cetogênica 30 dias (390)"
"2 validada sem artigo";"Alimentação e peso";"proteina isolada de soja";"9900";"HIGH";"subindo";"";"";"";"";"";"validadas/alimentacao-peso.json";"";"";"";"";"";"";"";"";"";"";"";"pilar";"297";"1782";"long tail";"0";"";""
"2 validada sem artigo";"Saúde geral";"albumina para que serve";"9900";"MEDIUM";"estável";"";"";"";"";"SIM";"validadas/alimentacao-peso.json";"";"";"";"";"";"";"";"";"";"";"";"pilar";"297";"1782";"long tail";"0";"";""
"2 validada sem artigo";"Alimentação e peso";"desodalina emagrece";"9900";"HIGH";"caindo";"";"";"";"";"";"validadas/alimentacao-peso.json";"";"";"";"";"";"";"";"";"";"";"";"pilar";"297";"1782";"media (2 palavras)";"0";"";""
"2 validada sem artigo";"Alimentação e peso";"fibras alimentares";"9900";"HIGH";"estável";"";"";"";"";"";"validadas/alimentacao-peso.json";"";"";"";"";"";"";"";"";"";"";"";"pilar";"297";"1782";"media (2 palavras)";"0";"";""
"2 validada sem artigo";"Alimentação e peso";"peso ideal por altura";"9900";"LOW";"estável";"";"";"";"";"SIM";"validadas/alimentacao-peso.json";"";"";"";"";"";"";"";"";"";"";"";"pilar";"297";"1782";"long tail";"1";"3600";"peso ideal para cada altura (3600)"
"2 validada sem artigo";"Saúde geral";"gergelim preto";"9900";"HIGH";"estável";"";"";"";"";"";"validadas/alimentacao-peso.json";"";"";"";"";"";"";"";"";"";"";"";"pilar";"297";"1782";"media (2 palavras)";"0";"";""
"2 validada sem artigo";"Cabelo";"queratina para cabelo";"9900";"HIGH";"subindo";"";"";"";"";"";"validadas/cabelo-arvore.json";"";"";"";"";"";"";"";"";"";"";"";"pilar";"297";"1782";"media (2 palavras)";"0";"";""
"2 validada sem artigo";"Saúde geral";"tinea capitis";"9900";"LOW";"estável";"";"";"";"";"SIM";"validadas/cabelo-arvore.json";"";"";"";"";"";"";"";"";"";"";"";"pilar";"297";"1782";"media (2 palavras)";"0";"";""
"2 validada sem artigo";"Cabelo";"babosa para cabelo";"9900";"MEDIUM";"estável";"";"";"";"";"SIM";"validadas/cabelo-expandido.json";"";"";"";"";"";"";"";"";"";"";"";"pilar";"297";"1782";"media (2 palavras)";"18";"17500";"babosa no cabelo como usar (6600) | babosa é bom para o cabelo (1900) | benefícios da babosa no cabelo (1300) | babosa é bom para queda de cabelo (1300) | a babosa serve para o cabelo (1000) | babosa cresce o cabelo (880) | hidratação com babosa para cabelo ressecado (720) | babosa faz nascer cabelo onde caiu (720) | hidratação para cabelo com babosa (480) | passar babosa no cabelo (480)"
"2 validada sem artigo";"Cabelo";"óleo de alecrim para cabelo";"9900";"HIGH";"estável";"";"";"";"";"";"validadas/cabelo-expandido.json";"";"";"";"";"";"";"";"";"";"";"";"pilar";"297";"1782";"long tail";"4";"4190";"óleo essencial de alecrim cabelo (1600) | como usar óleo de alecrim no cabelo (1600) | oleo de alecrim pro cabelo (880) | óleo de alecrim para queda de cabelo (110)"
"2 validada sem artigo";"Cabelo";"cabelo caindo muito";"9900";"MEDIUM";"estável";"";"";"";"";"SIM";"validadas/cabelo-expandido.json";"";"";"";"";"";"";"";"";"";"";"";"pilar";"297";"1782";"long tail";"8";"14600";"cabelo caindo muito o que pode ser (4400) | cabelo caindo muito o que fazer (3600) | meu cabelo está caindo muito (1900) | meu cabelo está caindo muito o que pode ser (1900) | meu cabelo está caindo muito o que fazer (1000) | cabelo esta caindo muito o que fazer (1000) | meu cabelo ta caindo muito (480) | cabelo caindo muito da raiz (320)"
"2 validada sem artigo";"Cabelo";"óleo de rícino para cabelo";"9900";"HIGH";"estável";"";"";"";"";"";"validadas/cabelo.json";"";"";"";"";"";"";"";"";"";"";"";"pilar";"297";"1782";"long tail";"1";"110";"óleo de rícino para queda de cabelo (110)"
"2 validada sem artigo";"Cabelo";"shampoo de cetoconazol";"9900";"HIGH";"subindo";"";"";"";"";"";"validadas/cabelo.json";"";"";"";"";"";"";"";"";"";"";"";"pilar";"297";"1782";"media (2 palavras)";"0";"";""
"2 validada sem artigo";"Pele";"dermatite de contato alérgica";"9900";"LOW";"";"";"";"";"";"SIM";"pele-volumes.json";"";"";"";"";"";"";"";"";"";"";"";"pilar";"297";"1782";"long tail";"0";"";""
"2 validada sem artigo";"Saúde geral";"centella asiática";"9900";"HIGH";"";"";"";"";"";"";"pele-volumes.json";"";"";"";"";"";"";"";"";"";"";"";"pilar";"297";"1782";"media (2 palavras)";"0";"";""
"2 validada sem artigo";"Saúde geral";"ácido ferúlico";"9900";"HIGH";"";"";"";"";"";"";"pele-volumes.json";"";"";"";"";"";"";"";"";"";"";"";"pilar";"297";"1782";"media (2 palavras)";"0";"";""
"2 validada sem artigo";"Saúde geral";"polypodium leucotomos";"9900";"HIGH";"";"";"";"";"";"";"pele-volumes.json";"";"";"";"";"";"";"";"";"";"";"";"pilar";"297";"1782";"media (2 palavras)";"0";"";""
"2 validada sem artigo";"Pele";"protetor solar em pó";"9900";"HIGH";"";"";"";"";"";"";"pele-volumes.json";"";"";"";"";"";"";"";"";"";"";"";"pilar";"297";"1782";"long tail";"10";"276910";"protetor solar facial (135000) | protetor solar com cor (60500) | protetor solar em bastão (33100) | protetor solar em spray (22200) | protetor solar para pele oleosa (12100) | protetor solar toque seco (5400) | protetor solar oral (4400) | protetor solar capilar (2400) | protetor solar para pele seca (1600) | protetor solar reef safe (210)"
"2 validada sem artigo";"Sono";"meditação para dormir";"9900";"LOW";"";"";"";"";"";"SIM";"sono-volumes.json";"";"";"";"";"";"";"";"";"";"";"";"pilar";"297";"1782";"media (2 palavras)";"0";"";""
"2 validada sem artigo";"Alimentação e peso";"vitamina b2";"9900";"HIGH";"";"";"";"";"";"";"suplementos-volumes.json";"";"";"";"";"";"";"";"";"";"";"";"pilar";"297";"1782";"media (2 palavras)";"66";"883280";"vitamina b12 (550000) | vitamina b12 para que serve (90500) | vitaminas para cabelo (60500) | vitamina d3 para que serve (33100) | vitamina para queda de cabelo (33100) | vitamina c no rosto (27100) | vitamina d baixa sintomas (12100) | vitaminas para o cabelo parar de cair (9900) | melhor vitamina para queda de cabelo (6600) | melhores vitaminas para queda de cabelo (6600)"
"2 validada sem artigo";"Saúde geral";"pqq para que serve";"9900";"HIGH";"";"";"";"";"";"";"suplementos-volumes.json";"";"";"";"";"";"";"";"";"";"";"";"pilar";"297";"1782";"long tail";"0";"";""
"2 validada sem artigo";"Saúde geral";"melatonina efeitos colaterais";"9900";"LOW";"";"";"";"sim";"";"";"suplementos-volumes.json";"";"";"";"";"";"";"";"";"";"";"";"pilar";"297";"1782";"long tail";"0";"";""
"2 validada sem artigo";"Saúde geral";"l teanina para que serve";"9900";"HIGH";"";"";"";"";"";"";"suplementos-volumes.json";"";"";"";"";"";"";"";"";"";"";"";"pilar";"297";"1782";"long tail";"0";"";""
"2 validada sem artigo";"Saúde geral";"gaba para que serve";"9900";"HIGH";"";"";"";"";"";"";"suplementos-volumes.json";"";"";"";"";"";"";"";"";"";"";"";"pilar";"297";"1782";"long tail";"0";"";""
"2 validada sem artigo";"Pele";"colágeno hidrolisado para que serve";"9900";"HIGH";"";"";"";"";"";"";"suplementos-volumes.json";"";"";"";"";"";"";"";"";"";"";"";"pilar";"297";"1782";"long tail";"0";"";""
"2 validada sem artigo";"Saúde geral";"glutationa para que serve";"9900";"HIGH";"";"";"";"";"";"";"suplementos-volumes.json";"";"";"";"";"";"";"";"";"";"";"";"pilar";"297";"1782";"long tail";"0";"";""
"2 validada sem artigo";"Saúde geral";"astaxantina para que serve";"9900";"HIGH";"";"";"";"";"";"";"suplementos-volumes.json";"";"";"";"";"";"";"";"";"";"";"";"pilar";"297";"1782";"long tail";"0";"";""
"2 validada sem artigo";"Saúde geral";"óleo de prímula para que serve";"9900";"HIGH";"";"";"";"";"";"";"suplementos-volumes.json";"";"";"";"";"";"";"";"";"";"";"";"pilar";"297";"1782";"long tail";"0";"";""
"2 validada sem artigo";"Cabelo";"vitaminas para o cabelo parar de cair";"9900";"HIGH";"";"";"";"";"";"";"queda-de-cabelo-ideias-hypd.json";"";"";"";"";"";"";"";"";"";"";"";"pilar";"297";"1782";"long tail";"3";"1580";"vitamina pro cabelo parar de cair (1300) | vitamina para o cabelo crescer e parar de cair (140) | melhor vitamina para o cabelo parar de cair (140)"
"2 validada sem artigo";"Cabelo";"vitamina para cabelo parar de cair";"9900";"HIGH";"";"";"";"";"";"";"queda-de-cabelo-ideias-hypd.json";"";"";"";"";"";"";"";"";"";"";"";"pilar";"297";"1782";"long tail";"3";"1580";"vitamina pro cabelo parar de cair (1300) | vitamina para o cabelo crescer e parar de cair (140) | melhor vitamina para o cabelo parar de cair (140)"
"2 validada sem artigo";"Coração e colesterol";"como baixar triglicerídeos";"8100";"LOW";"";"";"";"";"";"SIM";"pauta antiga validada";"";"";"";"";"";"";"";"";"";"";"";"pilar";"243";"1458";"long tail";"0";"";""
"2 validada sem artigo";"Alimentação e peso";"alimentos que aumentam a testosterona";"8100";"MEDIUM";"";"";"";"";"";"SIM";"pauta antiga validada";"";"";"";"";"";"";"";"";"";"";"";"pilar";"243";"1458";"long tail";"0";"";""
"2 validada sem artigo";"Pele";"ressecamento da pele";"8100";"LOW";"";"";"";"";"";"SIM";"pauta antiga validada";"";"";"";"";"";"";"";"";"";"";"";"pilar";"243";"1458";"media (2 palavras)";"0";"";""
"2 validada sem artigo";"Saúde geral";"osmose reversa";"8100";"HIGH";"estável";"";"";"";"";"";"validadas/alimentacao-peso.json";"";"";"";"";"";"";"";"";"";"";"";"pilar";"243";"1458";"media (2 palavras)";"0";"";""
"2 validada sem artigo";"Saúde geral";"frutas vermelhas congeladas";"8100";"HIGH";"estável";"";"";"";"";"";"validadas/alimentacao-peso.json";"";"";"";"";"";"";"";"";"";"";"";"pilar";"243";"1458";"long tail";"0";"";""
"2 validada sem artigo";"Saúde geral";"licor don luiz";"8100";"HIGH";"estável";"";"";"";"";"";"validadas/alimentacao-peso.json";"";"";"";"";"";"";"";"";"";"";"";"pilar";"243";"1458";"long tail";"0";"";""
"2 validada sem artigo";"Saúde geral";"wagyu carne";"8100";"MEDIUM";"estável";"";"";"";"";"SIM";"validadas/alimentacao-peso.json";"";"";"";"";"";"";"";"";"";"";"";"pilar";"243";"1458";"media (2 palavras)";"0";"";""
"2 validada sem artigo";"Alimentação e peso";"lanche natural";"8100";"LOW";"estável";"";"";"";"";"SIM";"validadas/alimentacao-peso.json";"";"";"";"";"";"";"";"";"";"";"";"pilar";"243";"1458";"media (2 palavras)";"0";"";""
"2 validada sem artigo";"Saúde geral";"cappuccino tres corações";"8100";"HIGH";"subindo";"";"";"";"";"";"validadas/alimentacao-peso.json";"";"";"";"";"";"";"";"";"";"";"";"pilar";"243";"1458";"long tail";"0";"";""
"2 validada sem artigo";"Saúde geral";"osmose inversa";"8100";"HIGH";"estável";"";"";"";"";"";"validadas/alimentacao-peso.json";"";"";"";"";"";"";"";"";"";"";"";"pilar";"243";"1458";"media (2 palavras)";"0";"";""
"2 validada sem artigo";"Saúde geral";"capuccino cremoso";"8100";"MEDIUM";"estável";"";"";"";"";"SIM";"validadas/alimentacao-peso.json";"";"";"";"";"";"";"";"";"";"";"";"pilar";"243";"1458";"media (2 palavras)";"0";"";""
"2 validada sem artigo";"Alimentação e peso";"lanches bk";"8100";"LOW";"estável";"";"";"";"";"";"validadas/alimentacao-peso.json";"";"";"";"";"";"";"";"";"";"";"";"pilar";"243";"1458";"media (2 palavras)";"30";"295280";"lanches perto de mim (201000) | lanche saudavel (12100) | lanches saudaveis (12100) | lanche da tarde (12100) | lanche natural (8100) | lanche da tarde saudavel (6600) | lanches rapidos (5400) | lanches fitness (4400) | lanches saudaveis para criancas (3600) | lanche saudavel para criança (3600)"
"2 validada sem artigo";"Saúde geral";"ancho carne";"8100";"LOW";"estável";"";"";"";"";"SIM";"validadas/alimentacao-peso.json";"";"";"";"";"";"";"";"";"";"";"";"pilar";"243";"1458";"media (2 palavras)";"0";"";""
"2 validada sem artigo";"Saúde geral";"ultraprocessados";"8100";"LOW";"caindo";"";"";"";"";"";"validadas/alimentacao-peso.json";"";"";"";"";"";"";"";"";"";"";"";"pilar";"243";"1458";"cabeca";"0";"";""
"2 validada sem artigo";"Alimentação e peso";"dieta para perder barriga";"8100";"MEDIUM";"caindo";"";"";"";"";"";"validadas/alimentacao-peso.json";"";"";"";"";"";"";"";"";"";"";"";"pilar";"243";"1458";"long tail";"3";"1420";"dieta para perder barriga e ganhar massa muscular (1000) | dietas para emagrecer rápido e perder barriga (210) | melhor dieta para perder barriga (210)"
"2 validada sem artigo";"Alimentação e peso";"dieta dash";"8100";"LOW";"caindo";"";"";"";"";"";"validadas/alimentacao-peso.json";"";"";"";"";"";"";"";"";"";"";"";"pilar";"243";"1458";"media (2 palavras)";"0";"";""
"2 validada sem artigo";"Saúde geral";"fiber mais nestle";"8100";"HIGH";"subindo";"";"";"";"";"";"validadas/alimentacao-peso.json";"";"";"";"";"";"";"";"";"";"";"";"pilar";"243";"1458";"long tail";"0";"";""
"2 validada sem artigo";"Saúde geral";"carnibol darkness";"8100";"HIGH";"estável";"";"";"";"";"";"validadas/alimentacao-peso.json";"";"";"";"";"";"";"";"";"";"";"";"pilar";"243";"1458";"media (2 palavras)";"0";"";""
"2 validada sem artigo";"Alimentação e peso";"sopa para emagrecer";"8100";"HIGH";"caindo";"";"";"";"";"";"validadas/alimentacao-peso.json";"";"";"";"";"";"";"";"";"";"";"";"pilar";"243";"1458";"media (2 palavras)";"0";"";""
"2 validada sem artigo";"Alimentação e peso";"tamarine fibras";"8100";"HIGH";"subindo";"";"";"";"";"";"validadas/alimentacao-peso.json";"";"";"";"";"";"";"";"";"";"";"";"pilar";"243";"1458";"media (2 palavras)";"0";"";""
"2 validada sem artigo";"Pele";"proteina de colageno";"8100";"HIGH";"estável";"";"";"";"";"";"validadas/alimentacao-peso.json";"";"";"";"";"";"";"";"";"";"";"";"pilar";"243";"1458";"media (2 palavras)";"2";"1720";"proteina de colageno equaliv (1000) | proteina de colageno pura vida (720)"
"2 validada sem artigo";"Saúde geral";"índice de massa corporal";"8100";"LOW";"caindo";"";"";"";"";"";"validadas/alimentacao-peso.json";"";"";"";"";"";"";"";"";"";"";"";"pilar";"243";"1458";"long tail";"0";"";""
"2 validada sem artigo";"Digestão e fígado";"microbiota intestinal";"8100";"MEDIUM";"estável";"";"";"";"";"SIM";"validadas/alimentacao-peso.json";"";"";"";"";"";"";"";"";"";"";"";"pilar";"243";"1458";"media (2 palavras)";"0";"";""
"2 validada sem artigo";"Digestão e fígado";"oq é prisão de ventre";"8100";"LOW";"estável";"";"";"";"";"SIM";"validadas/alimentacao-peso.json";"";"";"";"";"";"";"";"";"";"";"";"pilar";"243";"1458";"long tail";"8";"3800";"laxantes para prisão de ventre (880) | bebe com prisão de ventre (720) | prisão de ventre causas (590) | alimentação para prisão de ventre (590) | prisão de ventre como resolver (480) | oq é bom para prisão de ventre (320) | prisão de ventre infantil (110) | alimentação para quem tem prisão de ventre (110)"
"2 validada sem artigo";"Cabelo";"lavar o cabelo todo dia faz mal";"8100";"LOW";"estável";"";"";"";"";"SIM";"validadas/cabelo-arvore.json";"";"";"";"";"";"";"";"";"";"";"";"pilar";"243";"1458";"long tail";"0";"";""
"2 validada sem artigo";"Cabelo";"óleo de argan para cabelo";"8100";"HIGH";"estável";"";"";"";"";"";"validadas/cabelo-arvore.json";"";"";"";"";"";"";"";"";"";"";"";"pilar";"243";"1458";"long tail";"0";"";""
"2 validada sem artigo";"Cabelo";"henna para cabelo";"8100";"HIGH";"estável";"";"";"";"";"";"validadas/cabelo-arvore.json";"";"";"";"";"";"";"";"";"";"";"";"pilar";"243";"1458";"media (2 palavras)";"1";"260";"henna cobre cabelo branco (260)"
"2 validada sem artigo";"Cabelo";"gelatina para cabelo";"8100";"HIGH";"estável";"";"";"";"";"";"validadas/cabelo-arvore.json";"";"";"";"";"";"";"";"";"";"";"";"pilar";"243";"1458";"media (2 palavras)";"0";"";""
"2 validada sem artigo";"Saúde geral";"finasterida efeitos colaterais";"8100";"LOW";"estável";"";"";"sim";"";"";"validadas/cabelo-arvore.json";"";"";"";"";"";"";"";"";"";"";"";"pilar";"243";"1458";"long tail";"0";"";""
"2 validada sem artigo";"Cabelo";"foliculite no couro cabeludo";"8100";"LOW";"estável";"";"";"";"";"SIM";"validadas/cabelo-expandido.json";"";"";"";"";"";"";"";"";"";"";"";"pilar";"243";"1458";"long tail";"2";"1200";"shampoo para foliculite no couro cabeludo (880) | foliculite no couro cabeludo tratamento (320)"
"2 validada sem artigo";"Cabelo";"queda de cabelo o que pode ser";"8100";"MEDIUM";"subindo";"";"";"";"";"SIM";"validadas/cabelo-expandido.json";"";"";"";"";"";"";"";"";"";"";"";"pilar";"243";"1458";"long tail";"1";"260";"queda de cabelo masculino o que pode ser (260)"
"2 validada sem artigo";"Saúde geral";"minoxidil como usar";"8100";"LOW";"estável";"";"";"sim";"";"";"validadas/cabelo-expandido.json";"";"";"";"";"";"";"";"";"";"";"";"pilar";"243";"1458";"long tail";"3";"700";"minoxidil como usar no cabelo (480) | minoxidil 5 como usar (110) | allovita minoxidil como usar (110)"
"2 validada sem artigo";"Saúde geral";"benefícios da babosa";"8100";"LOW";"estável";"";"";"";"";"SIM";"validadas/cabelo-expandido.json";"";"";"";"";"";"";"";"";"";"";"";"pilar";"243";"1458";"media (2 palavras)";"1";"1300";"benefícios da babosa no cabelo (1300)"
"2 validada sem artigo";"Cabelo";"coceira no couro cabeludo";"8100";"HIGH";"estável";"";"";"";"";"";"validadas/cabelo.json";"";"";"";"";"";"";"";"";"";"";"";"pilar";"243";"1458";"long tail";"0";"";""
"2 validada sem artigo";"Saúde geral";"rinofima";"8100";"LOW";"";"";"";"";"";"SIM";"pele-volumes.json";"";"";"";"";"";"";"";"";"";"";"";"pilar";"243";"1458";"cabeca";"0";"";""
"2 validada sem artigo";"Pele";"bolinhas na pele";"8100";"LOW";"";"";"";"";"";"SIM";"pele-volumes.json";"";"";"";"";"";"";"";"";"";"";"";"pilar";"243";"1458";"media (2 palavras)";"0";"";""
"2 validada sem artigo";"Pele";"rugas";"8100";"LOW";"";"";"";"";"";"SIM";"pele-volumes.json";"";"";"";"";"";"";"";"";"";"";"";"pilar";"243";"1458";"cabeca";"5";"2890";"rugas na testa (1900) | rugas de expressão (260) | rugas profundas (260) | rugas entre as sobrancelhas (260) | clara de ovo no rosto tira rugas (210)"
"2 validada sem artigo";"Saúde geral";"máscara facial";"8100";"HIGH";"";"";"";"";"";"";"pele-volumes.json";"";"";"";"";"";"";"";"";"";"";"";"pilar";"243";"1458";"media (2 palavras)";"0";"";""
"2 validada sem artigo";"Saúde geral";"pantenol";"8100";"HIGH";"";"";"";"";"";"";"pele-volumes.json";"";"";"";"";"";"";"";"";"";"";"";"pilar";"243";"1458";"cabeca";"1";"1000";"pantenol para cabelo (1000)"
"2 validada sem artigo";"Diabetes e exames";"ureia no creme";"8100";"HIGH";"";"";"";"sim";"";"";"pele-volumes.json";"";"";"";"";"";"";"";"";"";"";"";"pilar";"243";"1458";"media (2 palavras)";"0";"";""
"2 validada sem artigo";"Saúde geral";"laser de co2";"8100";"LOW";"";"";"";"";"";"SIM";"pele-volumes.json";"";"";"";"";"";"";"";"";"";"";"";"pilar";"243";"1458";"media (2 palavras)";"0";"";""
"2 validada sem artigo";"Saúde geral";"mesoterapia";"8100";"LOW";"";"";"";"";"";"SIM";"pele-volumes.json";"";"";"";"";"";"";"";"";"";"";"";"pilar";"243";"1458";"cabeca";"1";"5400";"mesoterapia capilar (5400)"
"2 validada sem artigo";"Saúde geral";"radicais livres";"8100";"LOW";"";"";"";"";"";"SIM";"pele-volumes.json";"";"";"";"";"";"";"";"";"";"";"";"pilar";"243";"1458";"media (2 palavras)";"0";"";""
"2 validada sem artigo";"Visão e audição";"luz azul";"8100";"LOW";"";"";"";"";"";"SIM";"pele-volumes.json";"";"";"";"";"";"";"";"";"";"";"";"pilar";"243";"1458";"media (2 palavras)";"0";"";""
"2 validada sem artigo";"Saúde geral";"queilite actínica";"8100";"LOW";"";"";"";"";"";"SIM";"pele-volumes.json";"";"";"";"";"";"";"";"";"";"";"";"pilar";"243";"1458";"media (2 palavras)";"0";"";""
"2 validada sem artigo";"Saúde geral";"pé rachado";"8100";"HIGH";"";"";"";"";"";"";"pele-volumes.json";"";"";"";"";"";"";"";"";"";"";"";"pilar";"243";"1458";"media (2 palavras)";"2";"2990";"calcanhar rachado (2400) | lábios rachados (590)"
"2 validada sem artigo";"Saúde geral";"virilha escura";"8100";"MEDIUM";"";"";"";"";"";"SIM";"pele-volumes.json";"";"";"";"";"";"";"";"";"";"";"";"pilar";"243";"1458";"media (2 palavras)";"0";"";""
"2 validada sem artigo";"Sono";"ciclo do sono";"8100";"LOW";"";"";"";"";"";"SIM";"sono-volumes.json";"";"";"";"";"";"";"";"";"";"";"";"pilar";"243";"1458";"media (2 palavras)";"0";"";""
"2 validada sem artigo";"Saúde geral";"magnésio citrato";"8100";"HIGH";"";"";"";"";"";"";"suplementos-volumes.json";"";"";"";"";"";"";"";"";"";"";"";"pilar";"243";"1458";"media (2 palavras)";"1";"8100";"magnésio citrato para que serve (8100)"
"2 validada sem artigo";"Saúde geral";"magnésio citrato para que serve";"8100";"HIGH";"";"";"";"";"";"";"suplementos-volumes.json";"";"";"";"";"";"";"";"";"";"";"";"pilar";"243";"1458";"long tail";"0";"";""
"2 validada sem artigo";"Saúde geral";"magnésio taurato para que serve";"8100";"HIGH";"";"";"";"";"";"";"suplementos-volumes.json";"";"";"";"";"";"";"";"";"";"";"";"pilar";"243";"1458";"long tail";"0";"";""
"2 validada sem artigo";"Saúde geral";"creatina efeitos colaterais";"8100";"LOW";"";"";"";"";"";"SIM";"suplementos-volumes.json";"";"";"";"";"";"";"";"";"";"";"";"pilar";"243";"1458";"long tail";"0";"";""
"2 validada sem artigo";"Alimentação e peso";"vitamina c para que serve";"8100";"LOW";"";"";"";"";"";"SIM";"suplementos-volumes.json";"";"";"";"";"";"";"";"";"";"";"";"pilar";"243";"1458";"long tail";"2";"91500";"vitamina b12 para que serve (90500) | vitamina biotina para que serve (1000)"
"2 validada sem artigo";"Diabetes e exames";"ferro bisglicinato";"8100";"HIGH";"";"";"";"";"";"";"suplementos-volumes.json";"";"";"";"";"";"";"";"";"";"";"";"pilar";"243";"1458";"media (2 palavras)";"1";"480";"ferro bisglicinato para que serve (480)"
"2 validada sem artigo";"Saúde geral";"silício orgânico";"8100";"HIGH";"";"";"";"";"";"";"suplementos-volumes.json";"";"";"";"";"";"";"";"";"";"";"";"pilar";"243";"1458";"media (2 palavras)";"2";"4880";"silício orgânico para que serve (4400) | silício orgânico efeitos colaterais (480)"
"2 validada sem artigo";"Saúde geral";"pqq";"8100";"HIGH";"";"";"";"";"";"";"suplementos-volumes.json";"";"";"";"";"";"";"";"";"";"";"";"pilar";"243";"1458";"cabeca";"2";"10380";"pqq para que serve (9900) | pqq efeitos colaterais (480)"
"2 validada sem artigo";"Saúde geral";"msm para que serve";"8100";"HIGH";"";"";"";"";"";"";"suplementos-volumes.json";"";"";"";"";"";"";"";"";"";"";"";"pilar";"243";"1458";"long tail";"0";"";""
"2 validada sem artigo";"Saúde geral";"probióticos para que serve";"8100";"HIGH";"";"";"";"";"";"";"suplementos-volumes.json";"";"";"";"";"";"";"";"";"";"";"";"pilar";"243";"1458";"long tail";"0";"";""
"2 validada sem artigo";"Saúde geral";"luteína para que serve";"8100";"HIGH";"";"";"";"";"";"";"suplementos-volumes.json";"";"";"";"";"";"";"";"";"";"";"";"pilar";"243";"1458";"long tail";"0";"";""
"2 validada sem artigo";"Saúde geral";"maca peruana efeitos colaterais";"8100";"LOW";"";"";"";"";"";"SIM";"suplementos-volumes.json";"";"";"";"";"";"";"";"";"";"";"";"pilar";"243";"1458";"long tail";"0";"";""
"2 validada sem artigo";"Saúde geral";"zma para que serve";"8100";"HIGH";"";"";"";"";"";"";"suplementos-volumes.json";"";"";"";"";"";"";"";"";"";"";"";"pilar";"243";"1458";"long tail";"0";"";""
"2 validada sem artigo";"Alimentação e peso";"vitamina k para que serve";"8100";"LOW";"";"";"";"";"";"";"suplementos-volumes.json";"";"";"";"";"";"";"";"";"";"";"";"pilar";"243";"1458";"long tail";"2";"91500";"vitamina b12 para que serve (90500) | vitamina biotina para que serve (1000)"
"2 validada sem artigo";"Cabelo";"queda de cabelo causas";"7200";"MEDIUM";"";"";"";"";"";"SIM";"pauta antiga validada";"";"";"";"";"";"";"";"";"";"";"";"pilar";"216";"1296";"long tail";"7";"3010";"falta de vitamina d causa queda de cabelo (720) | estresse causa queda de cabelo (590) | ansiedade causa queda de cabelo (590) | causas de queda de cabelo feminino (480) | menopausa causa queda de cabelo (320) | queda de cabelo causas masculino (170) | oq causa queda de cabelo (140)"
"2 validada sem artigo";"Alimentação e peso";"alimentos anti inflamatórios";"6600";"MEDIUM";"";"";"";"";"";"SIM";"pauta antiga validada";"";"";"";"";"";"";"";"";"";"";"";"pilar";"198";"1188";"long tail";"0";"";""
"2 validada sem artigo";"Mulher e menopausa";"pré menopausa";"6600";"LOW";"";"";"";"";"";"SIM";"pauta antiga validada";"";"";"";"";"";"";"";"";"";"";"";"pilar";"198";"1188";"media (2 palavras)";"0";"";""
"2 validada sem artigo";"Alimentação e peso";"contagem de calorias";"6600";"MEDIUM";"caindo";"";"";"";"";"";"validadas/alimentacao-peso.json";"";"";"";"";"";"";"";"";"";"";"";"pilar";"198";"1188";"media (2 palavras)";"1";"720";"contagem de calorias app (720)"
"2 validada sem artigo";"Alimentação e peso";"contador de calorias";"6600";"MEDIUM";"caindo";"";"";"";"";"";"validadas/alimentacao-peso.json";"";"";"";"";"";"";"";"";"";"";"";"pilar";"198";"1188";"media (2 palavras)";"5";"3460";"contador de calorias gratuito (2400) | contador de calorias online (390) | contador de calorias gratis (320) | contador de calorias online grátis (210) | contador de calorias alimentos (140)"
"2 validada sem artigo";"Alimentação e peso";"remedio natural para emagrecer";"6600";"HIGH";"caindo";"";"";"";"";"";"validadas/alimentacao-peso.json";"";"";"";"";"";"";"";"";"";"";"";"pilar";"198";"1188";"long tail";"2";"580";"remédio natural para emagrecer na menopausa (320) | melhor remedio natural para emagrecer (260)"
"2 validada sem artigo";"Alimentação e peso";"calcular calorias";"6600";"LOW";"estável";"";"";"";"";"SIM";"validadas/alimentacao-peso.json";"";"";"";"";"";"";"";"";"";"";"";"pilar";"198";"1188";"media (2 palavras)";"6";"2320";"calcular calorias dos alimentos (880) | calcular calorias para emagrecer (480) | calcular quantas calorias devo ingerir por dia para emagrecer (390) | calcular quantas calorias devo ingerir por dia (260) | calcular calorias diárias (170) | calcular calorias por dia (140)"
"2 validada sem artigo";"Alimentação e peso";"lanche da tarde saudavel";"6600";"LOW";"caindo";"";"";"";"";"";"validadas/alimentacao-peso.json";"";"";"";"";"";"";"";"";"";"";"";"pilar";"198";"1188";"long tail";"1";"590";"opções de lanche da tarde saudável (590)"
"2 validada sem artigo";"Saúde geral";"tratamento de agua";"6600";"LOW";"caindo";"";"";"";"";"";"validadas/alimentacao-peso.json";"";"";"";"";"";"";"";"";"";"";"";"pilar";"198";"1188";"media (2 palavras)";"0";"";""
"2 validada sem artigo";"Saúde geral";"licor baileys";"6600";"HIGH";"estável";"";"";"";"";"";"validadas/alimentacao-peso.json";"";"";"";"";"";"";"";"";"";"";"";"pilar";"198";"1188";"media (2 palavras)";"0";"";""
"2 validada sem artigo";"Saúde geral";"coffee mais";"6600";"HIGH";"estável";"";"";"";"";"";"validadas/alimentacao-peso.json";"";"";"";"";"";"";"";"";"";"";"";"pilar";"198";"1188";"media (2 palavras)";"4";"3800";"drip coffee 3 corações (2400) | jacu bird coffee (1000) | evolution coffee (260) | termo coffee (140)"
"2 validada sem artigo";"Saúde geral";"frutas secas";"6600";"HIGH";"estável";"";"";"";"";"";"validadas/alimentacao-peso.json";"";"";"";"";"";"";"";"";"";"";"";"pilar";"198";"1188";"media (2 palavras)";"0";"";""
"2 validada sem artigo";"Saúde geral";"licor de chocolate";"6600";"HIGH";"subindo";"";"";"";"";"";"validadas/alimentacao-peso.json";"";"";"";"";"";"";"";"";"";"";"";"pilar";"198";"1188";"media (2 palavras)";"0";"";""
"2 validada sem artigo";"Digestão e fígado";"chá seca barriga caseiro em 4 dias";"6600";"MEDIUM";"caindo";"";"";"";"";"";"validadas/alimentacao-peso.json";"";"";"";"";"";"";"";"";"";"";"";"pilar";"198";"1188";"long tail";"0";"";""
"2 validada sem artigo";"Saúde geral";"3 corações gourmet";"6600";"HIGH";"subindo";"";"";"";"";"";"validadas/alimentacao-peso.json";"";"";"";"";"";"";"";"";"";"";"";"pilar";"198";"1188";"long tail";"1";"6600";"tres corações gourmet (6600)"
"2 validada sem artigo";"Saúde geral";"bebidas sem alcool";"6600";"HIGH";"estável";"";"";"";"";"";"validadas/alimentacao-peso.json";"";"";"";"";"";"";"";"";"";"";"";"pilar";"198";"1188";"long tail";"0";"";""
"2 validada sem artigo";"Saúde geral";"tres corações gourmet";"6600";"HIGH";"subindo";"";"";"";"";"";"validadas/alimentacao-peso.json";"";"";"";"";"";"";"";"";"";"";"";"pilar";"198";"1188";"long tail";"0";"";""
"2 validada sem artigo";"Saúde geral";"chás calmantes";"6600";"HIGH";"estável";"";"";"";"";"";"validadas/alimentacao-peso.json";"";"";"";"";"";"";"";"";"";"";"";"pilar";"198";"1188";"media (2 palavras)";"0";"";""
"2 validada sem artigo";"Saúde geral";"jaca fruta";"6600";"LOW";"estável";"";"";"";"";"";"validadas/alimentacao-peso.json";"";"";"";"";"";"";"";"";"";"";"";"pilar";"198";"1188";"media (2 palavras)";"0";"";""
"2 validada sem artigo";"Saúde geral";"bebida rosa";"6600";"HIGH";"estável";"";"";"";"";"";"validadas/alimentacao-peso.json";"";"";"";"";"";"";"";"";"";"";"";"pilar";"198";"1188";"media (2 palavras)";"0";"";""
"2 validada sem artigo";"Saúde geral";"cha espinheira santa";"6600";"HIGH";"estável";"";"";"";"";"";"validadas/alimentacao-peso.json";"";"";"";"";"";"";"";"";"";"";"";"pilar";"198";"1188";"long tail";"0";"";""
"2 validada sem artigo";"Saúde geral";"reeducação alimentar";"6600";"LOW";"caindo";"";"";"";"";"";"validadas/alimentacao-peso.json";"";"";"";"";"";"";"";"";"";"";"";"pilar";"198";"1188";"media (2 palavras)";"2";"2000";"reeducação alimentar para emagrecer (1000) | reeducação alimentar emagrece (1000)"
"2 validada sem artigo";"Alimentação e peso";"proteina vegana";"6600";"HIGH";"estável";"";"";"";"";"";"validadas/alimentacao-peso.json";"";"";"";"";"";"";"";"";"";"";"";"pilar";"198";"1188";"media (2 palavras)";"6";"2230";"proteina vegana growth (720) | proteina vegana nutrify (390) | melhor proteina vegana (390) | proteina vegana essential (260) | proteina vegana pura vida (260) | rakkau proteina vegana (210)"
"2 validada sem artigo";"Alimentação e peso";"dieta para emagrecer rapido";"6600";"HIGH";"caindo";"";"";"";"";"";"validadas/alimentacao-peso.json";"";"";"";"";"";"";"";"";"";"";"";"pilar";"198";"1188";"long tail";"3";"1010";"dieta de pobre para emagrecer rápido (480) | dieta infantil para emagrecer rápido (320) | dietas para emagrecer rápido e perder barriga (210)"
"2 validada sem artigo";"Saúde geral";"isofort vitafor";"6600";"HIGH";"subindo";"";"";"";"";"";"validadas/alimentacao-peso.json";"";"";"";"";"";"";"";"";"";"";"";"pilar";"198";"1188";"media (2 palavras)";"1";"170";"isofort vitafor neutro (170)"
"2 validada sem artigo";"Saúde geral";"protein crisp";"6600";"HIGH";"estável";"";"";"";"";"";"validadas/alimentacao-peso.json";"";"";"";"";"";"";"";"";"";"";"";"pilar";"198";"1188";"media (2 palavras)";"0";"";""
"2 validada sem artigo";"Alimentação e peso";"shake para emagrecer";"6600";"HIGH";"caindo";"";"";"";"";"";"validadas/alimentacao-peso.json";"";"";"";"";"";"";"";"";"";"";"";"pilar";"198";"1188";"media (2 palavras)";"1";"320";"melhor shake para emagrecer (320)"
"2 validada sem artigo";"Alimentação e peso";"jejum intermitente emagrece";"6600";"LOW";"caindo";"";"";"";"";"";"validadas/alimentacao-peso.json";"";"";"";"";"";"";"";"";"";"";"";"pilar";"198";"1188";"long tail";"1";"320";"jejum intermitente emagrece mesmo (320)"
"2 validada sem artigo";"Alimentação e peso";"shake emagrecedor";"6600";"HIGH";"caindo";"";"";"";"";"";"validadas/alimentacao-peso.json";"";"";"";"";"";"";"";"";"";"";"";"pilar";"198";"1188";"media (2 palavras)";"1";"480";"shake emagrecedor herbalife (480)"
"2 validada sem artigo";"Saúde geral";"probioticos naturais";"6600";"HIGH";"caindo";"";"";"";"";"";"validadas/alimentacao-peso.json";"";"";"";"";"";"";"";"";"";"";"";"pilar";"198";"1188";"media (2 palavras)";"0";"";""
"2 validada sem artigo";"Alimentação e peso";"alimentos sem gluten";"6600";"HIGH";"estável";"";"";"";"";"";"validadas/alimentacao-peso.json";"";"";"";"";"";"";"";"";"";"";"";"pilar";"198";"1188";"long tail";"9";"8290";"alimentos que tenham glúten (2900) | alimentos que não contem gluten (1600) | alimentos que não tem glúten (1600) | alimentos sem gluten e sem lactose (1000) | alimentos que contém glúten e lactose (390) | alimentos com gluten lista (320) | alimentos que não contém glúten e lactose (260) | alimentos que nao possuem gluten (110) | alimentos zero gluten (110)"
"2 validada sem artigo";"Alimentação e peso";"dietas para emagrecer rapido";"6600";"HIGH";"caindo";"";"";"";"";"";"validadas/alimentacao-peso.json";"";"";"";"";"";"";"";"";"";"";"";"pilar";"198";"1188";"long tail";"3";"1010";"dieta de pobre para emagrecer rápido (480) | dieta infantil para emagrecer rápido (320) | dietas para emagrecer rápido e perder barriga (210)"
"2 validada sem artigo";"Alimentação e peso";"metabolismo basal";"6600";"LOW";"caindo";"";"";"";"";"";"validadas/alimentacao-peso.json";"";"";"";"";"";"";"";"";"";"";"";"pilar";"198";"1188";"media (2 palavras)";"3";"6020";"cálculo metabolismo basal (2900) | taxa de metabolismo basal (2400) | calcular taxa de metabolismo basal (720)"
"2 validada sem artigo";"Saúde geral";"jejum intermitente como funciona";"6600";"MEDIUM";"caindo";"";"";"";"";"";"validadas/alimentacao-peso.json";"";"";"";"";"";"";"";"";"";"";"";"pilar";"198";"1188";"long tail";"0";"";""
"2 validada sem artigo";"Saúde geral";"imc infantil";"6600";"LOW";"estável";"";"";"";"";"SIM";"validadas/alimentacao-peso.json";"";"";"";"";"";"";"";"";"";"";"";"pilar";"198";"1188";"media (2 palavras)";"0";"";""
"2 validada sem artigo";"Saúde geral";"imc ideal";"6600";"LOW";"estável";"";"";"";"";"SIM";"validadas/alimentacao-peso.json";"";"";"";"";"";"";"";"";"";"";"";"pilar";"198";"1188";"media (2 palavras)";"0";"";""
"2 validada sem artigo";"Alimentação e peso";"ômega 3 emagrece";"6600";"LOW";"estável";"";"";"";"";"";"validadas/alimentacao-peso.json";"";"";"";"";"";"";"";"";"";"";"";"pilar";"198";"1188";"long tail";"0";"";""
"2 validada sem artigo";"Alimentação e peso";"peso ideal para altura";"6600";"LOW";"estável";"";"";"";"";"SIM";"validadas/alimentacao-peso.json";"";"";"";"";"";"";"";"";"";"";"";"pilar";"198";"1188";"long tail";"2";"13500";"peso ideal por altura (9900) | peso ideal para cada altura (3600)"
"2 validada sem artigo";"Alimentação e peso";"alimentos ricos em carboidratos";"6600";"LOW";"caindo";"";"";"";"";"";"validadas/alimentacao-peso.json";"";"";"";"";"";"";"";"";"";"";"";"pilar";"198";"1188";"long tail";"0";"";""
"2 validada sem artigo";"Alimentação e peso";"alimentos com gluten";"6600";"LOW";"caindo";"";"";"";"";"";"validadas/alimentacao-peso.json";"";"";"";"";"";"";"";"";"";"";"";"pilar";"198";"1188";"long tail";"9";"8290";"alimentos que tenham glúten (2900) | alimentos que não contem gluten (1600) | alimentos que não tem glúten (1600) | alimentos sem gluten e sem lactose (1000) | alimentos que contém glúten e lactose (390) | alimentos com gluten lista (320) | alimentos que não contém glúten e lactose (260) | alimentos que nao possuem gluten (110) | alimentos zero gluten (110)"
"2 validada sem artigo";"Pele";"dermatite seborreica tratamento";"6600";"HIGH";"estável";"";"";"";"";"";"validadas/cabelo-arvore.json";"";"";"";"";"";"";"";"";"";"";"";"pilar";"198";"1188";"long tail";"0";"";""
"2 validada sem artigo";"Cabelo";"alopecia frontal fibrosante";"6600";"LOW";"estável";"";"";"";"";"SIM";"validadas/cabelo-expandido.json";"";"";"";"";"";"";"";"";"";"";"";"pilar";"198";"1188";"long tail";"3";"960";"alopecia frontal fibrosante tratamento (590) | alopecia fibrosante frontal tem cura (260) | alopecia frontal fibrosante tratamiento natural (110)"
"2 validada sem artigo";"Cabelo";"babosa no cabelo como usar";"6600";"LOW";"estável";"";"";"";"";"SIM";"validadas/cabelo-expandido.json";"";"";"";"";"";"";"";"";"";"";"";"pilar";"198";"1188";"long tail";"0";"";""
"2 validada sem artigo";"Saúde geral";"efeitos colaterais do minoxidil";"6600";"LOW";"estável";"";"";"sim";"";"";"validadas/cabelo.json";"";"";"";"";"";"";"";"";"";"";"";"pilar";"198";"1188";"long tail";"1";"720";"minoxidil oral efeitos colaterais (720)"
"2 validada sem artigo";"Cabelo";"feridas no couro cabeludo";"6600";"LOW";"estável";"";"";"";"";"SIM";"validadas/cabelo.json";"";"";"";"";"";"";"";"";"";"";"";"pilar";"198";"1188";"long tail";"0";"";""
"2 validada sem artigo";"Cabelo";"cabelo quebradiço";"6600";"HIGH";"estável";"";"";"";"";"";"validadas/cabelo.json";"";"";"";"";"";"";"";"";"";"";"";"pilar";"198";"1188";"media (2 palavras)";"5";"1720";"cabelos fracos e quebradiços (720) | tratamento para cabelo quebradiço (320) | remedio para cabelos fracos e quebradiços (260) | cabelo quebradiço e caindo (210) | cabelo fraco e quebradiço o que fazer (210)"
"2 validada sem artigo";"Cabelo";"microagulhamento capilar";"6600";"HIGH";"estável";"";"";"";"";"";"validadas/cabelo.json";"";"";"";"";"";"";"";"";"";"";"";"pilar";"198";"1188";"media (2 palavras)";"1";"260";"microagulhamento capilar funciona (260)"
"2 validada sem artigo";"Saúde geral";"desmossomos";"6600";"LOW";"";"";"";"";"";"SIM";"pele-volumes.json";"";"";"";"";"";"";"";"";"";"";"";"pilar";"198";"1188";"cabeca";"0";"";""
"2 validada sem artigo";"Pele";"pele oleosa";"6600";"HIGH";"";"";"";"";"";"";"pele-volumes.json";"";"";"";"";"";"";"";"";"";"";"";"pilar";"198";"1188";"media (2 palavras)";"3";"12960";"protetor solar para pele oleosa (12100) | skincare para pele oleosa (720) | pele oleosa sensível (140)"
"2 validada sem artigo";"Saúde geral";"queratose actínica";"6600";"LOW";"";"";"";"";"";"SIM";"pele-volumes.json";"";"";"";"";"";"";"";"";"";"";"";"pilar";"198";"1188";"media (2 palavras)";"0";"";""
"2 validada sem artigo";"Saúde geral";"papada";"6600";"LOW";"";"";"";"";"";"SIM";"pele-volumes.json";"";"";"";"";"";"";"";"";"";"";"";"pilar";"198";"1188";"cabeca";"0";"";""
"2 validada sem artigo";"Pele";"estrias vermelhas";"6600";"MEDIUM";"";"";"";"";"";"SIM";"pele-volumes.json";"";"";"";"";"";"";"";"";"";"";"";"pilar";"198";"1188";"media (2 palavras)";"0";"";""
"2 validada sem artigo";"Pele";"manchas no rosto";"6600";"HIGH";"";"";"";"";"";"";"pele-volumes.json";"";"";"";"";"";"";"";"";"";"";"";"pilar";"198";"1188";"media (2 palavras)";"0";"";""
"2 validada sem artigo";"Saúde geral";"alfa arbutin";"6600";"HIGH";"";"";"";"";"";"";"pele-volumes.json";"";"";"";"";"";"";"";"";"";"";"";"pilar";"198";"1188";"media (2 palavras)";"0";"";""
"2 validada sem artigo";"Saúde geral";"radiofrequência facial";"6600";"HIGH";"";"";"";"";"";"";"pele-volumes.json";"";"";"";"";"";"";"";"";"";"";"";"pilar";"198";"1188";"media (2 palavras)";"0";"";""
"2 validada sem artigo";"Saúde geral";"intradermoterapia";"6600";"LOW";"";"";"";"";"";"SIM";"pele-volumes.json";"";"";"";"";"";"";"";"";"";"";"";"pilar";"198";"1188";"cabeca";"0";"";""
"2 validada sem artigo";"Saúde geral";"pós barba";"6600";"HIGH";"";"";"";"";"";"";"pele-volumes.json";"";"";"";"";"";"";"";"";"";"";"";"pilar";"198";"1188";"media (2 palavras)";"0";"";""
"2 validada sem artigo";"Saúde geral";"hipersonia";"6600";"LOW";"";"";"";"";"";"SIM";"sono-volumes.json";"";"";"";"";"";"";"";"";"";"";"";"pilar";"198";"1188";"cabeca";"0";"";""
"2 validada sem artigo";"Saúde geral";"magnésio taurato";"6600";"HIGH";"";"";"";"";"";"";"suplementos-volumes.json";"";"";"";"";"";"";"";"";"";"";"";"pilar";"198";"1188";"media (2 palavras)";"2";"8270";"magnésio taurato para que serve (8100) | magnésio taurato efeitos colaterais (170)"
"2 validada sem artigo";"Saúde geral";"picolinato de cromo efeitos colaterais";"6600";"LOW";"";"";"";"";"";"";"suplementos-volumes.json";"";"";"";"";"";"";"";"";"";"";"";"pilar";"198";"1188";"long tail";"0";"";""
"2 validada sem artigo";"Saúde geral";"inulina para que serve";"6600";"HIGH";"";"";"";"";"";"";"suplementos-volumes.json";"";"";"";"";"";"";"";"";"";"";"";"pilar";"198";"1188";"long tail";"0";"";""
"2 validada sem artigo";"Saúde geral";"n acetilcisteína para que serve";"6600";"HIGH";"";"";"";"";"";"";"suplementos-volumes.json";"";"";"";"";"";"";"";"";"";"";"";"pilar";"198";"1188";"long tail";"0";"";""
"2 validada sem artigo";"Saúde geral";"chlorella para que serve";"6600";"HIGH";"";"";"";"";"";"";"suplementos-volumes.json";"";"";"";"";"";"";"";"";"";"";"";"pilar";"198";"1188";"long tail";"0";"";""
"2 validada sem artigo";"Saúde geral";"licopeno para que serve";"6600";"MEDIUM";"";"";"";"";"";"SIM";"suplementos-volumes.json";"";"";"";"";"";"";"";"";"";"";"";"pilar";"198";"1188";"long tail";"0";"";""
"2 validada sem artigo";"Saúde geral";"vinagre de maçã para que serve";"6600";"LOW";"";"";"";"";"";"SIM";"suplementos-volumes.json";"";"";"";"";"";"";"";"";"";"";"";"pilar";"198";"1188";"long tail";"0";"";""
"2 validada sem artigo";"Saúde geral";"d ribose";"6600";"HIGH";"";"";"";"";"";"";"suplementos-volumes.json";"";"";"";"";"";"";"";"";"";"";"";"pilar";"198";"1188";"media (2 palavras)";"2";"3770";"d ribose para que serve (3600) | d ribose efeitos colaterais (170)"
"2 validada sem artigo";"Cabelo";"melhor vitamina para queda de cabelo";"6600";"HIGH";"";"";"";"";"";"";"queda-de-cabelo-ideias-hypd.json";"";"";"";"";"";"";"";"";"";"";"";"pilar";"198";"1188";"long tail";"2";"3770";"melhor vitamina para queda de cabelo feminino (3600) | melhor vitamina para queda de cabelo pós bariátrica (170)"
"2 validada sem artigo";"Cabelo";"melhores vitaminas para queda de cabelo";"6600";"HIGH";"";"";"";"";"";"";"queda-de-cabelo-ideias-hypd.json";"";"";"";"";"";"";"";"";"";"";"";"pilar";"198";"1188";"long tail";"1";"3600";"melhores vitaminas para queda de cabelo feminino (3600)"
"2 validada sem artigo";"Alimentação e peso";"jantar saudável";"5400";"LOW";"caindo";"";"";"";"";"";"pauta antiga validada";"";"";"";"";"";"";"";"";"";"";"";"pilar";"162";"972";"media (2 palavras)";"7";"7180";"jantar saudável para emagrecer (1600) | opções de jantar saudável (1600) | jantar rápido e saudável (1600) | lanche saudável para substituir o jantar (720) | jantar leve e saudável (590) | jantar saudavel e gostoso (590) | jantar saudável e simples (480)"
"2 validada sem artigo";"Saúde geral";"sobrepeso";"5400";"LOW";"estável";"";"";"";"";"SIM";"validadas/alimentacao-peso.json";"";"";"";"";"";"";"";"";"";"";"";"pilar";"162";"972";"cabeca";"1";"880";"sobrepeso e obesidade (880)"
"2 validada sem artigo";"Saúde geral";"fome zero";"5400";"LOW";"estável";"";"";"";"";"SIM";"validadas/alimentacao-peso.json";"";"";"";"";"";"";"";"";"";"";"";"pilar";"162";"972";"media (2 palavras)";"2";"990";"fome zero e agricultura sustentável (880) | betinho fome zero (110)"
"2 validada sem artigo";"Saúde geral";"fomezero";"5400";"LOW";"estável";"";"";"";"";"SIM";"validadas/alimentacao-peso.json";"";"";"";"";"";"";"";"";"";"";"";"pilar";"162";"972";"cabeca";"0";"";""
"2 validada sem artigo";"Alimentação e peso";"receitas saudáveis";"5400";"LOW";"caindo";"";"";"";"";"";"validadas/alimentacao-peso.json";"";"";"";"";"";"";"";"";"";"";"";"pilar";"162";"972";"media (2 palavras)";"13";"9770";"30 receitas de marmitas saudáveis (1900) | receitas saudáveis para crianças (1600) | receitas saudaveis faceis (1300) | receitas de lanches saudaveis (1300) | receitas saudáveis para o dia a dia (720) | receitas saudáveis para jantar (720) | comidas saudaveis receitas (590) | receitas saudáveis simples (390) | receitas saudáveis para almoço (390) | receitas saudáveis para emagrecer (320)"
"2 validada sem artigo";"Alimentação e peso";"musculação e emagrecimento";"5400";"LOW";"caindo";"";"";"";"";"";"validadas/alimentacao-peso.json";"";"";"";"";"";"";"";"";"";"";"";"pilar";"162";"972";"media (2 palavras)";"0";"";""
"2 validada sem artigo";"Alimentação e peso";"melhor remedio para emagrecer";"5400";"HIGH";"caindo";"";"";"";"";"";"validadas/alimentacao-peso.json";"";"";"";"";"";"";"";"";"";"";"";"pilar";"162";"972";"long tail";"3";"1060";"melhor remedio para emagrecer rapido (590) | melhor remedio natural para emagrecer (260) | melhor remédio para emagrecer na menopausa (210)"
"2 validada sem artigo";"Saúde geral";"nutrição enteral";"5400";"HIGH";"estável";"";"";"";"";"";"validadas/alimentacao-peso.json";"";"";"";"";"";"";"";"";"";"";"";"pilar";"162";"972";"media (2 palavras)";"0";"";""
"2 validada sem artigo";"Saúde geral";"marmitas liv up";"5400";"HIGH";"subindo";"";"";"";"";"";"validadas/alimentacao-peso.json";"";"";"";"";"";"";"";"";"";"";"";"pilar";"162";"972";"long tail";"0";"";""
"2 validada sem artigo";"Alimentação e peso";"musculação emagrece";"5400";"LOW";"caindo";"";"";"";"";"";"validadas/alimentacao-peso.json";"";"";"";"";"";"";"";"";"";"";"";"pilar";"162";"972";"media (2 palavras)";"0";"";""
"2 validada sem artigo";"Alimentação e peso";"musculação para emagrecer";"5400";"LOW";"caindo";"";"";"";"";"";"validadas/alimentacao-peso.json";"";"";"";"";"";"";"";"";"";"";"";"pilar";"162";"972";"media (2 palavras)";"1";"320";"treino de musculação para emagrecer (320)"
"2 validada sem artigo";"Saúde geral";"cafés especiais";"5400";"HIGH";"estável";"";"";"";"";"";"validadas/alimentacao-peso.json";"";"";"";"";"";"";"";"";"";"";"";"pilar";"162";"972";"media (2 palavras)";"0";"";""
"2 validada sem artigo";"Saúde geral";"mccafé";"5400";"LOW";"estável";"";"";"";"";"SIM";"validadas/alimentacao-peso.json";"";"";"";"";"";"";"";"";"";"";"";"pilar";"162";"972";"cabeca";"0";"";""
"2 validada sem artigo";"Alimentação e peso";"cha para emagrecer rapido";"5400";"HIGH";"caindo";"";"";"";"";"";"validadas/alimentacao-peso.json";"";"";"";"";"";"";"";"";"";"";"";"pilar";"162";"972";"long tail";"1";"720";"chá para emagrecer rápido e perder barriga (720)"
"2 validada sem artigo";"Saúde geral";"almoço rapido";"5400";"LOW";"caindo";"";"";"";"";"";"validadas/alimentacao-peso.json";"";"";"";"";"";"";"";"";"";"";"";"pilar";"162";"972";"media (2 palavras)";"1";"390";"almoço rápido e saudável (390)"
"2 validada sem artigo";"Saúde geral";"barra de cereal nutry";"5400";"HIGH";"estável";"";"";"";"";"";"validadas/alimentacao-peso.json";"";"";"";"";"";"";"";"";"";"";"";"pilar";"162";"972";"long tail";"0";"";""
"2 validada sem artigo";"Saúde geral";"agua para radiador";"5400";"HIGH";"estável";"";"";"";"";"";"validadas/alimentacao-peso.json";"";"";"";"";"";"";"";"";"";"";"";"pilar";"162";"972";"media (2 palavras)";"0";"";""
"2 validada sem artigo";"Saúde geral";"carne seca desfiada";"5400";"HIGH";"subindo";"";"";"";"";"";"validadas/alimentacao-peso.json";"";"";"";"";"";"";"";"";"";"";"";"pilar";"162";"972";"long tail";"1";"880";"carne seca desfiada swift (880)"
"2 validada sem artigo";"Saúde geral";"amarula licor";"5400";"HIGH";"estável";"";"";"";"";"";"validadas/alimentacao-peso.json";"";"";"";"";"";"";"";"";"";"";"";"pilar";"162";"972";"media (2 palavras)";"0";"";""
"2 validada sem artigo";"Alimentação e peso";"lanches rapidos";"5400";"LOW";"estável";"";"";"";"";"";"validadas/alimentacao-peso.json";"";"";"";"";"";"";"";"";"";"";"";"pilar";"162";"972";"media (2 palavras)";"1";"880";"lanches rapidos saudaveis (880)"
"2 validada sem artigo";"Saúde geral";"frutas brasileiras";"5400";"LOW";"estável";"";"";"";"";"";"validadas/alimentacao-peso.json";"";"";"";"";"";"";"";"";"";"";"";"pilar";"162";"972";"media (2 palavras)";"0";"";""
"2 validada sem artigo";"Alimentação e peso";"frutas para emagrecer";"5400";"LOW";"caindo";"";"";"";"";"";"validadas/alimentacao-peso.json";"";"";"";"";"";"";"";"";"";"";"";"pilar";"162";"972";"media (2 palavras)";"1";"2900";"frutas que ajudam a emagrecer (2900)"
"2 validada sem artigo";"Saúde geral";"melhores cafés";"5400";"HIGH";"estável";"";"";"";"";"";"validadas/alimentacao-peso.json";"";"";"";"";"";"";"";"";"";"";"";"pilar";"162";"972";"media (2 palavras)";"0";"";""
"2 validada sem artigo";"Saúde geral";"bebida whisky";"5400";"MEDIUM";"subindo";"";"";"";"";"";"validadas/alimentacao-peso.json";"";"";"";"";"";"";"";"";"";"";"";"pilar";"162";"972";"media (2 palavras)";"0";"";""
"2 validada sem artigo";"Saúde geral";"bebida amarula";"5400";"HIGH";"estável";"";"";"";"";"";"validadas/alimentacao-peso.json";"";"";"";"";"";"";"";"";"";"";"";"pilar";"162";"972";"media (2 palavras)";"0";"";""
"2 validada sem artigo";"Saúde geral";"bebida aperol";"5400";"HIGH";"estável";"";"";"";"";"";"validadas/alimentacao-peso.json";"";"";"";"";"";"";"";"";"";"";"";"pilar";"162";"972";"media (2 palavras)";"0";"";""
"2 validada sem artigo";"Alimentação e peso";"dieta para ganhar massa muscular";"5400";"MEDIUM";"caindo";"";"";"";"";"";"validadas/alimentacao-peso.json";"";"";"";"";"";"";"";"";"";"";"";"pilar";"162";"972";"long tail";"3";"1980";"dieta para perder barriga e ganhar massa muscular (1000) | dieta para perder gordura e ganhar massa muscular (720) | dieta para quem quer ganhar massa muscular (260)"
"2 validada sem artigo";"Saúde geral";"isocrisp";"5400";"HIGH";"estável";"";"";"";"";"";"validadas/alimentacao-peso.json";"";"";"";"";"";"";"";"";"";"";"";"pilar";"162";"972";"cabeca";"2";"4540";"isocrisp vitafor (4400) | isocrisp vegan (140)"
"2 validada sem artigo";"Alimentação e peso";"alimentos para aumentar a imunidade";"5400";"MEDIUM";"estável";"";"";"";"";"SIM";"validadas/alimentacao-peso.json";"";"";"";"";"";"";"";"";"";"";"";"pilar";"162";"972";"long tail";"0";"";""
"2 validada sem artigo";"Saúde geral";"açucar união";"5400";"HIGH";"estável";"";"";"";"";"";"validadas/alimentacao-peso.json";"";"";"";"";"";"";"";"";"";"";"";"pilar";"162";"972";"media (2 palavras)";"0";"";""
"2 validada sem artigo";"Saúde geral";"polidextrose";"5400";"HIGH";"estável";"";"";"";"";"";"validadas/alimentacao-peso.json";"";"";"";"";"";"";"";"";"";"";"";"pilar";"162";"972";"cabeca";"0";"";""
"2 validada sem artigo";"Saúde geral";"carbup";"5400";"HIGH";"estável";"";"";"";"";"";"validadas/alimentacao-peso.json";"";"";"";"";"";"";"";"";"";"";"";"pilar";"162";"972";"cabeca";"0";"";""
"2 validada sem artigo";"Alimentação e peso";"cardápios para emagrecer";"5400";"MEDIUM";"caindo";"";"";"";"";"";"validadas/alimentacao-peso.json";"";"";"";"";"";"";"";"";"";"";"";"pilar";"162";"972";"media (2 palavras)";"3";"1650";"cardapio de dieta para emagrecer (1300) | marmita fitness cardápio semanal para emagrecer (210) | cardápio saudável para emagrecer (140)"
"2 validada sem artigo";"Saúde geral";"obstipação";"5400";"LOW";"caindo";"";"";"";"";"";"validadas/alimentacao-peso.json";"";"";"";"";"";"";"";"";"";"";"";"pilar";"162";"972";"cabeca";"1";"1300";"obstipação intestinal (1300)"
"2 validada sem artigo";"Cabelo";"cabelo com frizz";"5400";"HIGH";"estável";"";"";"";"";"";"validadas/cabelo-arvore.json";"";"";"";"";"";"";"";"";"";"";"";"pilar";"162";"972";"long tail";"0";"";""
"2 validada sem artigo";"Saúde geral";"folículo piloso";"5400";"LOW";"estável";"";"";"";"";"SIM";"validadas/cabelo-arvore.json";"";"";"";"";"";"";"";"";"";"";"";"pilar";"162";"972";"media (2 palavras)";"0";"";""
"2 validada sem artigo";"Saúde geral";"dht o que é";"5400";"LOW";"estável";"";"";"";"";"SIM";"validadas/cabelo-arvore.json";"";"";"";"";"";"";"";"";"";"";"";"pilar";"162";"972";"media (2 palavras)";"0";"";""
"2 validada sem artigo";"Cabelo";"mesoterapia capilar";"5400";"MEDIUM";"estável";"";"";"";"";"SIM";"validadas/cabelo-arvore.json";"";"";"";"";"";"";"";"";"";"";"";"pilar";"162";"972";"media (2 palavras)";"0";"";""
"2 validada sem artigo";"Cabelo";"bio extratus antiqueda";"5400";"HIGH";"subindo";"";"";"";"";"";"validadas/cabelo-expandido.json";"";"";"";"";"";"";"";"";"";"";"";"pilar";"162";"972";"long tail";"1";"210";"bio extratus antiqueda é bom (210)"
"2 validada sem artigo";"Saúde geral";"creme yamasterol";"5400";"HIGH";"estável";"";"";"";"";"";"validadas/cabelo-expandido.json";"";"";"";"";"";"";"";"";"";"";"";"pilar";"162";"972";"media (2 palavras)";"0";"";""
"2 validada sem artigo";"Saúde geral";"foliculite na axila";"5400";"LOW";"estável";"";"";"";"";"SIM";"validadas/cabelo-expandido.json";"";"";"";"";"";"";"";"";"";"";"";"pilar";"162";"972";"media (2 palavras)";"0";"";""
"2 validada sem artigo";"Cabelo";"cabelo ressecado";"5400";"HIGH";"estável";"";"";"";"";"";"validadas/cabelo.json";"";"";"";"";"";"";"";"";"";"";"";"pilar";"162";"972";"media (2 palavras)";"1";"720";"hidratação com babosa para cabelo ressecado (720)"
"2 validada sem artigo";"Cabelo";"melhor shampoo para queda de cabelo";"5400";"HIGH";"subindo";"";"";"";"";"";"validadas/cabelo.json";"";"";"";"";"";"";"";"";"";"";"";"pilar";"162";"972";"long tail";"0";"";""
"2 validada sem artigo";"Cabelo";"vitaminas para queda de cabelo feminino";"5400";"HIGH";"subindo";"";"";"";"";"";"validadas/cabelo.json";"";"";"";"";"";"";"";"";"";"";"";"pilar";"162";"972";"long tail";"2";"7200";"melhores vitaminas para queda de cabelo feminino (3600) | melhor vitamina para queda de cabelo feminino (3600)"
"2 validada sem artigo";"Saúde geral";"rubor facial";"5400";"LOW";"";"";"";"";"";"SIM";"pele-volumes.json";"";"";"";"";"";"";"";"";"";"";"";"pilar";"162";"972";"media (2 palavras)";"0";"";""
"2 validada sem artigo";"Pele";"hiperpigmentação pós inflamatória";"5400";"LOW";"";"";"";"";"";"SIM";"pele-volumes.json";"";"";"";"";"";"";"";"";"";"";"";"pilar";"162";"972";"long tail";"0";"";""
"2 validada sem artigo";"Saúde geral";"foliculite decalvante";"5400";"LOW";"";"";"";"";"";"SIM";"pele-volumes.json";"";"";"";"";"";"";"";"";"";"";"";"pilar";"162";"972";"media (2 palavras)";"0";"";""
"2 validada sem artigo";"Próstata e vias urinárias";"hiperplasia sebácea";"5400";"LOW";"";"";"";"";"";"SIM";"pele-volumes.json";"";"";"";"";"";"";"";"";"";"";"";"pilar";"162";"972";"media (2 palavras)";"0";"";""
"2 validada sem artigo";"Pele";"estrias brancas";"5400";"MEDIUM";"";"";"";"";"";"SIM";"pele-volumes.json";"";"";"";"";"";"";"";"";"";"";"";"pilar";"162";"972";"media (2 palavras)";"0";"";""
"2 validada sem artigo";"Saúde geral";"ácido kójico";"5400";"HIGH";"";"";"";"";"";"";"pele-volumes.json";"";"";"";"";"";"";"";"";"";"";"";"pilar";"162";"972";"media (2 palavras)";"0";"";""
"2 validada sem artigo";"Pele";"protetor solar toque seco";"5400";"HIGH";"";"";"";"";"";"";"pele-volumes.json";"";"";"";"";"";"";"";"";"";"";"";"pilar";"162";"972";"long tail";"0";"";""
"2 validada sem artigo";"Visão e audição";"creme para olhos";"5400";"HIGH";"";"";"";"";"";"";"pele-volumes.json";"";"";"";"";"";"";"";"";"";"";"";"pilar";"162";"972";"media (2 palavras)";"0";"";""
"2 validada sem artigo";"Pele";"dermatite de fralda";"5400";"LOW";"";"";"";"";"";"SIM";"pele-volumes.json";"";"";"";"";"";"";"";"";"";"";"";"pilar";"162";"972";"media (2 palavras)";"0";"";""
"2 validada sem artigo";"Saúde geral";"púrpura senil";"5400";"LOW";"";"";"";"";"";"SIM";"pele-volumes.json";"";"";"";"";"";"";"";"";"";"";"";"pilar";"162";"972";"media (2 palavras)";"0";"";""
"2 validada sem artigo";"Saúde geral";"axilas escuras";"5400";"LOW";"";"";"";"";"";"SIM";"pele-volumes.json";"";"";"";"";"";"";"";"";"";"";"";"pilar";"162";"972";"media (2 palavras)";"0";"";""
"2 validada sem artigo";"Sono";"médico do sono";"5400";"MEDIUM";"";"";"";"";"";"SIM";"sono-volumes.json";"";"";"";"";"";"";"";"";"";"";"";"pilar";"162";"972";"media (2 palavras)";"0";"";""
"2 validada sem artigo";"Alimentação e peso";"vitamina b1 para que serve";"5400";"LOW";"";"";"";"";"";"SIM";"suplementos-volumes.json";"";"";"";"";"";"";"";"";"";"";"";"pilar";"162";"972";"long tail";"2";"91500";"vitamina b12 para que serve (90500) | vitamina biotina para que serve (1000)"
"2 validada sem artigo";"Saúde geral";"niacina para que serve";"5400";"LOW";"";"";"";"";"";"SIM";"suplementos-volumes.json";"";"";"";"";"";"";"";"";"";"";"";"pilar";"162";"972";"long tail";"0";"";""
"2 validada sem artigo";"Saúde geral";"selênio para que serve";"5400";"MEDIUM";"";"";"";"";"";"SIM";"suplementos-volumes.json";"";"";"";"";"";"";"";"";"";"";"";"pilar";"162";"972";"long tail";"0";"";""
"2 validada sem artigo";"Saúde geral";"óleo de krill";"5400";"HIGH";"";"";"";"";"";"";"suplementos-volumes.json";"";"";"";"";"";"";"";"";"";"";"";"pilar";"162";"972";"media (2 palavras)";"2";"1710";"óleo de krill para que serve (1600) | óleo de krill efeitos colaterais (110)"
"2 validada sem artigo";"Saúde geral";"ubiquinol";"5400";"HIGH";"";"";"";"";"";"";"suplementos-volumes.json";"";"";"";"";"";"";"";"";"";"";"";"pilar";"162";"972";"cabeca";"1";"1900";"ubiquinol para que serve (1900)"
"2 validada sem artigo";"Saúde geral";"condroitina para que serve";"5400";"HIGH";"";"";"";"";"";"";"suplementos-volumes.json";"";"";"";"";"";"";"";"";"";"";"";"pilar";"162";"972";"long tail";"0";"";""
"2 validada sem artigo";"Saúde geral";"glucosamina para que serve";"5400";"HIGH";"";"";"";"";"";"";"suplementos-volumes.json";"";"";"";"";"";"";"";"";"";"";"";"pilar";"162";"972";"long tail";"0";"";""
"2 validada sem artigo";"Saúde geral";"cafeína para que serve";"5400";"LOW";"";"";"";"";"";"SIM";"suplementos-volumes.json";"";"";"";"";"";"";"";"";"";"";"";"pilar";"162";"972";"long tail";"0";"";""
"2 validada sem artigo";"Saúde geral";"fosfatidilserina para que serve";"5400";"HIGH";"";"";"";"";"";"";"suplementos-volumes.json";"";"";"";"";"";"";"";"";"";"";"";"pilar";"162";"972";"long tail";"0";"";""
"2 validada sem artigo";"Saúde geral";"alfa gpc";"5400";"HIGH";"";"";"";"";"";"";"suplementos-volumes.json";"";"";"";"";"";"";"";"";"";"";"";"pilar";"162";"972";"media (2 palavras)";"1";"880";"alfa gpc para que serve (880)"
"2 validada sem artigo";"Saúde geral";"ácido fólico na gravidez";"5400";"HIGH";"";"";"";"";"";"";"suplementos-volumes.json";"";"";"";"";"";"";"";"";"";"";"";"pilar";"162";"972";"long tail";"0";"";""
"2 validada sem artigo";"Saúde geral";"dhea para que serve";"5400";"LOW";"";"";"";"";"";"SIM";"suplementos-volumes.json";"";"";"";"";"";"";"";"";"";"";"";"pilar";"162";"972";"long tail";"0";"";""
"2 validada sem artigo";"Saúde geral";"bromelaína para que serve";"5400";"MEDIUM";"";"";"";"";"";"SIM";"suplementos-volumes.json";"";"";"";"";"";"";"";"";"";"";"";"pilar";"162";"972";"long tail";"0";"";""
"2 validada sem artigo";"Cabelo";"vitamina para queda de cabelo feminino";"5400";"HIGH";"";"";"";"";"";"";"queda-de-cabelo-ideias-hypd.json";"";"";"";"";"";"";"";"";"";"";"";"pilar";"162";"972";"long tail";"2";"7200";"melhores vitaminas para queda de cabelo feminino (3600) | melhor vitamina para queda de cabelo feminino (3600)"
"2 validada sem artigo";"Coração e colesterol";"chá para colesterol";"4400";"LOW";"";"";"";"sim";"";"";"pauta antiga validada";"";"";"";"";"";"";"";"";"";"";"";"media";"132";"792";"media (2 palavras)";"0";"";""
"2 validada sem artigo";"Saúde geral";"perda de massa muscular";"4400";"LOW";"";"";"";"";"";"";"pauta antiga validada";"";"";"";"";"";"";"";"";"";"";"";"media";"132";"792";"long tail";"0";"";""
"2 validada sem artigo";"Saúde geral";"saciedade";"4400";"LOW";"estável";"";"";"";"";"";"validadas/alimentacao-peso.json";"";"";"";"";"";"";"";"";"";"";"";"media";"132";"792";"cabeca";"0";"";""
"2 validada sem artigo";"Digestão e fígado";"perder barriga";"4400";"HIGH";"caindo";"";"";"";"";"";"validadas/alimentacao-peso.json";"";"";"";"";"";"";"";"";"";"";"";"media";"132";"792";"media (2 palavras)";"33";"34530";"dieta para perder barriga (8100) | não quero emagrecer quero perder barriga (4400) | gordura na barriga como perder (3600) | chá para perder barriga (3600) | 7 exercícios para perder barriga (2400) | perder barriga rapido (1900) | alimentacao para perder barriga (1000) | alimentos para perder barriga (1000) | dieta para perder barriga e ganhar massa muscular (1000) | abdominais ajuda a perder barriga (880)"
"2 validada sem artigo";"Saúde geral";"gordura visceral como eliminar";"4400";"HIGH";"estável";"";"";"";"";"";"validadas/alimentacao-peso.json";"";"";"";"";"";"";"";"";"";"";"";"media";"132";"792";"long tail";"0";"";""
"2 validada sem artigo";"Saúde geral";"gordura visceral como perder";"4400";"MEDIUM";"estável";"";"";"";"";"";"validadas/alimentacao-peso.json";"";"";"";"";"";"";"";"";"";"";"";"media";"132";"792";"long tail";"0";"";""
"2 validada sem artigo";"Saúde geral";"nutrição esportiva";"4400";"MEDIUM";"estável";"";"";"";"";"";"validadas/alimentacao-peso.json";"";"";"";"";"";"";"";"";"";"";"";"media";"132";"792";"media (2 palavras)";"0";"";""
"2 validada sem artigo";"Saúde geral";"almoço saudavel";"4400";"LOW";"caindo";"";"";"";"";"";"validadas/alimentacao-peso.json";"";"";"";"";"";"";"";"";"";"";"";"media";"132";"792";"media (2 palavras)";"3";"980";"opções de almoço saudável (480) | almoço rápido e saudável (390) | almoço saudável e simples (110)"
"2 validada sem artigo";"Saúde geral";"nutri esportivo";"4400";"MEDIUM";"estável";"";"";"";"";"";"validadas/alimentacao-peso.json";"";"";"";"";"";"";"";"";"";"";"";"media";"132";"792";"media (2 palavras)";"0";"";""
"2 validada sem artigo";"Saúde geral";"almoços saudaveis";"4400";"LOW";"caindo";"";"";"";"";"";"validadas/alimentacao-peso.json";"";"";"";"";"";"";"";"";"";"";"";"media";"132";"792";"media (2 palavras)";"2";"600";"receitas saudáveis para almoço (390) | comidas saudaveis para almoço (210)"
"2 validada sem artigo";"Saúde geral";"bolos saudaveis";"4400";"LOW";"estável";"";"";"";"";"";"validadas/alimentacao-peso.json";"";"";"";"";"";"";"";"";"";"";"";"media";"132";"792";"media (2 palavras)";"0";"";""
"2 validada sem artigo";"Saúde geral";"nutrição no esporte";"4400";"MEDIUM";"estável";"";"";"";"";"";"validadas/alimentacao-peso.json";"";"";"";"";"";"";"";"";"";"";"";"media";"132";"792";"media (2 palavras)";"0";"";""
"2 validada sem artigo";"Saúde geral";"coca cola light";"4400";"HIGH";"estável";"";"";"";"";"";"validadas/alimentacao-peso.json";"";"";"";"";"";"";"";"";"";"";"";"media";"132";"792";"long tail";"0";"";""
"2 validada sem artigo";"Saúde geral";"ods 6";"4400";"LOW";"caindo";"";"";"";"";"";"validadas/alimentacao-peso.json";"";"";"";"";"";"";"";"";"";"";"";"media";"132";"792";"media (2 palavras)";"0";"";""
"2 validada sem artigo";"Saúde geral";"frutas congeladas";"4400";"HIGH";"estável";"";"";"";"";"";"validadas/alimentacao-peso.json";"";"";"";"";"";"";"";"";"";"";"";"media";"132";"792";"media (2 palavras)";"1";"8100";"frutas vermelhas congeladas (8100)"
"2 validada sem artigo";"Saúde geral";"carne angus";"4400";"LOW";"estável";"";"";"";"";"";"validadas/alimentacao-peso.json";"";"";"";"";"";"";"";"";"";"";"";"media";"132";"792";"media (2 palavras)";"0";"";""
"2 validada sem artigo";"Saúde geral";"bebida margarita";"4400";"LOW";"subindo";"";"";"";"";"";"validadas/alimentacao-peso.json";"";"";"";"";"";"";"";"";"";"";"";"media";"132";"792";"media (2 palavras)";"0";"";""
"2 validada sem artigo";"Alimentação e peso";"chá para desinchar e emagrecer";"4400";"HIGH";"subindo";"";"";"";"";"";"validadas/alimentacao-peso.json";"";"";"";"";"";"";"";"";"";"";"";"media";"132";"792";"long tail";"0";"";""
"2 validada sem artigo";"Saúde geral";"promoção de carne hoje";"4400";"HIGH";"estável";"";"";"";"";"";"validadas/alimentacao-peso.json";"";"";"";"";"";"";"";"";"";"";"";"media";"132";"792";"long tail";"0";"";""
"2 validada sem artigo";"Saúde geral";"desfiador de frango";"4400";"HIGH";"subindo";"";"";"";"";"";"validadas/alimentacao-peso.json";"";"";"";"";"";"";"";"";"";"";"";"media";"132";"792";"media (2 palavras)";"0";"";""
"2 validada sem artigo";"Saúde geral";"descafeinado";"4400";"HIGH";"estável";"";"";"";"";"";"validadas/alimentacao-peso.json";"";"";"";"";"";"";"";"";"";"";"";"media";"132";"792";"cabeca";"3";"2960";"nescafé descafeinado (1600) | cappuccino descafeinado (880) | nespresso descafeinado (480)"
"2 validada sem artigo";"Saúde geral";"recursos hidricos";"4400";"LOW";"caindo";"";"";"";"";"";"validadas/alimentacao-peso.json";"";"";"";"";"";"";"";"";"";"";"";"media";"132";"792";"media (2 palavras)";"0";"";""
"2 validada sem artigo";"Saúde geral";"citrico";"4400";"LOW";"estável";"";"";"";"";"";"validadas/alimentacao-peso.json";"";"";"";"";"";"";"";"";"";"";"";"media";"132";"792";"cabeca";"0";"";""
"2 validada sem artigo";"Alimentação e peso";"lanches fitness";"4400";"MEDIUM";"caindo";"";"";"";"";"";"validadas/alimentacao-peso.json";"";"";"";"";"";"";"";"";"";"";"";"media";"132";"792";"media (2 palavras)";"1";"320";"receitas lanches fitness fáceis (320)"
"2 validada sem artigo";"Saúde geral";"pinga 51";"4400";"HIGH";"caindo";"";"";"";"";"";"validadas/alimentacao-peso.json";"";"";"";"";"";"";"";"";"";"";"";"media";"132";"792";"media (2 palavras)";"0";"";""
"2 validada sem artigo";"Saúde geral";"chá oolong";"4400";"HIGH";"estável";"";"";"";"";"";"validadas/alimentacao-peso.json";"";"";"";"";"";"";"";"";"";"";"";"media";"132";"792";"media (2 palavras)";"0";"";""
"2 validada sem artigo";"Saúde geral";"chá de valeriana";"4400";"HIGH";"estável";"";"";"";"";"";"validadas/alimentacao-peso.json";"";"";"";"";"";"";"";"";"";"";"";"media";"132";"792";"media (2 palavras)";"0";"";""
"2 validada sem artigo";"Saúde geral";"carne guisada";"4400";"LOW";"estável";"";"";"";"";"";"validadas/alimentacao-peso.json";"";"";"";"";"";"";"";"";"";"";"";"media";"132";"792";"media (2 palavras)";"0";"";""
"2 validada sem artigo";"Saúde geral";"chá para desinchar o corpo";"4400";"HIGH";"caindo";"";"";"";"";"";"validadas/alimentacao-peso.json";"";"";"";"";"";"";"";"";"";"";"";"media";"132";"792";"long tail";"0";"";""
"2 validada sem artigo";"Saúde geral";"ovo pasteurizado";"4400";"HIGH";"estável";"";"";"";"";"";"validadas/alimentacao-peso.json";"";"";"";"";"";"";"";"";"";"";"";"media";"132";"792";"media (2 palavras)";"0";"";""
"2 validada sem artigo";"Saúde geral";"chá gelado";"4400";"HIGH";"estável";"";"";"";"";"";"validadas/alimentacao-peso.json";"";"";"";"";"";"";"";"";"";"";"";"media";"132";"792";"media (2 palavras)";"0";"";""
"2 validada sem artigo";"Alimentação e peso";"proteina isolada";"4400";"HIGH";"estável";"";"";"";"";"";"validadas/alimentacao-peso.json";"";"";"";"";"";"";"";"";"";"";"";"media";"132";"792";"media (2 palavras)";"4";"10800";"proteina isolada de soja (9900) | proteina dux isolada (320) | proteina isolada growth (320) | melhor proteina isolada (260)"
"2 validada sem artigo";"Saúde geral";"beef protein essential";"4400";"HIGH";"subindo";"";"";"";"";"";"validadas/alimentacao-peso.json";"";"";"";"";"";"";"";"";"";"";"";"media";"132";"792";"long tail";"0";"";""
"2 validada sem artigo";"Alimentação e peso";"não quero emagrecer quero perder barriga";"4400";"HIGH";"caindo";"";"";"";"";"";"validadas/alimentacao-peso.json";"";"";"";"";"";"";"";"";"";"";"";"media";"132";"792";"long tail";"0";"";""
"2 validada sem artigo";"Saúde geral";"fibermais";"4400";"HIGH";"estável";"";"";"";"";"";"validadas/alimentacao-peso.json";"";"";"";"";"";"";"";"";"";"";"";"media";"132";"792";"cabeca";"0";"";""
"2 validada sem artigo";"Alimentação e peso";"proteina da carne";"4400";"HIGH";"subindo";"";"";"";"";"";"validadas/alimentacao-peso.json";"";"";"";"";"";"";"";"";"";"";"";"media";"132";"792";"media (2 palavras)";"0";"";""
"2 validada sem artigo";"Saúde geral";"tamarine comprimido";"4400";"HIGH";"estável";"";"";"";"";"";"validadas/alimentacao-peso.json";"";"";"";"";"";"";"";"";"";"";"";"media";"132";"792";"media (2 palavras)";"0";"";""
"2 validada sem artigo";"Alimentação e peso";"dieta mediterrânea";"4400";"LOW";"caindo";"";"";"";"";"";"validadas/alimentacao-peso.json";"";"";"";"";"";"";"";"";"";"";"";"media";"132";"792";"media (2 palavras)";"0";"";""
"2 validada sem artigo";"Saúde geral";"isocrisp vitafor";"4400";"HIGH";"estável";"";"";"";"";"";"validadas/alimentacao-peso.json";"";"";"";"";"";"";"";"";"";"";"";"media";"132";"792";"media (2 palavras)";"0";"";""
"2 validada sem artigo";"Alimentação e peso";"molico proteina";"4400";"HIGH";"estável";"";"";"";"";"";"validadas/alimentacao-peso.json";"";"";"";"";"";"";"";"";"";"";"";"media";"132";"792";"media (2 palavras)";"0";"";""
"2 validada sem artigo";"Alimentação e peso";"dieta fodmaps";"4400";"LOW";"estável";"";"";"";"";"";"validadas/alimentacao-peso.json";"";"";"";"";"";"";"";"";"";"";"";"media";"132";"792";"media (2 palavras)";"0";"";""
"2 validada sem artigo";"Saúde geral";"vida saudável";"4400";"LOW";"caindo";"";"";"";"";"";"validadas/alimentacao-peso.json";"";"";"";"";"";"";"";"";"";"";"";"media";"132";"792";"media (2 palavras)";"1";"140";"alimentação saudável e qualidade de vida (140)"
"2 validada sem artigo";"Saúde geral";"okralin para que serve";"4400";"HIGH";"caindo";"";"";"";"";"";"validadas/alimentacao-peso.json";"";"";"";"";"";"";"";"";"";"";"";"media";"132";"792";"long tail";"0";"";""
"2 validada sem artigo";"Cabelo";"cabelo ralo";"4400";"MEDIUM";"estável";"";"";"";"";"";"validadas/cabelo-expandido.json";"";"";"";"";"";"";"";"";"";"";"";"media";"132";"792";"media (2 palavras)";"13";"6590";"cabelo fino e ralo (2400) | cabelo fino e ralo o que fazer (880) | cabelo ralo o que fazer (720) | cabelo ralo masculino (480) | cabelo cacheado fino e ralo (390) | cabelo ficando ralo (320) | cabelo ralo na frente (320) | tratamento para cabelos finos e ralos (260) | cabelo cacheado ralo (260) | melhor tratamento para cabelos finos e ralos (170)"
"2 validada sem artigo";"Saúde geral";"minoxidil tópico";"4400";"HIGH";"subindo";"";"";"sim";"";"";"validadas/cabelo-expandido.json";"";"";"";"";"";"";"";"";"";"";"";"media";"132";"792";"media (2 palavras)";"0";"";""
"2 validada sem artigo";"Saúde geral";"biotina 5mg";"4400";"HIGH";"estável";"";"";"";"";"";"validadas/cabelo-expandido.json";"";"";"";"";"";"";"";"";"";"";"";"media";"132";"792";"media (2 palavras)";"0";"";""
"2 validada sem artigo";"Cabelo";"cabelo caindo";"4400";"MEDIUM";"estável";"";"";"";"";"";"validadas/cabelo-expandido.json";"";"";"";"";"";"";"";"";"";"";"";"media";"132";"792";"media (2 palavras)";"37";"37560";"cabelo caindo muito (9900) | cabelo caindo muito o que pode ser (4400) | cabelo caindo muito o que fazer (3600) | cabelo caindo só de passar a mão (2900) | meu cabelo está caindo muito (1900) | meu cabelo está caindo muito o que pode ser (1900) | cabelo caindo o que fazer (1600) | cabelo caindo o que pode ser (1300) | meu cabelo está caindo muito o que fazer (1000) | cabelo caindo da raiz (1000)"
"2 validada sem artigo";"Cabelo";"cabelo caindo muito o que pode ser";"4400";"MEDIUM";"subindo";"";"";"";"";"";"validadas/cabelo-expandido.json";"";"";"";"";"";"";"";"";"";"";"";"media";"132";"792";"long tail";"1";"1900";"meu cabelo está caindo muito o que pode ser (1900)"
"2 validada sem artigo";"Cabelo";"biotina cabelo antes e depois";"4400";"HIGH";"estável";"";"";"";"";"";"validadas/cabelo-expandido.json";"";"";"";"";"";"";"";"";"";"";"";"media";"132";"792";"long tail";"0";"";""
"2 validada sem artigo";"Cabelo";"alecrim para o cabelo";"4400";"HIGH";"caindo";"";"";"";"";"";"validadas/cabelo-expandido.json";"";"";"";"";"";"";"";"";"";"";"";"media";"132";"792";"media (2 palavras)";"8";"17750";"óleo de alecrim para cabelo (9900) | chá de alecrim para cabelo (2400) | óleo essencial de alecrim cabelo (1600) | como usar óleo de alecrim no cabelo (1600) | alecrim benefícios para o cabelo (1000) | oleo de alecrim pro cabelo (880) | alecrim para queda de cabelo (260) | óleo de alecrim para queda de cabelo (110)"
"2 validada sem artigo";"Saúde geral";"psoriase cabeça";"4400";"LOW";"estável";"";"";"";"";"";"validadas/cabelo-expandido.json";"";"";"";"";"";"";"";"";"";"";"";"media";"132";"792";"media (2 palavras)";"0";"";""
"2 validada sem artigo";"Cabelo";"alopécia feminina";"4400";"LOW";"estável";"";"";"";"";"";"validadas/cabelo-expandido.json";"";"";"";"";"";"";"";"";"";"";"";"media";"132";"792";"media (2 palavras)";"3";"640";"alopecia frontal feminina (320) | minoxidil para alopecia feminina (210) | alopecia areata feminina tem cura (110)"
"2 validada sem artigo";"Cabelo";"cabelo oleoso";"4400";"MEDIUM";"estável";"";"";"";"";"";"validadas/cabelo.json";"";"";"";"";"";"";"";"";"";"";"";"media";"132";"792";"media (2 palavras)";"1";"110";"cabelo oleoso como tratar (110)"
"2 validada sem artigo";"Cabelo";"como fazer o cabelo crescer mais rápido";"4400";"MEDIUM";"estável";"";"";"";"";"";"validadas/cabelo.json";"";"";"";"";"";"";"";"";"";"";"";"media";"132";"792";"long tail";"0";"";""
"2 validada sem artigo";"Cabelo";"detox capilar";"4400";"HIGH";"estável";"";"";"";"";"";"validadas/cabelo.json";"";"";"";"";"";"";"";"";"";"";"";"media";"132";"792";"media (2 palavras)";"0";"";""
"2 validada sem artigo";"Cabelo";"suplementos para cabelo";"4400";"HIGH";"subindo";"";"";"";"";"";"validadas/cabelo.json";"";"";"";"";"";"";"";"";"";"";"";"media";"132";"792";"media (2 palavras)";"7";"8720";"suplemento para queda de cabelo (3600) | melhor suplemento para queda de cabelo (1900) | melhores suplementos para queda de cabelo (1900) | suplemento para queda de cabelo feminino (590) | melhor suplemento para queda de cabelo feminino (480) | suplemento capilar para queda de cabelo (140) | suplemento alimentar para queda de cabelo (110)"
"2 validada sem artigo";"Saúde geral";"melanócitos";"4400";"LOW";"";"";"";"";"";"";"pele-volumes.json";"";"";"";"";"";"";"";"";"";"";"";"media";"132";"792";"cabeca";"0";"";""
"2 validada sem artigo";"Pele";"pele seca";"4400";"LOW";"";"";"";"";"";"";"pele-volumes.json";"";"";"";"";"";"";"";"";"";"";"";"media";"132";"792";"media (2 palavras)";"2";"1740";"protetor solar para pele seca (1600) | skincare para pele seca (140)"
"2 validada sem artigo";"Pele";"coceira na pele";"4400";"LOW";"";"";"";"";"";"";"pele-volumes.json";"";"";"";"";"";"";"";"";"";"";"";"media";"132";"792";"media (2 palavras)";"0";"";""
"2 validada sem artigo";"Pele";"alergia de pele";"4400";"LOW";"";"";"";"";"";"";"pele-volumes.json";"";"";"";"";"";"";"";"";"";"";"";"media";"132";"792";"media (2 palavras)";"0";"";""
"2 validada sem artigo";"Saúde geral";"sulco nasogeniano";"4400";"LOW";"";"";"";"";"";"";"pele-volumes.json";"";"";"";"";"";"";"";"";"";"";"";"media";"132";"792";"media (2 palavras)";"0";"";""
"2 validada sem artigo";"Diabetes e exames";"peptídeos de cobre";"4400";"HIGH";"";"";"";"";"";"";"pele-volumes.json";"";"";"";"";"";"";"";"";"";"";"";"media";"132";"792";"media (2 palavras)";"0";"";""
"2 validada sem artigo";"Cabelo";"fios de sustentação";"4400";"MEDIUM";"";"";"";"";"";"";"pele-volumes.json";"";"";"";"";"";"";"";"";"";"";"";"media";"132";"792";"media (2 palavras)";"0";"";""
"2 validada sem artigo";"Pele";"protetor solar oral";"4400";"HIGH";"";"";"";"";"";"";"pele-volumes.json";"";"";"";"";"";"";"";"";"";"";"";"media";"132";"792";"long tail";"0";"";""
"2 validada sem artigo";"Sono";"fases do sono";"4400";"LOW";"";"";"";"";"";"";"sono-volumes.json";"";"";"";"";"";"";"";"";"";"";"";"media";"132";"792";"media (2 palavras)";"0";"";""
"2 validada sem artigo";"Saúde geral";"creatina monohidratada para que serve";"4400";"HIGH";"";"";"";"";"";"";"suplementos-volumes.json";"";"";"";"";"";"";"";"";"";"";"";"media";"132";"792";"long tail";"0";"";""
"2 validada sem artigo";"Alimentação e peso";"vitamina b2 para que serve";"4400";"MEDIUM";"";"";"";"";"";"";"suplementos-volumes.json";"";"";"";"";"";"";"";"";"";"";"";"media";"132";"792";"long tail";"2";"91500";"vitamina b12 para que serve (90500) | vitamina biotina para que serve (1000)"
"2 validada sem artigo";"Saúde geral";"silício orgânico para que serve";"4400";"HIGH";"";"";"";"";"";"";"suplementos-volumes.json";"";"";"";"";"";"";"";"";"";"";"";"media";"132";"792";"long tail";"0";"";""
"2 validada sem artigo";"Saúde geral";"epa e dha";"4400";"HIGH";"";"";"";"";"";"";"suplementos-volumes.json";"";"";"";"";"";"";"";"";"";"";"";"media";"132";"792";"media (2 palavras)";"0";"";""
"2 validada sem artigo";"Saúde geral";"coenzima q10 efeitos colaterais";"4400";"LOW";"";"";"";"";"";"";"suplementos-volumes.json";"";"";"";"";"";"";"";"";"";"";"";"media";"132";"792";"long tail";"0";"";""
"2 validada sem artigo";"Saúde geral";"bacopa";"4400";"HIGH";"";"";"";"";"";"";"suplementos-volumes.json";"";"";"";"";"";"";"";"";"";"";"";"media";"132";"792";"cabeca";"1";"1600";"bacopa para que serve (1600)"
"2 validada sem artigo";"Saúde geral";"lion's mane";"4400";"HIGH";"";"";"";"";"";"";"suplementos-volumes.json";"";"";"";"";"";"";"";"";"";"";"";"media";"132";"792";"long tail";"1";"320";"lion's mane para que serve (320)"
"2 validada sem artigo";"Saúde geral";"citrulina para que serve";"4400";"HIGH";"";"";"";"";"";"";"suplementos-volumes.json";"";"";"";"";"";"";"";"";"";"";"";"media";"132";"792";"long tail";"0";"";""
"2 validada sem artigo";"Saúde geral";"mio inositol para que serve";"4400";"HIGH";"";"";"";"";"";"";"suplementos-volumes.json";"";"";"";"";"";"";"";"";"";"";"";"media";"132";"792";"long tail";"0";"";""
"2 validada sem artigo";"Cabelo";"alopecia feminino";"4400";"LOW";"";"";"";"";"";"";"queda-de-cabelo-ideias-hypd.json";"";"";"";"";"";"";"";"";"";"";"";"media";"132";"792";"media (2 palavras)";"1";"140";"alopecia padrao feminino (140)"
"2 validada sem artigo";"Alimentação e peso";"dieta para colesterol alto";"3600";"LOW";"";"";"";"sim";"";"";"pauta antiga validada";"";"";"";"";"";"";"";"";"";"";"";"media";"108";"648";"long tail";"0";"";""
"2 validada sem artigo";"Sono";"insônia causas";"3600";"LOW";"";"";"";"";"";"";"pauta antiga validada";"";"";"";"";"";"";"";"";"";"";"";"media";"108";"648";"media (2 palavras)";"0";"";""
"2 validada sem artigo";"Alimentação e peso";"gordura abdominal";"3600";"MEDIUM";"estável";"";"";"";"";"";"validadas/alimentacao-peso.json";"";"";"";"";"";"";"";"";"";"";"";"media";"108";"648";"media (2 palavras)";"29";"21490";"gordura abdominal como perder (9900) | melhor suplemento para queimar gordura abdominal (1900) | queimar gordura abdominal (1000) | queimar gordura abdominal rapidamente (880) | queima gordura abdominal (720) | eliminar gordura abdominal (590) | abdominal queima gordura da barriga (590) | eliminando gordura abdominal (590) | dieta para perder gordura abdominal (590) | queimador de gordura abdominal potente (480)"
"2 validada sem artigo";"Digestão e fígado";"gordura na barriga como perder";"3600";"HIGH";"caindo";"";"";"";"";"";"validadas/alimentacao-peso.json";"";"";"";"";"";"";"";"";"";"";"";"media";"108";"648";"long tail";"1";"480";"gordura localizada na barriga como perder (480)"
"2 validada sem artigo";"Saúde geral";"marmita fit congelada";"3600";"HIGH";"caindo";"";"";"";"";"";"validadas/alimentacao-peso.json";"";"";"";"";"";"";"";"";"";"";"";"media";"108";"648";"long tail";"0";"";""
"2 validada sem artigo";"Alimentação e peso";"emagrecedor natural";"3600";"HIGH";"caindo";"";"";"";"";"";"validadas/alimentacao-peso.json";"";"";"";"";"";"";"";"";"";"";"";"media";"108";"648";"media (2 palavras)";"5";"2100";"remedio emagrecedor natural (880) | natural fit emagrecedor (480) | melhor emagrecedor natural (390) | emagrecedor natural potente (210) | composto emagrecedor natural (140)"
"2 validada sem artigo";"Saúde geral";"marmitas saudaveis";"3600";"HIGH";"estável";"";"";"";"";"";"validadas/alimentacao-peso.json";"";"";"";"";"";"";"";"";"";"";"";"media";"108";"648";"media (2 palavras)";"3";"2550";"30 receitas de marmitas saudáveis (1900) | marmitas saudaveis congeladas (390) | marmitas saudaveis para a semana (260)"
"2 validada sem artigo";"Saúde geral";"calcular deficit calorico";"3600";"LOW";"caindo";"";"";"";"";"";"validadas/alimentacao-peso.json";"";"";"";"";"";"";"";"";"";"";"";"media";"108";"648";"long tail";"2";"980";"déficit calórico como calcular (720) | calcular meu deficit calorico (260)"
"2 validada sem artigo";"Saúde geral";"marmitas para congelar";"3600";"HIGH";"estável";"";"";"";"";"";"validadas/alimentacao-peso.json";"";"";"";"";"";"";"";"";"";"";"";"media";"108";"648";"media (2 palavras)";"3";"1620";"receitas de marmitas fit para congelar (880) | 26 marmitas para congelar (480) | marmitas fitness para congelar (260)"
"2 validada sem artigo";"Saúde geral";"calcular taxa metabólica basal";"3600";"LOW";"caindo";"";"";"";"";"";"validadas/alimentacao-peso.json";"";"";"";"";"";"";"";"";"";"";"";"media";"108";"648";"long tail";"0";"";""
"2 validada sem artigo";"Saúde geral";"calculo deficit calorico";"3600";"LOW";"caindo";"";"";"";"";"";"validadas/alimentacao-peso.json";"";"";"";"";"";"";"";"";"";"";"";"media";"108";"648";"long tail";"0";"";""
"2 validada sem artigo";"Alimentação e peso";"lanches saudaveis para criancas";"3600";"HIGH";"caindo";"";"";"";"";"";"validadas/alimentacao-peso.json";"";"";"";"";"";"";"";"";"";"";"";"media";"108";"648";"long tail";"0";"";""
"2 validada sem artigo";"Alimentação e peso";"frutas com vitamina c";"3600";"LOW";"estável";"";"";"";"";"";"validadas/alimentacao-peso.json";"";"";"";"";"";"";"";"";"";"";"";"media";"108";"648";"long tail";"3";"4790";"frutas ricas em vitamina c (2900) | frutas que tem vitamina c (1300) | frutas que contém vitamina c (590)"
"2 validada sem artigo";"Saúde geral";"licor cointreau";"3600";"HIGH";"estável";"";"";"";"";"";"validadas/alimentacao-peso.json";"";"";"";"";"";"";"";"";"";"";"";"media";"108";"648";"media (2 palavras)";"0";"";""
"2 validada sem artigo";"Digestão e fígado";"chá para perder barriga";"3600";"HIGH";"caindo";"";"";"";"";"";"validadas/alimentacao-peso.json";"";"";"";"";"";"";"";"";"";"";"";"media";"108";"648";"long tail";"1";"720";"chá para emagrecer rápido e perder barriga (720)"
"2 validada sem artigo";"Alimentação e peso";"alimentos ricos em vitamina c";"3600";"LOW";"caindo";"";"";"";"";"";"validadas/alimentacao-peso.json";"";"";"";"";"";"";"";"";"";"";"";"media";"108";"648";"long tail";"0";"";""
"2 validada sem artigo";"Saúde geral";"licor jagermeister";"3600";"HIGH";"estável";"";"";"";"";"";"validadas/alimentacao-peso.json";"";"";"";"";"";"";"";"";"";"";"";"media";"108";"648";"media (2 palavras)";"0";"";""
"2 validada sem artigo";"Saúde geral";"licor frangelico";"3600";"HIGH";"estável";"";"";"";"";"";"validadas/alimentacao-peso.json";"";"";"";"";"";"";"";"";"";"";"";"media";"108";"648";"media (2 palavras)";"0";"";""
"2 validada sem artigo";"Saúde geral";"chas diureticos";"3600";"HIGH";"caindo";"";"";"";"";"";"validadas/alimentacao-peso.json";"";"";"";"";"";"";"";"";"";"";"";"media";"108";"648";"media (2 palavras)";"0";"";""
"2 validada sem artigo";"Saúde geral";"nescafe soluvel";"3600";"HIGH";"estável";"";"";"";"";"";"validadas/alimentacao-peso.json";"";"";"";"";"";"";"";"";"";"";"";"media";"108";"648";"media (2 palavras)";"0";"";""
"2 validada sem artigo";"Saúde geral";"licor de pessego";"3600";"HIGH";"estável";"";"";"";"";"";"validadas/alimentacao-peso.json";"";"";"";"";"";"";"";"";"";"";"";"media";"108";"648";"media (2 palavras)";"0";"";""
"2 validada sem artigo";"Saúde geral";"bebida energética";"3600";"MEDIUM";"subindo";"";"";"";"";"";"validadas/alimentacao-peso.json";"";"";"";"";"";"";"";"";"";"";"";"media";"108";"648";"media (2 palavras)";"0";"";""
"2 validada sem artigo";"Saúde geral";"cha da vida";"3600";"HIGH";"estável";"";"";"";"";"";"validadas/alimentacao-peso.json";"";"";"";"";"";"";"";"";"";"";"";"media";"108";"648";"media (2 palavras)";"0";"";""
"2 validada sem artigo";"Saúde geral";"cereal matinal";"3600";"HIGH";"subindo";"";"";"";"";"";"validadas/alimentacao-peso.json";"";"";"";"";"";"";"";"";"";"";"";"media";"108";"648";"media (2 palavras)";"0";"";""
"2 validada sem artigo";"Saúde geral";"castanha do brasil";"3600";"HIGH";"estável";"";"";"";"";"";"validadas/alimentacao-peso.json";"";"";"";"";"";"";"";"";"";"";"";"media";"108";"648";"media (2 palavras)";"0";"";""
"2 validada sem artigo";"Saúde geral";"agua rio";"3600";"MEDIUM";"estável";"";"";"";"";"";"validadas/alimentacao-peso.json";"";"";"";"";"";"";"";"";"";"";"";"media";"108";"648";"media (2 palavras)";"0";"";""
"2 validada sem artigo";"Saúde geral";"carne enlatada";"3600";"HIGH";"subindo";"";"";"";"";"";"validadas/alimentacao-peso.json";"";"";"";"";"";"";"";"";"";"";"";"media";"108";"648";"media (2 palavras)";"0";"";""
"2 validada sem artigo";"Saúde geral";"heineken sem álcool";"3600";"HIGH";"estável";"";"";"";"";"";"validadas/alimentacao-peso.json";"";"";"";"";"";"";"";"";"";"";"";"media";"108";"648";"long tail";"0";"";""
"2 validada sem artigo";"Saúde geral";"isosource soya";"3600";"HIGH";"estável";"";"";"";"";"";"validadas/alimentacao-peso.json";"";"";"";"";"";"";"";"";"";"";"";"media";"108";"648";"media (2 palavras)";"2";"1590";"isosource soya fiber (1000) | isosource soya 1.2 (590)"
"2 validada sem artigo";"Alimentação e peso";"dieta dukan";"3600";"LOW";"caindo";"";"";"";"";"";"validadas/alimentacao-peso.json";"";"";"";"";"";"";"";"";"";"";"";"media";"108";"648";"media (2 palavras)";"0";"";""
"2 validada sem artigo";"Alimentação e peso";"dieta de 1200 calorias";"3600";"LOW";"caindo";"";"";"";"";"";"validadas/alimentacao-peso.json";"";"";"";"";"";"";"";"";"";"";"";"media";"108";"648";"long tail";"3";"1400";"dieta de 1200 calorias simples e barata (880) | dieta 1200 calorias pdf (260) | dieta com 1200 calorias (260)"
"2 validada sem artigo";"Alimentação e peso";"comprimidos para emagrecer";"3600";"HIGH";"estável";"";"";"";"";"";"validadas/alimentacao-peso.json";"";"";"";"";"";"";"";"";"";"";"";"media";"108";"648";"media (2 palavras)";"1";"140";"melhores comprimidos para emagrecer (140)"
"2 validada sem artigo";"Saúde geral";"alimentação enteral";"3600";"HIGH";"estável";"";"";"";"";"";"validadas/alimentacao-peso.json";"";"";"";"";"";"";"";"";"";"";"";"media";"108";"648";"media (2 palavras)";"0";"";""
"2 validada sem artigo";"Saúde geral";"albumina growth";"3600";"HIGH";"estável";"";"";"";"";"";"validadas/alimentacao-peso.json";"";"";"";"";"";"";"";"";"";"";"";"media";"108";"648";"media (2 palavras)";"0";"";""
"2 validada sem artigo";"Alimentação e peso";"alimentação para emagrecer";"3600";"MEDIUM";"caindo";"";"";"";"";"";"validadas/alimentacao-peso.json";"";"";"";"";"";"";"";"";"";"";"";"media";"108";"648";"media (2 palavras)";"1";"720";"alimentação saudavel para emagrecer (720)"
"2 validada sem artigo";"Alimentação e peso";"para emagrecer";"3600";"HIGH";"estável";"";"";"";"";"";"validadas/alimentacao-peso.json";"";"";"";"";"";"";"";"";"";"";"";"media";"108";"648";"cabeca";"162";"348190";"chá para emagrecer (60500) | dieta para emagrecer (40500) | remedio para emagrecer rapido (22200) | suplementos para emagrecer (14800) | caminhada para emagrecer (12100) | emagrecer rapido (12100) | termogênico para emagrecer (9900) | sopa para emagrecer (8100) | remedio natural para emagrecer (6600) | dieta para emagrecer rapido (6600)"
"2 validada sem artigo";"Alimentação e peso";"comidas para emagrecer";"3600";"MEDIUM";"caindo";"";"";"";"";"";"validadas/alimentacao-peso.json";"";"";"";"";"";"";"";"";"";"";"";"media";"108";"648";"media (2 palavras)";"1";"140";"receitas de comidas saudáveis para emagrecer (140)"
"2 validada sem artigo";"Alimentação e peso";"proteina em pó";"3600";"HIGH";"estável";"";"";"";"";"";"validadas/alimentacao-peso.json";"";"";"";"";"";"";"";"";"";"";"";"media";"108";"648";"media (2 palavras)";"49";"122800";"proteina de soja (27100) | proteínas alimentos (14800) | proteina vegetal (9900) | proteina isolada de soja (9900) | proteina de colageno (8100) | proteina vegana (6600) | quanto de proteína por dia (5400) | proteina isolada (4400) | proteina da carne (4400) | molico proteina (4400)"
"2 validada sem artigo";"Alimentação e peso";"fibras soluveis";"3600";"HIGH";"estável";"";"";"";"";"";"validadas/alimentacao-peso.json";"";"";"";"";"";"";"";"";"";"";"";"media";"108";"648";"media (2 palavras)";"0";"";""
"2 validada sem artigo";"Alimentação e peso";"dieta sem carboidratos";"3600";"LOW";"caindo";"";"";"";"";"";"validadas/alimentacao-peso.json";"";"";"";"";"";"";"";"";"";"";"";"media";"108";"648";"long tail";"3";"1800";"dieta zero carboidrato (1000) | dieta zero carboidrato 1 semana (480) | dietas baixas em carboidratos (320)"
"2 validada sem artigo";"Saúde geral";"medir imc";"3600";"MEDIUM";"caindo";"";"";"";"";"";"validadas/alimentacao-peso.json";"";"";"";"";"";"";"";"";"";"";"";"media";"108";"648";"media (2 palavras)";"0";"";""
"2 validada sem artigo";"Alimentação e peso";"cutting dieta";"3600";"LOW";"caindo";"";"";"";"";"";"validadas/alimentacao-peso.json";"";"";"";"";"";"";"";"";"";"";"";"media";"108";"648";"media (2 palavras)";"1";"320";"dieta cutting feminina (320)"
"2 validada sem artigo";"Alimentação e peso";"alimentos antioxidantes";"3600";"LOW";"caindo";"";"";"";"";"";"validadas/alimentacao-peso.json";"";"";"";"";"";"";"";"";"";"";"";"media";"108";"648";"media (2 palavras)";"0";"";""
"2 validada sem artigo";"Saúde geral";"stevia em pó";"3600";"HIGH";"estável";"";"";"";"";"";"validadas/alimentacao-peso.json";"";"";"";"";"";"";"";"";"";"";"";"media";"108";"648";"media (2 palavras)";"0";"";""
"2 validada sem artigo";"Alimentação e peso";"peso ideal para cada altura";"3600";"LOW";"estável";"";"";"";"";"";"validadas/alimentacao-peso.json";"";"";"";"";"";"";"";"";"";"";"";"media";"108";"648";"long tail";"0";"";""
"2 validada sem artigo";"Saúde geral";"glaçucar";"3600";"HIGH";"caindo";"";"";"";"";"";"validadas/alimentacao-peso.json";"";"";"";"";"";"";"";"";"";"";"";"media";"108";"648";"cabeca";"1";"1300";"glaçucar união (1300)"
"2 validada sem artigo";"Saúde geral";"açucar organico";"3600";"HIGH";"estável";"";"";"";"";"";"validadas/alimentacao-peso.json";"";"";"";"";"";"";"";"";"";"";"";"media";"108";"648";"media (2 palavras)";"0";"";""
"2 validada sem artigo";"Alimentação e peso";"alimentos saudaveis e não saudaveis";"3600";"LOW";"caindo";"";"";"";"";"";"validadas/alimentacao-peso.json";"";"";"";"";"";"";"";"";"";"";"";"media";"108";"648";"long tail";"0";"";""
"2 validada sem artigo";"Alimentação e peso";"michelob ultra calorias";"3600";"MEDIUM";"estável";"";"";"";"";"";"validadas/alimentacao-peso.json";"";"";"";"";"";"";"";"";"";"";"";"media";"108";"648";"long tail";"0";"";""
"2 validada sem artigo";"Alimentação e peso";"lanche saudavel para criança";"3600";"HIGH";"caindo";"";"";"";"";"";"validadas/alimentacao-peso.json";"";"";"";"";"";"";"";"";"";"";"";"media";"108";"648";"long tail";"0";"";""
"2 validada sem artigo";"Cabelo";"caspa o que é";"3600";"LOW";"estável";"";"";"";"";"";"validadas/cabelo-arvore.json";"";"";"";"";"";"";"";"";"";"";"";"media";"108";"648";"media (2 palavras)";"4";"1910";"cabelo com caspa (720) | caspa seca (480) | caspa oleosa (390) | caspa causas (320)"
"2 validada sem artigo";"Cabelo";"alopecia por tração";"3600";"LOW";"subindo";"";"";"";"";"";"validadas/cabelo-expandido.json";"";"";"";"";"";"";"";"";"";"";"";"media";"108";"648";"long tail";"2";"370";"alopecia por tração tratamento (260) | alopecia de tração tem cura (110)"
"2 validada sem artigo";"Cabelo";"couro cabeludo inflamado";"3600";"MEDIUM";"estável";"";"";"";"";"";"validadas/cabelo-expandido.json";"";"";"";"";"";"";"";"";"";"";"";"media";"108";"648";"long tail";"1";"880";"remédio para couro cabeludo inflamado (880)"
"2 validada sem artigo";"Saúde geral";"minoxidil turbinado";"3600";"HIGH";"subindo";"";"";"sim";"";"";"validadas/cabelo-expandido.json";"";"";"";"";"";"";"";"";"";"";"";"media";"108";"648";"media (2 palavras)";"1";"210";"minoxidil turbinado 120ml (210)"
"2 validada sem artigo";"Saúde geral";"hidratação com babosa";"3600";"LOW";"estável";"";"";"";"";"";"validadas/cabelo-expandido.json";"";"";"";"";"";"";"";"";"";"";"";"media";"108";"648";"long tail";"7";"2330";"hidratação com babosa para cabelo ressecado (720) | hidratação para cabelo com babosa (480) | hidratação de babosa com açúcar (320) | hidratação caseira com babosa (320) | hidratação com babosa para cabelos cacheados (210) | hidratação com babosa para crescer o cabelo (170) | hidratação com babosa e maizena (110)"
"2 validada sem artigo";"Cabelo";"cabelo caindo muito o que fazer";"3600";"HIGH";"subindo";"";"";"";"";"";"validadas/cabelo-expandido.json";"";"";"";"";"";"";"";"";"";"";"";"media";"108";"648";"long tail";"2";"2000";"meu cabelo está caindo muito o que fazer (1000) | cabelo esta caindo muito o que fazer (1000)"
"2 validada sem artigo";"Saúde geral";"minoxidil qual o melhor";"3600";"HIGH";"estável";"";"";"sim";"";"";"validadas/cabelo-expandido.json";"";"";"";"";"";"";"";"";"";"";"";"media";"108";"648";"long tail";"3";"810";"melhor minoxidil para cabelo (390) | melhor minoxidil para cabelo feminino (210) | melhor minoxidil para calvície (210)"
"2 validada sem artigo";"Cabelo";"cabelo grisalho masculino";"3600";"MEDIUM";"estável";"";"";"";"";"";"validadas/cabelo-expandido.json";"";"";"";"";"";"";"";"";"";"";"";"media";"108";"648";"long tail";"0";"";""
"2 validada sem artigo";"Cabelo";"foliculite capilar";"3600";"LOW";"estável";"";"";"";"";"";"validadas/cabelo.json";"";"";"";"";"";"";"";"";"";"";"";"media";"108";"648";"media (2 palavras)";"0";"";""
"2 validada sem artigo";"Cabelo";"alta frequência capilar";"3600";"HIGH";"estável";"";"";"";"";"";"validadas/cabelo.json";"";"";"";"";"";"";"";"";"";"";"";"media";"108";"648";"long tail";"0";"";""
"2 validada sem artigo";"Cabelo";"tônico para queda de cabelo";"3600";"HIGH";"estável";"";"";"";"";"";"validadas/cabelo.json";"";"";"";"";"";"";"";"";"";"";"";"media";"108";"648";"long tail";"0";"";""
"2 validada sem artigo";"Pele";"descamação da pele";"3600";"LOW";"";"";"";"";"";"";"pele-volumes.json";"";"";"";"";"";"";"";"";"";"";"";"media";"108";"648";"media (2 palavras)";"0";"";""
"2 validada sem artigo";"Saúde geral";"células de langerhans";"3600";"LOW";"";"";"";"";"";"";"pele-volumes.json";"";"";"";"";"";"";"";"";"";"";"";"media";"108";"648";"media (2 palavras)";"0";"";""
"2 validada sem artigo";"Pele";"fototipos de pele";"3600";"LOW";"";"";"";"";"";"";"pele-volumes.json";"";"";"";"";"";"";"";"";"";"";"";"media";"108";"648";"media (2 palavras)";"0";"";""
"2 validada sem artigo";"Saúde geral";"cravos brancos";"3600";"LOW";"";"";"";"";"";"";"pele-volumes.json";"";"";"";"";"";"";"";"";"";"";"";"media";"108";"648";"media (2 palavras)";"0";"";""
"2 validada sem artigo";"Saúde geral";"ozonoterapia";"3600";"LOW";"";"";"";"";"";"";"pele-volumes.json";"";"";"";"";"";"";"";"";"";"";"";"media";"108";"648";"cabeca";"0";"";""
"2 validada sem artigo";"Sono";"posição para dormir";"3600";"LOW";"";"";"";"";"";"";"sono-volumes.json";"";"";"";"";"";"";"";"";"";"";"";"media";"108";"648";"media (2 palavras)";"0";"";""
"2 validada sem artigo";"Sono";"privação de sono";"3600";"LOW";"";"";"";"";"";"";"sono-volumes.json";"";"";"";"";"";"";"";"";"";"";"";"media";"108";"648";"media (2 palavras)";"0";"";""
"2 validada sem artigo";"Idosos e longevidade";"creatina para idosos";"3600";"HIGH";"";"";"";"";"";"";"suplementos-volumes.json";"";"";"";"";"";"";"";"";"";"";"";"media";"108";"648";"media (2 palavras)";"0";"";""
"2 validada sem artigo";"Alimentação e peso";"vitamina b12 efeitos colaterais";"3600";"LOW";"";"";"";"";"";"";"suplementos-volumes.json";"";"";"";"";"";"";"";"";"";"";"";"media";"108";"648";"long tail";"0";"";""
"2 validada sem artigo";"Músculos e movimento";"citrato de cálcio";"3600";"HIGH";"";"";"";"";"";"";"suplementos-volumes.json";"";"";"";"";"";"";"";"";"";"";"";"media";"108";"648";"media (2 palavras)";"1";"320";"citrato de cálcio para que serve (320)"
"2 validada sem artigo";"Saúde geral";"potássio para que serve";"3600";"LOW";"";"";"";"";"";"";"suplementos-volumes.json";"";"";"";"";"";"";"";"";"";"";"";"media";"108";"648";"long tail";"0";"";""
"2 validada sem artigo";"Saúde geral";"nmn";"3600";"HIGH";"";"";"";"";"";"";"suplementos-volumes.json";"";"";"";"";"";"";"";"";"";"";"";"media";"108";"648";"cabeca";"1";"1000";"nmn para que serve (1000)"
"2 validada sem artigo";"Saúde geral";"rhodiola";"3600";"HIGH";"";"";"";"";"";"";"suplementos-volumes.json";"";"";"";"";"";"";"";"";"";"";"";"media";"108";"648";"cabeca";"1";"480";"rhodiola para que serve (480)"
"2 validada sem artigo";"Digestão e fígado";"enzimas digestivas para que serve";"3600";"HIGH";"";"";"";"";"";"";"suplementos-volumes.json";"";"";"";"";"";"";"";"";"";"";"";"media";"108";"648";"long tail";"0";"";""
"2 validada sem artigo";"Saúde geral";"garcinia cambogia para que serve";"3600";"MEDIUM";"";"";"";"";"";"";"suplementos-volumes.json";"";"";"";"";"";"";"";"";"";"";"";"media";"108";"648";"long tail";"0";"";""
"2 validada sem artigo";"Saúde geral";"citicolina";"3600";"HIGH";"";"";"";"";"";"";"suplementos-volumes.json";"";"";"";"";"";"";"";"";"";"";"";"media";"108";"648";"cabeca";"2";"990";"citicolina para que serve (880) | citicolina efeitos colaterais (110)"
"2 validada sem artigo";"Saúde geral";"d ribose para que serve";"3600";"HIGH";"";"";"";"";"";"";"suplementos-volumes.json";"";"";"";"";"";"";"";"";"";"";"";"media";"108";"648";"long tail";"0";"";""
"2 validada sem artigo";"Saúde geral";"tudca";"3600";"HIGH";"";"";"";"";"";"";"suplementos-volumes.json";"";"";"";"";"";"";"";"";"";"";"";"media";"108";"648";"cabeca";"1";"880";"tudca para que serve (880)"
"2 validada sem artigo";"Saúde geral";"multivitamínico";"3600";"HIGH";"";"";"";"";"";"";"suplementos-volumes.json";"";"";"";"";"";"";"";"";"";"";"";"media";"108";"648";"cabeca";"1";"590";"multivitamínico para que serve (590)"
"2 validada sem artigo";"Saúde geral";"ácido ascórbico para que serve";"3600";"LOW";"";"";"";"";"";"";"suplementos-volumes.json";"";"";"";"";"";"";"";"";"";"";"";"media";"108";"648";"long tail";"0";"";""
"2 validada sem artigo";"Saúde geral";"pregnenolona";"3600";"HIGH";"";"";"";"";"";"";"suplementos-volumes.json";"";"";"";"";"";"";"";"";"";"";"";"media";"108";"648";"cabeca";"2";"700";"pregnenolona para que serve (590) | pregnenolona efeitos colaterais (110)"
"2 validada sem artigo";"Cabelo";"suplemento para queda de cabelo";"3600";"HIGH";"";"";"";"";"";"";"queda-de-cabelo-ideias-hypd.json";"";"";"";"";"";"";"";"";"";"";"";"media";"108";"648";"long tail";"6";"5120";"melhor suplemento para queda de cabelo (1900) | melhores suplementos para queda de cabelo (1900) | suplemento para queda de cabelo feminino (590) | melhor suplemento para queda de cabelo feminino (480) | suplemento capilar para queda de cabelo (140) | suplemento alimentar para queda de cabelo (110)"
"2 validada sem artigo";"Cabelo";"melhores vitaminas para queda de cabelo feminino";"3600";"HIGH";"";"";"";"";"";"";"queda-de-cabelo-ideias-hypd.json";"";"";"";"";"";"";"";"";"";"";"";"media";"108";"648";"long tail";"0";"";""
"2 validada sem artigo";"Cabelo";"causa queda de cabelo";"3600";"MEDIUM";"";"";"";"";"";"";"queda-de-cabelo-ideias-hypd.json";"";"";"";"";"";"";"";"";"";"";"";"media";"108";"648";"long tail";"7";"3010";"falta de vitamina d causa queda de cabelo (720) | estresse causa queda de cabelo (590) | ansiedade causa queda de cabelo (590) | causas de queda de cabelo feminino (480) | menopausa causa queda de cabelo (320) | queda de cabelo causas masculino (170) | oq causa queda de cabelo (140)"
"2 validada sem artigo";"Cabelo";"melhor vitamina para queda de cabelo feminino";"3600";"HIGH";"";"";"";"";"";"";"queda-de-cabelo-ideias-hypd.json";"";"";"";"";"";"";"";"";"";"";"";"media";"108";"648";"long tail";"0";"";""
"2 validada sem artigo";"Coração e colesterol";"triglicerídeos altos";"2900";"LOW";"";"";"";"";"";"";"pauta antiga validada";"";"";"";"";"";"";"";"";"";"";"";"media";"87";"522";"media (2 palavras)";"1";"14800";"triglicerídeos altos sintomas (14800)"
"2 validada sem artigo";"Músculos e movimento";"hidroginástica benefícios";"2900";"LOW";"";"";"";"";"";"";"pauta antiga validada";"";"";"";"";"";"";"";"";"";"";"";"media";"87";"522";"media (2 palavras)";"0";"";""
"2 validada sem artigo";"Alimentação e peso";"metabolismo lento";"2900";"LOW";"caindo";"";"";"";"";"";"validadas/alimentacao-peso.json";"";"";"";"";"";"";"";"";"";"";"";"media";"87";"522";"media (2 palavras)";"1";"140";"metabolismo lento engorda (140)"
"2 validada sem artigo";"Saúde geral";"gordura visceral ideal";"2900";"LOW";"estável";"";"";"";"";"";"validadas/alimentacao-peso.json";"";"";"";"";"";"";"";"";"";"";"";"media";"87";"522";"long tail";"0";"";""
"2 validada sem artigo";"Saúde geral";"melhor inibidor de apetite e queimador de gordura";"2900";"HIGH";"estável";"";"";"";"";"";"validadas/alimentacao-peso.json";"";"";"";"";"";"";"";"";"";"";"";"media";"87";"522";"long tail";"0";"";""
"2 validada sem artigo";"Saúde geral";"aveia tabela nutricional";"2900";"LOW";"caindo";"";"";"";"";"";"validadas/alimentacao-peso.json";"";"";"";"";"";"";"";"";"";"";"";"media";"87";"522";"long tail";"0";"";""
"2 validada sem artigo";"Alimentação e peso";"fazer caminhada emagrece";"2900";"LOW";"estável";"";"";"";"";"";"validadas/alimentacao-peso.json";"";"";"";"";"";"";"";"";"";"";"";"media";"87";"522";"long tail";"0";"";""
"2 validada sem artigo";"Alimentação e peso";"cálculo metabolismo basal";"2900";"LOW";"caindo";"";"";"";"";"";"validadas/alimentacao-peso.json";"";"";"";"";"";"";"";"";"";"";"";"media";"87";"522";"long tail";"0";"";""
"2 validada sem artigo";"Saúde geral";"termogênicos melhores";"2900";"HIGH";"caindo";"";"";"";"";"";"validadas/alimentacao-peso.json";"";"";"";"";"";"";"";"";"";"";"";"media";"87";"522";"media (2 palavras)";"1";"480";"melhores termogenicos para emagrecer (480)"
"2 validada sem artigo";"Saúde geral";"atacado de bebidas";"2900";"MEDIUM";"estável";"";"";"";"";"";"validadas/alimentacao-peso.json";"";"";"";"";"";"";"";"";"";"";"";"media";"87";"522";"media (2 palavras)";"0";"";""
"2 validada sem artigo";"Saúde geral";"snacks saudáveis";"2900";"HIGH";"estável";"";"";"";"";"";"validadas/alimentacao-peso.json";"";"";"";"";"";"";"";"";"";"";"";"media";"87";"522";"media (2 palavras)";"0";"";""
"2 validada sem artigo";"Saúde geral";"chá herbalife";"2900";"HIGH";"estável";"";"";"";"";"";"validadas/alimentacao-peso.json";"";"";"";"";"";"";"";"";"";"";"";"media";"87";"522";"media (2 palavras)";"0";"";""
"2 validada sem artigo";"Saúde geral";"licor de menta";"2900";"HIGH";"estável";"";"";"";"";"";"validadas/alimentacao-peso.json";"";"";"";"";"";"";"";"";"";"";"";"media";"87";"522";"media (2 palavras)";"0";"";""
"2 validada sem artigo";"Saúde geral";"mochaccino canela";"2900";"HIGH";"estável";"";"";"";"";"";"validadas/alimentacao-peso.json";"";"";"";"";"";"";"";"";"";"";"";"media";"87";"522";"media (2 palavras)";"0";"";""
"2 validada sem artigo";"Alimentação e peso";"lanche de metro";"2900";"LOW";"estável";"";"";"";"";"";"validadas/alimentacao-peso.json";"";"";"";"";"";"";"";"";"";"";"";"media";"87";"522";"media (2 palavras)";"0";"";""
"2 validada sem artigo";"Saúde geral";"licor de anis";"2900";"HIGH";"estável";"";"";"";"";"";"validadas/alimentacao-peso.json";"";"";"";"";"";"";"";"";"";"";"";"media";"87";"522";"media (2 palavras)";"0";"";""
"2 validada sem artigo";"Saúde geral";"cha matcha";"2900";"HIGH";"estável";"";"";"";"";"";"validadas/alimentacao-peso.json";"";"";"";"";"";"";"";"";"";"";"";"media";"87";"522";"media (2 palavras)";"0";"";""
"2 validada sem artigo";"Saúde geral";"whisky de maçã verde";"2900";"HIGH";"estável";"";"";"";"";"";"validadas/alimentacao-peso.json";"";"";"";"";"";"";"";"";"";"";"";"media";"87";"522";"long tail";"0";"";""
"2 validada sem artigo";"Saúde geral";"almoço de pascoa";"2900";"LOW";"estável";"";"";"";"";"";"validadas/alimentacao-peso.json";"";"";"";"";"";"";"";"";"";"";"";"media";"87";"522";"media (2 palavras)";"0";"";""
"2 validada sem artigo";"Alimentação e peso";"frutas que ajudam a emagrecer";"2900";"LOW";"caindo";"";"";"";"";"";"validadas/alimentacao-peso.json";"";"";"";"";"";"";"";"";"";"";"";"media";"87";"522";"long tail";"0";"";""
"2 validada sem artigo";"Alimentação e peso";"melhor chá para emagrecer";"2900";"HIGH";"caindo";"";"";"";"";"";"validadas/alimentacao-peso.json";"";"";"";"";"";"";"";"";"";"";"";"media";"87";"522";"long tail";"0";"";""
"2 validada sem artigo";"Alimentação e peso";"frutas ricas em vitamina c";"2900";"LOW";"estável";"";"";"";"";"";"validadas/alimentacao-peso.json";"";"";"";"";"";"";"";"";"";"";"";"media";"87";"522";"long tail";"0";"";""
"2 validada sem artigo";"Saúde geral";"lanchonetes abertas agora";"2900";"LOW";"estável";"";"";"";"";"";"validadas/alimentacao-peso.json";"";"";"";"";"";"";"";"";"";"";"";"media";"87";"522";"long tail";"0";"";""
"2 validada sem artigo";"Saúde geral";"nesfit cereal";"2900";"HIGH";"estável";"";"";"";"";"";"validadas/alimentacao-peso.json";"";"";"";"";"";"";"";"";"";"";"";"media";"87";"522";"media (2 palavras)";"0";"";""
"2 validada sem artigo";"Saúde geral";"barra de cereais";"2900";"HIGH";"estável";"";"";"";"";"";"validadas/alimentacao-peso.json";"";"";"";"";"";"";"";"";"";"";"";"media";"87";"522";"media (2 palavras)";"0";"";""
"2 validada sem artigo";"Saúde geral";"bebidas caras";"2900";"HIGH";"estável";"";"";"";"";"";"validadas/alimentacao-peso.json";"";"";"";"";"";"";"";"";"";"";"";"media";"87";"522";"media (2 palavras)";"0";"";""
"2 validada sem artigo";"Alimentação e peso";"cardápio de lanches";"2900";"HIGH";"estável";"";"";"";"";"";"validadas/alimentacao-peso.json";"";"";"";"";"";"";"";"";"";"";"";"media";"87";"522";"media (2 palavras)";"0";"";""
"2 validada sem artigo";"Saúde geral";"fruta milagrosa";"2900";"HIGH";"estável";"";"";"";"";"";"validadas/alimentacao-peso.json";"";"";"";"";"";"";"";"";"";"";"";"media";"87";"522";"media (2 palavras)";"0";"";""
"2 validada sem artigo";"Alimentação e peso";"chá que tira a fome e emagrece";"2900";"HIGH";"estável";"";"";"";"";"";"validadas/alimentacao-peso.json";"";"";"";"";"";"";"";"";"";"";"";"media";"87";"522";"long tail";"0";"";""
"2 validada sem artigo";"Saúde geral";"pitaya rosa";"2900";"MEDIUM";"estável";"";"";"";"";"";"validadas/alimentacao-peso.json";"";"";"";"";"";"";"";"";"";"";"";"media";"87";"522";"media (2 palavras)";"0";"";""
"2 validada sem artigo";"Saúde geral";"emporio bebidas";"2900";"LOW";"estável";"";"";"";"";"";"validadas/alimentacao-peso.json";"";"";"";"";"";"";"";"";"";"";"";"media";"87";"522";"media (2 palavras)";"0";"";""
"2 validada sem artigo";"Alimentação e peso";"dieta liquida";"2900";"LOW";"caindo";"";"";"";"";"";"validadas/alimentacao-peso.json";"";"";"";"";"";"";"";"";"";"";"";"media";"87";"522";"media (2 palavras)";"2";"1040";"dieta liquida bariatrica (720) | dieta líquida para emagrecer 1kg por dia (320)"
"2 validada sem artigo";"Saúde geral";"mitburn 100mg";"2900";"HIGH";"caindo";"";"";"";"";"";"validadas/alimentacao-peso.json";"";"";"";"";"";"";"";"";"";"";"";"media";"87";"522";"media (2 palavras)";"0";"";""
"2 validada sem artigo";"Saúde geral";"creatina suplemento";"2900";"HIGH";"caindo";"";"";"";"";"";"validadas/alimentacao-peso.json";"";"";"";"";"";"";"";"";"";"";"";"media";"87";"522";"media (2 palavras)";"0";"";""
"2 validada sem artigo";"Alimentação e peso";"dieta do mediterraneo";"2900";"LOW";"estável";"";"";"";"";"";"validadas/alimentacao-peso.json";"";"";"";"";"";"";"";"";"";"";"";"media";"87";"522";"media (2 palavras)";"0";"";""
"2 validada sem artigo";"Digestão e fígado";"seca barriga natural";"2900";"HIGH";"estável";"";"";"";"";"";"validadas/alimentacao-peso.json";"";"";"";"";"";"";"";"";"";"";"";"media";"87";"522";"long tail";"0";"";""
"2 validada sem artigo";"Alimentação e peso";"dieta sem gluten";"2900";"LOW";"caindo";"";"";"";"";"";"validadas/alimentacao-peso.json";"";"";"";"";"";"";"";"";"";"";"";"media";"87";"522";"long tail";"2";"1040";"dieta sem gluten e sem lactose (720) | cardapio dieta sem gluten (320)"
"2 validada sem artigo";"Saúde geral";"carboidratos bons";"2900";"LOW";"caindo";"";"";"";"";"";"validadas/alimentacao-peso.json";"";"";"";"";"";"";"";"";"";"";"";"media";"87";"522";"media (2 palavras)";"0";"";""
"2 validada sem artigo";"Alimentação e peso";"fibra alimentar";"2900";"HIGH";"estável";"";"";"";"";"";"validadas/alimentacao-peso.json";"";"";"";"";"";"";"";"";"";"";"";"media";"87";"522";"media (2 palavras)";"0";"";""
"2 validada sem artigo";"Alimentação e peso";"bulking dieta";"2900";"LOW";"estável";"";"";"";"";"";"validadas/alimentacao-peso.json";"";"";"";"";"";"";"";"";"";"";"";"media";"87";"522";"media (2 palavras)";"0";"";""
"2 validada sem artigo";"Alimentação e peso";"dieta do ovo 7kg em 7 dias";"2900";"LOW";"caindo";"";"";"";"";"";"validadas/alimentacao-peso.json";"";"";"";"";"";"";"";"";"";"";"";"media";"87";"522";"long tail";"0";"";""
"2 validada sem artigo";"Saúde geral";"paçoquita zero";"2900";"HIGH";"estável";"";"";"";"";"";"validadas/alimentacao-peso.json";"";"";"";"";"";"";"";"";"";"";"";"media";"87";"522";"media (2 palavras)";"0";"";""
"2 validada sem artigo";"Músculos e movimento";"alimentação pré treino";"2900";"MEDIUM";"caindo";"";"";"";"";"";"validadas/alimentacao-peso.json";"";"";"";"";"";"";"";"";"";"";"";"media";"87";"522";"long tail";"0";"";""
"2 validada sem artigo";"Alimentação e peso";"dieta do ovo cozido";"2900";"LOW";"caindo";"";"";"";"";"";"validadas/alimentacao-peso.json";"";"";"";"";"";"";"";"";"";"";"";"media";"87";"522";"long tail";"0";"";""
"2 validada sem artigo";"Alimentação e peso";"fibra para intestino";"2900";"HIGH";"subindo";"";"";"";"";"";"validadas/alimentacao-peso.json";"";"";"";"";"";"";"";"";"";"";"";"media";"87";"522";"media (2 palavras)";"0";"";""
"2 validada sem artigo";"Alimentação e peso";"lanche saudavel escola";"2900";"HIGH";"estável";"";"";"";"";"";"validadas/alimentacao-peso.json";"";"";"";"";"";"";"";"";"";"";"";"media";"87";"522";"long tail";"0";"";""
"2 validada sem artigo";"Alimentação e peso";"alimentos que tenham glúten";"2900";"LOW";"estável";"";"";"";"";"";"validadas/alimentacao-peso.json";"";"";"";"";"";"";"";"";"";"";"";"media";"87";"522";"long tail";"0";"";""
"2 validada sem artigo";"Sono";"touca de cetim para dormir";"2900";"HIGH";"estável";"";"";"";"";"";"validadas/cabelo-arvore.json";"";"";"";"";"";"";"";"";"";"";"";"media";"87";"522";"long tail";"0";"";""
"2 validada sem artigo";"Cabelo";"cabelo arrepiado";"2900";"LOW";"estável";"";"";"";"";"";"validadas/cabelo-arvore.json";"";"";"";"";"";"";"";"";"";"";"";"media";"87";"522";"media (2 palavras)";"0";"";""
"2 validada sem artigo";"Cabelo";"cabelo duro";"2900";"LOW";"estável";"";"";"";"";"";"validadas/cabelo-arvore.json";"";"";"";"";"";"";"";"";"";"";"";"media";"87";"522";"media (2 palavras)";"0";"";""
"2 validada sem artigo";"Cabelo";"quantos fios de cabelo caem por dia";"2900";"LOW";"estável";"";"";"";"";"";"validadas/cabelo-arvore.json";"";"";"";"";"";"";"";"";"";"";"";"media";"87";"522";"long tail";"0";"";""
"2 validada sem artigo";"Cabelo";"bulbo capilar";"2900";"LOW";"estável";"";"";"";"";"";"validadas/cabelo-arvore.json";"";"";"";"";"";"";"";"";"";"";"";"media";"87";"522";"media (2 palavras)";"0";"";""
"2 validada sem artigo";"Cabelo";"micose no couro cabeludo";"2900";"LOW";"estável";"";"";"";"";"";"validadas/cabelo-expandido.json";"";"";"";"";"";"";"";"";"";"";"";"media";"87";"522";"long tail";"1";"320";"shampoo para micose no couro cabeludo (320)"
"2 validada sem artigo";"Cabelo";"tratamento para queda de cabelo";"2900";"HIGH";"estável";"";"";"";"";"";"validadas/cabelo-expandido.json";"";"";"";"";"";"";"";"";"";"";"";"media";"87";"522";"long tail";"9";"5290";"tratamento para queda de cabelo feminina (1300) | tratamento para queda de cabelo feminino (1300) | melhor tratamento para queda de cabelo (590) | tratamento capilar para queda de cabelo (590) | melhores tratamentos para queda de cabelo (590) | tratamento para queda de cabelo masculina (320) | tratamento para queda de cabelo masculino (320) | tratamento natural para queda de cabelo (170) | tratamento contra queda de cabelo (110)"
"2 validada sem artigo";"Cabelo";"pielus antiqueda";"2900";"HIGH";"caindo";"";"";"";"";"";"validadas/cabelo-expandido.json";"";"";"";"";"";"";"";"";"";"";"";"media";"87";"522";"media (2 palavras)";"1";"110";"mantecorp pielus antiqueda (110)"
"2 validada sem artigo";"Cabelo";"queda de cabelo excessiva";"2900";"HIGH";"estável";"";"";"";"";"";"validadas/cabelo-expandido.json";"";"";"";"";"";"";"";"";"";"";"";"media";"87";"522";"long tail";"2";"340";"queda de cabelo excessiva feminina (170) | queda excessiva de cabelo feminino (170)"
"2 validada sem artigo";"Cabelo";"cabelo caindo só de passar a mão";"2900";"LOW";"estável";"";"";"";"";"";"validadas/cabelo-expandido.json";"";"";"";"";"";"";"";"";"";"";"";"media";"87";"522";"long tail";"0";"";""
"2 validada sem artigo";"Cabelo";"psoríase capilar";"2900";"LOW";"estável";"";"";"";"";"";"validadas/cabelo-expandido.json";"";"";"";"";"";"";"";"";"";"";"";"media";"87";"522";"media (2 palavras)";"1";"210";"psoríase capilar tratamento (210)"
"2 validada sem artigo";"Cabelo";"queda de cabelo excessivo";"2900";"HIGH";"estável";"";"";"";"";"";"validadas/cabelo-expandido.json";"";"";"";"";"";"";"";"";"";"";"";"media";"87";"522";"long tail";"0";"";""
"2 validada sem artigo";"Cabelo";"fungo no couro cabeludo";"2900";"LOW";"estável";"";"";"";"";"";"validadas/cabelo-expandido.json";"";"";"";"";"";"";"";"";"";"";"";"media";"87";"522";"long tail";"0";"";""
"2 validada sem artigo";"Cabelo";"cabelo grisalho feminino";"2900";"MEDIUM";"estável";"";"";"";"";"";"validadas/cabelo-expandido.json";"";"";"";"";"";"";"";"";"";"";"";"media";"87";"522";"long tail";"0";"";""
"2 validada sem artigo";"Saúde geral";"biotina como tomar";"2900";"MEDIUM";"estável";"";"";"";"";"";"validadas/cabelo-expandido.json";"";"";"";"";"";"";"";"";"";"";"";"media";"87";"522";"long tail";"0";"";""
"2 validada sem artigo";"Saúde geral";"umectação noturna";"2900";"HIGH";"estável";"";"";"";"";"";"validadas/cabelo.json";"";"";"";"";"";"";"";"";"";"";"";"media";"87";"522";"media (2 palavras)";"0";"";""
"2 validada sem artigo";"Pele";"poros abertos";"2900";"HIGH";"";"";"";"";"";"";"pele-volumes.json";"";"";"";"";"";"";"";"";"";"";"";"media";"87";"522";"media (2 palavras)";"0";"";""
"2 validada sem artigo";"Saúde geral";"olheiras profundas";"2900";"HIGH";"";"";"";"";"";"";"pele-volumes.json";"";"";"";"";"";"";"";"";"";"";"";"media";"87";"522";"media (2 palavras)";"0";"";""
"2 validada sem artigo";"Visão e audição";"bolsas embaixo dos olhos";"2900";"HIGH";"";"";"";"";"";"";"pele-volumes.json";"";"";"";"";"";"";"";"";"";"";"";"media";"87";"522";"long tail";"0";"";""
"2 validada sem artigo";"Pele";"rotina de skincare";"2900";"HIGH";"";"";"";"";"";"";"pele-volumes.json";"";"";"";"";"";"";"";"";"";"";"";"media";"87";"522";"media (2 palavras)";"0";"";""
"2 validada sem artigo";"Saúde geral";"fronha de seda";"2900";"HIGH";"";"";"";"";"";"";"pele-volumes.json";"";"";"";"";"";"";"";"";"";"";"";"media";"87";"522";"media (2 palavras)";"0";"";""
"2 validada sem artigo";"Saúde geral";"bakuchiol";"2900";"HIGH";"";"";"";"";"";"";"pele-volumes.json";"";"";"";"";"";"";"";"";"";"";"";"media";"87";"522";"cabeca";"0";"";""
"2 validada sem artigo";"Pele";"ceramidas";"2900";"MEDIUM";"";"";"";"";"";"";"pele-volumes.json";"";"";"";"";"";"";"";"";"";"";"";"media";"87";"522";"cabeca";"0";"";""
"2 validada sem artigo";"Saúde geral";"bisabolol";"2900";"LOW";"";"";"";"";"";"";"pele-volumes.json";"";"";"";"";"";"";"";"";"";"";"";"media";"87";"522";"cabeca";"0";"";""
"2 validada sem artigo";"Saúde geral";"queimadura solar";"2900";"LOW";"";"";"";"";"";"";"pele-volumes.json";"";"";"";"";"";"";"";"";"";"";"";"media";"87";"522";"media (2 palavras)";"1";"210";"queimadura solar com bolhas (210)"
"2 validada sem artigo";"Sono";"magnésio para dormir";"2900";"HIGH";"";"";"";"";"";"";"sono-volumes.json";"";"";"";"";"";"";"";"";"";"";"";"media";"87";"522";"media (2 palavras)";"0";"";""
"2 validada sem artigo";"Saúde geral";"biotina efeitos colaterais";"2900";"LOW";"";"";"";"";"";"";"suplementos-volumes.json";"";"";"";"";"";"";"";"";"";"";"";"media";"87";"522";"long tail";"0";"";""
"2 validada sem artigo";"Saúde geral";"acetil l carnitina";"2900";"HIGH";"";"";"";"";"";"";"suplementos-volumes.json";"";"";"";"";"";"";"";"";"";"";"";"media";"87";"522";"long tail";"1";"880";"acetil l carnitina para que serve (880)"
"2 validada sem artigo";"Saúde geral";"tribulus para que serve";"2900";"MEDIUM";"";"";"";"";"";"";"suplementos-volumes.json";"";"";"";"";"";"";"";"";"";"";"";"media";"87";"522";"long tail";"0";"";""
"2 validada sem artigo";"Saúde geral";"espermidina";"2900";"HIGH";"";"";"";"";"";"";"suplementos-volumes.json";"";"";"";"";"";"";"";"";"";"";"";"media";"87";"522";"cabeca";"1";"320";"espermidina para que serve (320)"
"2 validada sem artigo";"Saúde geral";"same para que serve";"2900";"LOW";"";"";"";"";"";"";"suplementos-volumes.json";"";"";"";"";"";"";"";"";"";"";"";"media";"87";"522";"long tail";"0";"";""
"2 validada sem artigo";"Coração e colesterol";"colesterol bom como aumentar";"2400";"LOW";"";"";"";"sim";"";"";"pauta antiga validada";"";"";"";"";"";"";"";"";"";"";"";"media";"72";"432";"long tail";"0";"";""
"2 validada sem artigo";"Saúde geral";"efeito sanfona";"2400";"LOW";"caindo";"";"";"";"";"";"validadas/alimentacao-peso.json";"";"";"";"";"";"";"";"";"";"";"";"media";"72";"432";"media (2 palavras)";"2";"370";"efeito sanfona no corpo (260) | efeito sanfona como evitar (110)"
"2 validada sem artigo";"Alimentação e peso";"perder gordura abdominal";"2400";"HIGH";"caindo";"";"";"";"";"";"validadas/alimentacao-peso.json";"";"";"";"";"";"";"";"";"";"";"";"media";"72";"432";"long tail";"5";"10880";"gordura abdominal como perder (9900) | dieta para perder gordura abdominal (590) | suplementos para perder gordura abdominal (170) | perder gordura abdominal rapido (110) | melhor forma de perder gordura abdominal (110)"
"2 validada sem artigo";"Saúde geral";"geografia da fome";"2400";"MEDIUM";"subindo";"";"";"";"";"";"validadas/alimentacao-peso.json";"";"";"";"";"";"";"";"";"";"";"";"media";"72";"432";"media (2 palavras)";"2";"800";"geografia da fome josué de castro (590) | geografia da fome pdf (210)"
"2 validada sem artigo";"Alimentação e peso";"diabetes e emagrecimento";"2400";"LOW";"estável";"";"";"sim";"";"";"validadas/alimentacao-peso.json";"";"";"";"";"";"";"";"";"";"";"";"media";"72";"432";"media (2 palavras)";"0";"";""
"2 validada sem artigo";"Saúde geral";"planejamento alimentar";"2400";"LOW";"caindo";"";"";"";"";"";"validadas/alimentacao-peso.json";"";"";"";"";"";"";"";"";"";"";"";"media";"72";"432";"media (2 palavras)";"2";"1710";"planejamento alimentar para emagrecer (1600) | planejamento alimentar semanal (110)"
"2 validada sem artigo";"Alimentação e peso";"emagrecedor potente";"2400";"HIGH";"estável";"";"";"";"";"";"validadas/alimentacao-peso.json";"";"";"";"";"";"";"";"";"";"";"";"media";"72";"432";"media (2 palavras)";"2";"320";"emagrecedor natural potente (210) | remedio emagrecedor potente (110)"
"2 validada sem artigo";"Saúde geral";"marmitas para semana";"2400";"HIGH";"estável";"";"";"";"";"";"validadas/alimentacao-peso.json";"";"";"";"";"";"";"";"";"";"";"";"media";"72";"432";"media (2 palavras)";"3";"850";"marmitas fitness para semana (480) | marmitas saudaveis para a semana (260) | marmitas congeladas para semana (110)"
"2 validada sem artigo";"Alimentação e peso";"contador de calorias gratuito";"2400";"MEDIUM";"caindo";"";"";"";"";"";"validadas/alimentacao-peso.json";"";"";"";"";"";"";"";"";"";"";"";"media";"72";"432";"long tail";"0";"";""
"2 validada sem artigo";"Alimentação e peso";"taxa de metabolismo basal";"2400";"LOW";"caindo";"";"";"";"";"";"validadas/alimentacao-peso.json";"";"";"";"";"";"";"";"";"";"";"";"media";"72";"432";"long tail";"1";"720";"calcular taxa de metabolismo basal (720)"
"2 validada sem artigo";"Músculos e movimento";"7 exercícios para perder barriga";"2400";"MEDIUM";"caindo";"";"";"";"";"";"validadas/alimentacao-peso.json";"";"";"";"";"";"";"";"";"";"";"";"media";"72";"432";"long tail";"0";"";""
"2 validada sem artigo";"Alimentação e peso";"remedio bom para emagrecer";"2400";"HIGH";"caindo";"";"";"";"";"";"validadas/alimentacao-peso.json";"";"";"";"";"";"";"";"";"";"";"";"media";"72";"432";"long tail";"0";"";""
"2 validada sem artigo";"Alimentação e peso";"l carnitina emagrece";"2400";"HIGH";"caindo";"";"";"";"";"";"validadas/alimentacao-peso.json";"";"";"";"";"";"";"";"";"";"";"";"media";"72";"432";"long tail";"0";"";""
"2 validada sem artigo";"Alimentação e peso";"lanches para crianças";"2400";"MEDIUM";"caindo";"";"";"";"";"";"validadas/alimentacao-peso.json";"";"";"";"";"";"";"";"";"";"";"";"media";"72";"432";"media (2 palavras)";"2";"7200";"lanches saudaveis para criancas (3600) | lanche saudavel para criança (3600)"
"2 validada sem artigo";"Saúde geral";"agua ionizada";"2400";"HIGH";"estável";"";"";"";"";"";"validadas/alimentacao-peso.json";"";"";"";"";"";"";"";"";"";"";"";"media";"72";"432";"media (2 palavras)";"0";"";""
"2 validada sem artigo";"Saúde geral";"casa de bebidas";"2400";"MEDIUM";"estável";"";"";"";"";"";"validadas/alimentacao-peso.json";"";"";"";"";"";"";"";"";"";"";"";"media";"72";"432";"media (2 palavras)";"0";"";""
"2 validada sem artigo";"Saúde geral";"fornecedores de bebidas";"2400";"MEDIUM";"estável";"";"";"";"";"";"validadas/alimentacao-peso.json";"";"";"";"";"";"";"";"";"";"";"";"media";"72";"432";"media (2 palavras)";"0";"";""
"2 validada sem artigo";"Saúde geral";"drip coffee 3 corações";"2400";"HIGH";"estável";"";"";"";"";"";"validadas/alimentacao-peso.json";"";"";"";"";"";"";"";"";"";"";"";"media";"72";"432";"long tail";"0";"";""
"2 validada sem artigo";"Saúde geral";"aguas purificadas";"2400";"LOW";"estável";"";"";"";"";"";"validadas/alimentacao-peso.json";"";"";"";"";"";"";"";"";"";"";"";"media";"72";"432";"media (2 palavras)";"0";"";""
"2 validada sem artigo";"Saúde geral";"lirika saeco";"2400";"HIGH";"estável";"";"";"";"";"";"validadas/alimentacao-peso.json";"";"";"";"";"";"";"";"";"";"";"";"media";"72";"432";"media (2 palavras)";"0";"";""
"2 validada sem artigo";"Saúde geral";"cara preta carne";"2400";"HIGH";"estável";"";"";"";"";"";"validadas/alimentacao-peso.json";"";"";"";"";"";"";"";"";"";"";"";"media";"72";"432";"long tail";"0";"";""
"2 validada sem artigo";"Saúde geral";"promoção de carne";"2400";"HIGH";"estável";"";"";"";"";"";"validadas/alimentacao-peso.json";"";"";"";"";"";"";"";"";"";"";"";"media";"72";"432";"media (2 palavras)";"1";"4400";"promoção de carne hoje (4400)"
"2 validada sem artigo";"Alimentação e peso";"chá caseiro para emagrecer";"2400";"HIGH";"caindo";"";"";"";"";"";"validadas/alimentacao-peso.json";"";"";"";"";"";"";"";"";"";"";"";"media";"72";"432";"long tail";"0";"";""
"2 validada sem artigo";"Saúde geral";"mangostao";"2400";"LOW";"estável";"";"";"";"";"";"validadas/alimentacao-peso.json";"";"";"";"";"";"";"";"";"";"";"";"media";"72";"432";"cabeca";"0";"";""
"2 validada sem artigo";"Saúde geral";"ovos galados";"2400";"HIGH";"estável";"";"";"";"";"";"validadas/alimentacao-peso.json";"";"";"";"";"";"";"";"";"";"";"";"media";"72";"432";"media (2 palavras)";"0";"";""
"2 validada sem artigo";"Alimentação e peso";"cha natural para emagrecer";"2400";"HIGH";"caindo";"";"";"";"";"";"validadas/alimentacao-peso.json";"";"";"";"";"";"";"";"";"";"";"";"media";"72";"432";"long tail";"0";"";""
"2 validada sem artigo";"Saúde geral";"cha termogenico";"2400";"HIGH";"caindo";"";"";"";"";"";"validadas/alimentacao-peso.json";"";"";"";"";"";"";"";"";"";"";"";"media";"72";"432";"media (2 palavras)";"0";"";""
"2 validada sem artigo";"Saúde geral";"cereais integrais";"2400";"HIGH";"caindo";"";"";"";"";"";"validadas/alimentacao-peso.json";"";"";"";"";"";"";"";"";"";"";"";"media";"72";"432";"media (2 palavras)";"0";"";""
"2 validada sem artigo";"Sono";"chá para insônia";"2400";"HIGH";"estável";"";"";"";"";"";"validadas/alimentacao-peso.json";"";"";"";"";"";"";"";"";"";"";"";"media";"72";"432";"media (2 palavras)";"0";"";""
"2 validada sem artigo";"Alimentação e peso";"chá que ajuda a emagrecer";"2400";"HIGH";"caindo";"";"";"";"";"";"validadas/alimentacao-peso.json";"";"";"";"";"";"";"";"";"";"";"";"media";"72";"432";"long tail";"0";"";""
"2 validada sem artigo";"Saúde geral";"mignon suino";"2400";"LOW";"estável";"";"";"";"";"";"validadas/alimentacao-peso.json";"";"";"";"";"";"";"";"";"";"";"";"media";"72";"432";"media (2 palavras)";"0";"";""
"2 validada sem artigo";"Saúde geral";"almoço fitness";"2400";"LOW";"caindo";"";"";"";"";"";"validadas/alimentacao-peso.json";"";"";"";"";"";"";"";"";"";"";"";"media";"72";"432";"media (2 palavras)";"0";"";""
"2 validada sem artigo";"Saúde geral";"ovo recheado";"2400";"LOW";"estável";"";"";"";"";"";"validadas/alimentacao-peso.json";"";"";"";"";"";"";"";"";"";"";"";"media";"72";"432";"media (2 palavras)";"0";"";""
"2 validada sem artigo";"Saúde geral";"cachaça dom tapparo";"2400";"HIGH";"subindo";"";"";"";"";"";"validadas/alimentacao-peso.json";"";"";"";"";"";"";"";"";"";"";"";"media";"72";"432";"long tail";"0";"";""
"2 validada sem artigo";"Saúde geral";"bebida malibu";"2400";"HIGH";"caindo";"";"";"";"";"";"validadas/alimentacao-peso.json";"";"";"";"";"";"";"";"";"";"";"";"media";"72";"432";"media (2 palavras)";"0";"";""
"2 validada sem artigo";"Saúde geral";"albumina naturovos";"2400";"HIGH";"estável";"";"";"";"";"";"validadas/alimentacao-peso.json";"";"";"";"";"";"";"";"";"";"";"";"media";"72";"432";"media (2 palavras)";"1";"590";"albumina naturovos 1kg (590)"
"2 validada sem artigo";"Alimentação e peso";"dieta hipocalorica";"2400";"LOW";"caindo";"";"";"";"";"";"validadas/alimentacao-peso.json";"";"";"";"";"";"";"";"";"";"";"";"media";"72";"432";"media (2 palavras)";"0";"";""
"2 validada sem artigo";"Alimentação e peso";"tabela de calorias dos alimentos";"2400";"LOW";"caindo";"";"";"";"";"";"validadas/alimentacao-peso.json";"";"";"";"";"";"";"";"";"";"";"";"media";"72";"432";"long tail";"2";"530";"tabela de calorias dos alimentos completa (390) | tabela de alimentos e suas calorias (140)"
"2 validada sem artigo";"Alimentação e peso";"dieta para ganho de massa muscular";"2400";"MEDIUM";"estável";"";"";"";"";"";"validadas/alimentacao-peso.json";"";"";"";"";"";"";"";"";"";"";"";"media";"72";"432";"long tail";"0";"";""
"2 validada sem artigo";"Saúde geral";"fibregum";"2400";"HIGH";"estável";"";"";"";"";"";"validadas/alimentacao-peso.json";"";"";"";"";"";"";"";"";"";"";"";"media";"72";"432";"cabeca";"1";"140";"fibregum nutrawell (140)"
"2 validada sem artigo";"Alimentação e peso";"proteina de ervilha";"2400";"HIGH";"estável";"";"";"";"";"";"validadas/alimentacao-peso.json";"";"";"";"";"";"";"";"";"";"";"";"media";"72";"432";"media (2 palavras)";"0";"";""
"2 validada sem artigo";"Alimentação e peso";"fibra psyllium";"2400";"HIGH";"caindo";"";"";"";"";"";"validadas/alimentacao-peso.json";"";"";"";"";"";"";"";"";"";"";"";"media";"72";"432";"media (2 palavras)";"0";"";""
"2 validada sem artigo";"Saúde geral";"fiber norm";"2400";"HIGH";"caindo";"";"";"";"";"";"validadas/alimentacao-peso.json";"";"";"";"";"";"";"";"";"";"";"";"media";"72";"432";"media (2 palavras)";"0";"";""
"2 validada sem artigo";"Alimentação e peso";"dieta para emagrecer 10kg em 30 dias";"2400";"MEDIUM";"estável";"";"";"";"";"";"validadas/alimentacao-peso.json";"";"";"";"";"";"";"";"";"";"";"";"media";"72";"432";"long tail";"0";"";""
"2 validada sem artigo";"Alimentação e peso";"sopa emagrecedora";"2400";"HIGH";"caindo";"";"";"";"";"";"validadas/alimentacao-peso.json";"";"";"";"";"";"";"";"";"";"";"";"media";"72";"432";"media (2 palavras)";"0";"";""
"2 validada sem artigo";"Alimentação e peso";"dieta da sopa";"2400";"MEDIUM";"caindo";"";"";"";"";"";"validadas/alimentacao-peso.json";"";"";"";"";"";"";"";"";"";"";"";"media";"72";"432";"media (2 palavras)";"0";"";""
"2 validada sem artigo";"Alimentação e peso";"fibra soluvel";"2400";"HIGH";"estável";"";"";"";"";"";"validadas/alimentacao-peso.json";"";"";"";"";"";"";"";"";"";"";"";"media";"72";"432";"media (2 palavras)";"0";"";""
"2 validada sem artigo";"Saúde geral";"fibernorm";"2400";"HIGH";"estável";"";"";"";"";"";"validadas/alimentacao-peso.json";"";"";"";"";"";"";"";"";"";"";"";"media";"72";"432";"cabeca";"0";"";""
"2 validada sem artigo";"Alimentação e peso";"simfort fibras";"2400";"HIGH";"subindo";"";"";"";"";"";"validadas/alimentacao-peso.json";"";"";"";"";"";"";"";"";"";"";"";"media";"72";"432";"media (2 palavras)";"0";"";""
"2 validada sem artigo";"Alimentação e peso";"dieta para desinflamar o corpo";"2400";"MEDIUM";"estável";"";"";"";"";"";"validadas/alimentacao-peso.json";"";"";"";"";"";"";"";"";"";"";"";"media";"72";"432";"long tail";"0";"";""
"2 validada sem artigo";"Saúde geral";"imc feminino";"2400";"LOW";"caindo";"";"";"";"";"";"validadas/alimentacao-peso.json";"";"";"";"";"";"";"";"";"";"";"";"media";"72";"432";"media (2 palavras)";"0";"";""
"2 validada sem artigo";"Saúde geral";"benefícios do jejum intermitente";"2400";"LOW";"caindo";"";"";"";"";"";"validadas/alimentacao-peso.json";"";"";"";"";"";"";"";"";"";"";"";"media";"72";"432";"long tail";"0";"";""
"2 validada sem artigo";"Saúde geral";"intolerâncias alimentares";"2400";"LOW";"caindo";"";"";"";"";"";"validadas/alimentacao-peso.json";"";"";"";"";"";"";"";"";"";"";"";"media";"72";"432";"media (2 palavras)";"0";"";""
"2 validada sem artigo";"Cabelo";"queda de cabelo feminino";"2400";"HIGH";"estável";"";"";"";"";"";"validadas/cabelo-expandido.json";"";"";"";"";"";"";"";"";"";"";"";"media";"72";"432";"long tail";"14";"17470";"vitaminas para queda de cabelo feminino (5400) | melhores vitaminas para queda de cabelo feminino (3600) | melhor vitamina para queda de cabelo feminino (3600) | tratamento para queda de cabelo feminino (1300) | minoxidil para queda de cabelo feminino (720) | suplemento para queda de cabelo feminino (590) | causas de queda de cabelo feminino (480) | queda de cabelo frontal feminino (480) | melhor suplemento para queda de cabelo feminino (480) | queda de cabelo feminino em excesso (170)"
"2 validada sem artigo";"Saúde geral";"minoxidil manipulado";"2400";"HIGH";"estável";"";"";"sim";"";"";"validadas/cabelo-expandido.json";"";"";"";"";"";"";"";"";"";"";"";"media";"72";"432";"media (2 palavras)";"2";"530";"minoxidil manipulado é bom (390) | minoxidil manipulado comprimido (140)"
"2 validada sem artigo";"Saúde geral";"melhor minoxidil";"2400";"HIGH";"caindo";"";"";"sim";"";"";"validadas/cabelo-expandido.json";"";"";"";"";"";"";"";"";"";"";"";"media";"72";"432";"media (2 palavras)";"4";"4410";"minoxidil qual o melhor (3600) | melhor minoxidil para cabelo (390) | melhor minoxidil para cabelo feminino (210) | melhor minoxidil para calvície (210)"
"2 validada sem artigo";"Cabelo";"minoxidil para cabelo feminino";"2400";"HIGH";"estável";"";"";"sim";"";"";"validadas/cabelo-expandido.json";"";"";"";"";"";"";"";"";"";"";"";"media";"72";"432";"long tail";"4";"1670";"minoxidil para queda de cabelo feminino (720) | minoxidil spray cabelo feminino (480) | minoxidil para crescer cabelo feminino (260) | melhor minoxidil para cabelo feminino (210)"
"2 validada sem artigo";"Cabelo";"cabelo fino e ralo";"2400";"HIGH";"estável";"";"";"";"";"";"validadas/cabelo-expandido.json";"";"";"";"";"";"";"";"";"";"";"";"media";"72";"432";"long tail";"4";"1700";"cabelo fino e ralo o que fazer (880) | cabelo cacheado fino e ralo (390) | tratamento para cabelos finos e ralos (260) | melhor tratamento para cabelos finos e ralos (170)"
"2 validada sem artigo";"Saúde geral";"melhores minoxidil";"2400";"HIGH";"caindo";"";"";"sim";"";"";"validadas/cabelo-expandido.json";"";"";"";"";"";"";"";"";"";"";"";"media";"72";"432";"media (2 palavras)";"0";"";""
"2 validada sem artigo";"Saúde geral";"minoxidil e finasterida";"2400";"HIGH";"estável";"";"";"sim";"";"";"validadas/cabelo-expandido.json";"";"";"";"";"";"";"";"";"";"";"";"media";"72";"432";"media (2 palavras)";"2";"370";"finasterida ou minoxidil (260) | minoxidil e finasterida manipulada (110)"
"2 validada sem artigo";"Cabelo";"pantogar para queda de cabelo";"2400";"HIGH";"subindo";"";"";"";"";"";"validadas/cabelo-expandido.json";"";"";"";"";"";"";"";"";"";"";"";"media";"72";"432";"long tail";"1";"720";"pantogar é bom para queda de cabelo (720)"
"2 validada sem artigo";"Cabelo";"oq fazer para o cabelo parar de cair";"2400";"HIGH";"estável";"";"";"";"";"";"validadas/cabelo-expandido.json";"";"";"";"";"";"";"";"";"";"";"";"media";"72";"432";"long tail";"0";"";""
"2 validada sem artigo";"Cabelo";"cabelo fino";"2400";"MEDIUM";"estável";"";"";"";"";"";"validadas/cabelo.json";"";"";"";"";"";"";"";"";"";"";"";"media";"72";"432";"media (2 palavras)";"6";"4360";"cabelo fino e ralo (2400) | cabelo fino e ralo o que fazer (880) | cabelo cacheado fino e ralo (390) | tratamento para cabelos finos e ralos (260) | cabelo muito fino (260) | melhor tratamento para cabelos finos e ralos (170)"
"2 validada sem artigo";"Cabelo";"cabelo seco";"2400";"MEDIUM";"estável";"";"";"";"";"";"validadas/cabelo.json";"";"";"";"";"";"";"";"";"";"";"";"media";"72";"432";"media (2 palavras)";"0";"";""
"2 validada sem artigo";"Cabelo";"cabelo opaco";"2400";"LOW";"estável";"";"";"";"";"";"validadas/cabelo.json";"";"";"";"";"";"";"";"";"";"";"";"media";"72";"432";"media (2 palavras)";"0";"";""
"2 validada sem artigo";"Cabelo";"chá de alecrim para cabelo";"2400";"LOW";"estável";"";"";"";"";"";"validadas/cabelo.json";"";"";"";"";"";"";"";"";"";"";"";"media";"72";"432";"long tail";"0";"";""
"2 validada sem artigo";"Cabelo";"quanto o cabelo cresce por mês";"2400";"LOW";"estável";"";"";"";"";"";"validadas/cabelo.json";"";"";"";"";"";"";"";"";"";"";"";"media";"72";"432";"long tail";"0";"";""
"2 validada sem artigo";"Cabelo";"protetor solar capilar";"2400";"HIGH";"caindo";"";"";"";"";"";"validadas/cabelo.json";"";"";"";"";"";"";"";"";"";"";"";"media";"72";"432";"long tail";"0";"";""
"2 validada sem artigo";"Pele";"pele mista";"2400";"LOW";"";"";"";"";"";"";"pele-volumes.json";"";"";"";"";"";"";"";"";"";"";"";"media";"72";"432";"media (2 palavras)";"0";"";""
"2 validada sem artigo";"Saúde geral";"psoríase em placas";"2400";"LOW";"";"";"";"";"";"";"pele-volumes.json";"";"";"";"";"";"";"";"";"";"";"";"media";"72";"432";"media (2 palavras)";"0";"";""
"2 validada sem artigo";"Saúde geral";"esqualano";"2400";"HIGH";"";"";"";"";"";"";"pele-volumes.json";"";"";"";"";"";"";"";"";"";"";"";"media";"72";"432";"cabeca";"0";"";""
"2 validada sem artigo";"Saúde geral";"subcisão";"2400";"LOW";"";"";"";"";"";"";"pele-volumes.json";"";"";"";"";"";"";"";"";"";"";"";"media";"72";"432";"cabeca";"0";"";""
"2 validada sem artigo";"Pele";"calcanhar rachado";"2400";"HIGH";"";"";"";"";"";"";"pele-volumes.json";"";"";"";"";"";"";"";"";"";"";"";"media";"72";"432";"media (2 palavras)";"0";"";""
"2 validada sem artigo";"Sono";"sono profundo";"2400";"LOW";"";"";"";"";"";"";"sono-volumes.json";"";"";"";"";"";"";"";"";"";"";"";"media";"72";"432";"media (2 palavras)";"0";"";""
"2 validada sem artigo";"Sono";"relaxamento para dormir";"2400";"LOW";"";"";"";"";"";"";"sono-volumes.json";"";"";"";"";"";"";"";"";"";"";"";"media";"72";"432";"media (2 palavras)";"0";"";""
"2 validada sem artigo";"Saúde geral";"ômega 3 efeitos colaterais";"2400";"LOW";"";"";"";"";"";"";"suplementos-volumes.json";"";"";"";"";"";"";"";"";"";"";"";"media";"72";"432";"long tail";"0";"";""
"2 validada sem artigo";"Saúde geral";"berberina efeitos colaterais";"2400";"LOW";"";"";"";"";"";"";"suplementos-volumes.json";"";"";"";"";"";"";"";"";"";"";"";"media";"72";"432";"long tail";"0";"";""
"2 validada sem artigo";"Saúde geral";"lactase para que serve";"2400";"HIGH";"";"";"";"";"";"";"suplementos-volumes.json";"";"";"";"";"";"";"";"";"";"";"";"media";"72";"432";"long tail";"0";"";""
"2 validada sem artigo";"Saúde geral";"geleia real para que serve";"2400";"HIGH";"";"";"";"";"";"";"suplementos-volumes.json";"";"";"";"";"";"";"";"";"";"";"";"media";"72";"432";"long tail";"0";"";""
"2 validada sem artigo";"Saúde geral";"boswellia";"2400";"HIGH";"";"";"";"";"";"";"suplementos-volumes.json";"";"";"";"";"";"";"";"";"";"";"";"media";"72";"432";"cabeca";"1";"880";"boswellia para que serve (880)"
"2 validada sem artigo";"Saúde geral";"ômega 3 vegano";"2400";"HIGH";"";"";"";"";"";"";"suplementos-volumes.json";"";"";"";"";"";"";"";"";"";"";"";"media";"72";"432";"long tail";"0";"";""
"2 validada sem artigo";"Cabelo";"queda de cabelo falta de qual vitamina";"2400";"HIGH";"";"";"";"";"";"";"queda-de-cabelo-ideias-hypd.json";"";"";"";"";"";"";"";"";"";"";"";"media";"72";"432";"long tail";"1";"720";"falta de vitamina d causa queda de cabelo (720)"
"2 validada sem artigo";"Sono";"insônia o que fazer";"1900";"MEDIUM";"";"";"";"";"";"";"pauta antiga validada";"";"";"";"";"";"";"";"";"";"";"";"media";"57";"342";"long tail";"0";"";""
"2 validada sem artigo";"Digestão e fígado";"perder barriga rapido";"1900";"HIGH";"caindo";"";"";"";"";"";"validadas/alimentacao-peso.json";"";"";"";"";"";"";"";"";"";"";"";"media";"57";"342";"long tail";"2";"930";"chá para emagrecer rápido e perder barriga (720) | dietas para emagrecer rápido e perder barriga (210)"
"2 validada sem artigo";"Digestão e fígado";"gordura na barriga";"1900";"LOW";"estável";"";"";"";"";"";"validadas/alimentacao-peso.json";"";"";"";"";"";"";"";"";"";"";"";"media";"57";"342";"media (2 palavras)";"20";"11780";"gordura na barriga como perder (3600) | gordura da barriga como eliminar (1900) | gordura localizada na barriga (1600) | abdominal queima gordura da barriga (590) | queimar gordura da barriga (480) | melhor tratamento estético para gordura localizada na barriga (480) | queima gordura da barriga (480) | gordura localizada na barriga como perder (480) | tratamento para gordura localizada na barriga (260) | tirar gordura da barriga (260)"
"2 validada sem artigo";"Digestão e fígado";"gordura da barriga como eliminar";"1900";"HIGH";"estável";"";"";"";"";"";"validadas/alimentacao-peso.json";"";"";"";"";"";"";"";"";"";"";"";"media";"57";"342";"long tail";"0";"";""
"2 validada sem artigo";"Alimentação e peso";"melhor suplemento para queimar gordura abdominal";"1900";"HIGH";"caindo";"";"";"";"";"";"validadas/alimentacao-peso.json";"";"";"";"";"";"";"";"";"";"";"";"media";"57";"342";"long tail";"0";"";""
"2 validada sem artigo";"Alimentação e peso";"slim emagrecedor";"1900";"HIGH";"estável";"";"";"";"";"";"validadas/alimentacao-peso.json";"";"";"";"";"";"";"";"";"";"";"";"media";"57";"342";"media (2 palavras)";"2";"1260";"slim fit emagrecedor (1000) | slim emagrecedor original (260)"
"2 validada sem artigo";"Alimentação e peso";"suplemento alimentar para emagrecer";"1900";"HIGH";"caindo";"";"";"";"";"";"validadas/alimentacao-peso.json";"";"";"";"";"";"";"";"";"";"";"";"media";"57";"342";"long tail";"0";"";""
"2 validada sem artigo";"Alimentação e peso";"30 receitas de marmitas saudáveis";"1900";"MEDIUM";"caindo";"";"";"";"";"";"validadas/alimentacao-peso.json";"";"";"";"";"";"";"";"";"";"";"";"media";"57";"342";"long tail";"0";"";""
"2 validada sem artigo";"Alimentação e peso";"slim para emagrecer";"1900";"HIGH";"estável";"";"";"";"";"";"validadas/alimentacao-peso.json";"";"";"";"";"";"";"";"";"";"";"";"media";"57";"342";"media (2 palavras)";"1";"320";"remedio para emagrecer slim (320)"
"2 validada sem artigo";"Alimentação e peso";"remedios que ajudam a emagrecer";"1900";"HIGH";"caindo";"";"";"";"";"";"validadas/alimentacao-peso.json";"";"";"";"";"";"";"";"";"";"";"";"media";"57";"342";"long tail";"0";"";""
"2 validada sem artigo";"Saúde geral";"calcular gasto calorico";"1900";"LOW";"caindo";"";"";"";"";"";"validadas/alimentacao-peso.json";"";"";"";"";"";"";"";"";"";"";"";"media";"57";"342";"long tail";"1";"720";"calcular gasto calorico basal (720)"
"2 validada sem artigo";"Saúde geral";"petiscos saudáveis";"1900";"HIGH";"estável";"";"";"";"";"";"validadas/alimentacao-peso.json";"";"";"";"";"";"";"";"";"";"";"";"media";"57";"342";"media (2 palavras)";"0";"";""
"2 validada sem artigo";"Alimentação e peso";"receita de panetone fofinho e úmido";"1900";"LOW";"caindo";"";"";"";"";"";"validadas/alimentacao-peso.json";"";"";"";"";"";"";"";"";"";"";"";"media";"57";"342";"long tail";"0";"";""
"2 validada sem artigo";"Sono";"maca peruana tira o sono";"1900";"LOW";"caindo";"";"";"";"";"";"validadas/alimentacao-peso.json";"";"";"";"";"";"";"";"";"";"";"";"media";"57";"342";"long tail";"0";"";""
"2 validada sem artigo";"Saúde geral";"churrascos";"1900";"LOW";"estável";"";"";"";"";"";"validadas/alimentacao-peso.json";"";"";"";"";"";"";"";"";"";"";"";"media";"57";"342";"cabeca";"0";"";""
"2 validada sem artigo";"Saúde geral";"prensa francesa bialetti";"1900";"HIGH";"estável";"";"";"";"";"";"validadas/alimentacao-peso.json";"";"";"";"";"";"";"";"";"";"";"";"media";"57";"342";"long tail";"0";"";""
"2 validada sem artigo";"Saúde geral";"moka italiana";"1900";"HIGH";"subindo";"";"";"";"";"";"validadas/alimentacao-peso.json";"";"";"";"";"";"";"";"";"";"";"";"media";"57";"342";"media (2 palavras)";"0";"";""
"2 validada sem artigo";"Saúde geral";"tropical acai";"1900";"LOW";"estável";"";"";"";"";"";"validadas/alimentacao-peso.json";"";"";"";"";"";"";"";"";"";"";"";"media";"57";"342";"media (2 palavras)";"0";"";""
"2 validada sem artigo";"Saúde geral";"melhores cafeteiras";"1900";"HIGH";"estável";"";"";"";"";"";"validadas/alimentacao-peso.json";"";"";"";"";"";"";"";"";"";"";"";"media";"57";"342";"media (2 palavras)";"1";"590";"melhores cafeteiras eletricas (590)"
"2 validada sem artigo";"Saúde geral";"agua pura";"1900";"LOW";"estável";"";"";"";"";"";"validadas/alimentacao-peso.json";"";"";"";"";"";"";"";"";"";"";"";"media";"57";"342";"media (2 palavras)";"0";"";""
"2 validada sem artigo";"Saúde geral";"dosador de whisky";"1900";"HIGH";"estável";"";"";"";"";"";"validadas/alimentacao-peso.json";"";"";"";"";"";"";"";"";"";"";"";"media";"57";"342";"media (2 palavras)";"0";"";""
"2 validada sem artigo";"Saúde geral";"fanta sabores";"1900";"MEDIUM";"estável";"";"";"";"";"";"validadas/alimentacao-peso.json";"";"";"";"";"";"";"";"";"";"";"";"media";"57";"342";"media (2 palavras)";"0";"";""
"2 validada sem artigo";"Saúde geral";"fruta seca";"1900";"HIGH";"caindo";"";"";"";"";"";"validadas/alimentacao-peso.json";"";"";"";"";"";"";"";"";"";"";"";"media";"57";"342";"media (2 palavras)";"0";"";""
"2 validada sem artigo";"Saúde geral";"philco 15 bar";"1900";"HIGH";"subindo";"";"";"";"";"";"validadas/alimentacao-peso.json";"";"";"";"";"";"";"";"";"";"";"";"media";"57";"342";"long tail";"0";"";""
"2 validada sem artigo";"Saúde geral";"chá desincha";"1900";"HIGH";"estável";"";"";"";"";"";"validadas/alimentacao-peso.json";"";"";"";"";"";"";"";"";"";"";"";"media";"57";"342";"media (2 palavras)";"0";"";""
"2 validada sem artigo";"Saúde geral";"licor amaretto";"1900";"HIGH";"estável";"";"";"";"";"";"validadas/alimentacao-peso.json";"";"";"";"";"";"";"";"";"";"";"";"media";"57";"342";"media (2 palavras)";"0";"";""
"2 validada sem artigo";"Saúde geral";"ades soja";"1900";"HIGH";"subindo";"";"";"";"";"";"validadas/alimentacao-peso.json";"";"";"";"";"";"";"";"";"";"";"";"media";"57";"342";"media (2 palavras)";"0";"";""
"2 validada sem artigo";"Alimentação e peso";"alimentos termogenicos";"1900";"LOW";"caindo";"";"";"";"";"";"validadas/alimentacao-peso.json";"";"";"";"";"";"";"";"";"";"";"";"media";"57";"342";"media (2 palavras)";"0";"";""
"2 validada sem artigo";"Saúde geral";"dessalinizador";"1900";"HIGH";"estável";"";"";"";"";"";"validadas/alimentacao-peso.json";"";"";"";"";"";"";"";"";"";"";"";"media";"57";"342";"cabeca";"0";"";""
"2 validada sem artigo";"Saúde geral";"licor saint germain";"1900";"HIGH";"subindo";"";"";"";"";"";"validadas/alimentacao-peso.json";"";"";"";"";"";"";"";"";"";"";"";"media";"57";"342";"long tail";"0";"";""
"2 validada sem artigo";"Saúde geral";"frutas para aumentar a imunidade";"1900";"LOW";"estável";"";"";"";"";"";"validadas/alimentacao-peso.json";"";"";"";"";"";"";"";"";"";"";"";"media";"57";"342";"long tail";"0";"";""
"2 validada sem artigo";"Saúde geral";"ballena licor";"1900";"HIGH";"caindo";"";"";"";"";"";"validadas/alimentacao-peso.json";"";"";"";"";"";"";"";"";"";"";"";"media";"57";"342";"media (2 palavras)";"0";"";""
"2 validada sem artigo";"Saúde geral";"acai puro";"1900";"HIGH";"estável";"";"";"";"";"";"validadas/alimentacao-peso.json";"";"";"";"";"";"";"";"";"";"";"";"media";"57";"342";"media (2 palavras)";"0";"";""
"2 validada sem artigo";"Saúde geral";"barra de cereal ritter";"1900";"HIGH";"estável";"";"";"";"";"";"validadas/alimentacao-peso.json";"";"";"";"";"";"";"";"";"";"";"";"media";"57";"342";"long tail";"0";"";""
"2 validada sem artigo";"Alimentação e peso";"chá para acelerar o metabolismo";"1900";"HIGH";"caindo";"";"";"";"";"";"validadas/alimentacao-peso.json";"";"";"";"";"";"";"";"";"";"";"";"media";"57";"342";"long tail";"0";"";""
"2 validada sem artigo";"Alimentação e peso";"tabela nutricional dos alimentos";"1900";"LOW";"caindo";"";"";"";"";"";"validadas/alimentacao-peso.json";"";"";"";"";"";"";"";"";"";"";"";"media";"57";"342";"long tail";"1";"320";"tabela nutricional dos alimentos 100g (320)"
"2 validada sem artigo";"Alimentação e peso";"dieta para engordar";"1900";"MEDIUM";"caindo";"";"";"";"";"";"validadas/alimentacao-peso.json";"";"";"";"";"";"";"";"";"";"";"";"media";"57";"342";"media (2 palavras)";"1";"720";"dieta para engordar 1kg por semana (720)"
"2 validada sem artigo";"Alimentação e peso";"alimentos que ajudam a emagrecer";"1900";"MEDIUM";"caindo";"";"";"";"";"";"validadas/alimentacao-peso.json";"";"";"";"";"";"";"";"";"";"";"";"media";"57";"342";"long tail";"0";"";""
"2 validada sem artigo";"Saúde geral";"regime intermitente";"1900";"LOW";"caindo";"";"";"";"";"";"validadas/alimentacao-peso.json";"";"";"";"";"";"";"";"";"";"";"";"media";"57";"342";"media (2 palavras)";"1";"480";"regime intermitente como fazer (480)"
"2 validada sem artigo";"Alimentação e peso";"proteina vegetal em pó";"1900";"HIGH";"estável";"";"";"";"";"";"validadas/alimentacao-peso.json";"";"";"";"";"";"";"";"";"";"";"";"media";"57";"342";"long tail";"2";"380";"proteína vegetal suplemento (210) | proteina vegetal pura vida (170)"
"2 validada sem artigo";"Alimentação e peso";"dieta desinflamatoria";"1900";"MEDIUM";"caindo";"";"";"";"";"";"validadas/alimentacao-peso.json";"";"";"";"";"";"";"";"";"";"";"";"media";"57";"342";"media (2 palavras)";"0";"";""
"2 validada sem artigo";"Alimentação e peso";"proteina hidrolisada";"1900";"HIGH";"estável";"";"";"";"";"";"validadas/alimentacao-peso.json";"";"";"";"";"";"";"";"";"";"";"";"media";"57";"342";"media (2 palavras)";"0";"";""
"2 validada sem artigo";"Saúde geral";"suplementos proteicos";"1900";"HIGH";"estável";"";"";"";"";"";"validadas/alimentacao-peso.json";"";"";"";"";"";"";"";"";"";"";"";"media";"57";"342";"media (2 palavras)";"1";"170";"suplemento proteico vegano (170)"
"2 validada sem artigo";"Saúde geral";"suplemento proteico";"1900";"HIGH";"estável";"";"";"";"";"";"validadas/alimentacao-peso.json";"";"";"";"";"";"";"";"";"";"";"";"media";"57";"342";"media (2 palavras)";"1";"170";"suplemento proteico vegano (170)"
"2 validada sem artigo";"Alimentação e peso";"dieta da proteina";"1900";"LOW";"caindo";"";"";"";"";"";"validadas/alimentacao-peso.json";"";"";"";"";"";"";"";"";"";"";"";"media";"57";"342";"media (2 palavras)";"1";"390";"dieta da proteína emagrecer 20 kg (390)"
"2 validada sem artigo";"Alimentação e peso";"rybelsus para emagrecer";"1900";"LOW";"caindo";"";"";"";"";"";"validadas/alimentacao-peso.json";"";"";"";"";"";"";"";"";"";"";"";"media";"57";"342";"media (2 palavras)";"0";"";""
"2 validada sem artigo";"Saúde geral";"nutridrink protein sem sabor";"1900";"HIGH";"estável";"";"";"";"";"";"validadas/alimentacao-peso.json";"";"";"";"";"";"";"";"";"";"";"";"media";"57";"342";"long tail";"0";"";""
"2 validada sem artigo";"Alimentação e peso";"dieta cetogenica como funciona";"1900";"LOW";"caindo";"";"";"";"";"";"validadas/alimentacao-peso.json";"";"";"";"";"";"";"";"";"";"";"";"media";"57";"342";"long tail";"0";"";""
"2 validada sem artigo";"Alimentação e peso";"dieta cetogênica como fazer";"1900";"MEDIUM";"caindo";"";"";"";"";"";"validadas/alimentacao-peso.json";"";"";"";"";"";"";"";"";"";"";"";"media";"57";"342";"long tail";"0";"";""
"2 validada sem artigo";"Saúde geral";"açucar xilitol";"1900";"HIGH";"estável";"";"";"";"";"";"validadas/alimentacao-peso.json";"";"";"";"";"";"";"";"";"";"";"";"media";"57";"342";"media (2 palavras)";"0";"";""
"2 validada sem artigo";"Saúde geral";"albumina em pó";"1900";"HIGH";"subindo";"";"";"";"";"";"validadas/alimentacao-peso.json";"";"";"";"";"";"";"";"";"";"";"";"media";"57";"342";"media (2 palavras)";"8";"19370";"albumina para que serve (9900) | albumina growth (3600) | albumina naturovos (2400) | albumina suplemento (1300) | albumina 1kg (1000) | albumina naturovos 1kg (590) | albumina pura (320) | albumina max titanium (260)"
"2 validada sem artigo";"Saúde geral";"produtos sem gluten";"1900";"HIGH";"estável";"";"";"";"";"";"validadas/alimentacao-peso.json";"";"";"";"";"";"";"";"";"";"";"";"media";"57";"342";"long tail";"1";"720";"produtos sem gluten e sem lactose (720)"
"2 validada sem artigo";"Saúde geral";"flexitarianismo";"1900";"LOW";"caindo";"";"";"";"";"";"validadas/alimentacao-peso.json";"";"";"";"";"";"";"";"";"";"";"";"media";"57";"342";"cabeca";"0";"";""
"2 validada sem artigo";"Cabelo";"mel para cabelo";"1900";"MEDIUM";"estável";"";"";"";"";"";"validadas/cabelo-arvore.json";"";"";"";"";"";"";"";"";"";"";"";"media";"57";"342";"media (2 palavras)";"0";"";""
"2 validada sem artigo";"Cabelo";"caroço no couro cabeludo";"1900";"LOW";"estável";"";"";"";"";"";"validadas/cabelo-arvore.json";"";"";"";"";"";"";"";"";"";"";"";"media";"57";"342";"long tail";"0";"";""
"2 validada sem artigo";"Cabelo";"prp capilar";"1900";"LOW";"estável";"";"";"";"";"";"validadas/cabelo-arvore.json";"";"";"";"";"";"";"";"";"";"";"";"media";"57";"342";"media (2 palavras)";"0";"";""
"2 validada sem artigo";"Saúde geral";"minoxidil quanto tempo para fazer efeito";"1900";"LOW";"estável";"";"";"sim";"";"";"validadas/cabelo-arvore.json";"";"";"";"";"";"";"";"";"";"";"";"media";"57";"342";"long tail";"0";"";""
"2 validada sem artigo";"Saúde geral";"minoxidil funciona";"1900";"HIGH";"estável";"";"";"sim";"";"";"validadas/cabelo-arvore.json";"";"";"";"";"";"";"";"";"";"";"";"media";"57";"342";"media (2 palavras)";"3";"1850";"minoxidil funciona mesmo (1600) | minoxidil comprimido funciona (140) | minoxidil funciona para calvície (110)"
"2 validada sem artigo";"Cabelo";"tratamento para calvície";"1900";"HIGH";"estável";"";"";"";"";"";"validadas/cabelo-expandido.json";"";"";"";"";"";"";"";"";"";"";"";"media";"57";"342";"media (2 palavras)";"4";"1290";"tratamento calvície masculina (720) | tratamento calvície feminina (260) | calvície tem tratamento (170) | existe tratamento para calvície (140)"
"2 validada sem artigo";"Cabelo";"minoxidil capilar";"1900";"HIGH";"estável";"";"";"sim";"";"";"validadas/cabelo-expandido.json";"";"";"";"";"";"";"";"";"";"";"";"media";"57";"342";"media (2 palavras)";"7";"3230";"minoxidil solução capilar (1000) | minoxidil 5 loção capilar (880) | tônico capilar minoxidil (880) | minoxidil tratamento capilar (140) | minoxidil capilar masculino (110) | minoxidil capilar feminino (110) | minoxidil crescimento capilar (110)"
"2 validada sem artigo";"Cabelo";"queda de cabelo o que fazer";"1900";"HIGH";"estável";"";"";"";"";"";"validadas/cabelo-expandido.json";"";"";"";"";"";"";"";"";"";"";"";"media";"57";"342";"long tail";"3";"490";"queda de cabelo na menopausa o que fazer (210) | muita queda de cabelo o que fazer (170) | cabelo com queda o que fazer (110)"
"2 validada sem artigo";"Cabelo";"alopecia areata tratamento";"1900";"HIGH";"estável";"";"";"";"";"";"validadas/cabelo-expandido.json";"";"";"";"";"";"";"";"";"";"";"";"media";"57";"342";"long tail";"1";"170";"alopecia areata barba tratamento (170)"
"2 validada sem artigo";"Cabelo";"queda capilar";"1900";"HIGH";"estável";"";"";"";"";"";"validadas/cabelo-expandido.json";"";"";"";"";"";"";"";"";"";"";"";"media";"57";"342";"media (2 palavras)";"8";"2920";"vitamina capilar para queda de cabelo (720) | tratamento capilar para queda de cabelo (590) | queda capilar feminina (480) | vitamina para queda capilar (480) | queda capilar o que fazer (260) | tratamento para queda capilar (140) | suplemento capilar para queda de cabelo (140) | queda capilar masculina (110)"
"2 validada sem artigo";"Cabelo";"meu cabelo está caindo muito";"1900";"HIGH";"subindo";"";"";"";"";"";"validadas/cabelo-expandido.json";"";"";"";"";"";"";"";"";"";"";"";"media";"57";"342";"long tail";"2";"2900";"meu cabelo está caindo muito o que pode ser (1900) | meu cabelo está caindo muito o que fazer (1000)"
"2 validada sem artigo";"Cabelo";"antiqueda";"1900";"HIGH";"estável";"";"";"";"";"";"validadas/cabelo-expandido.json";"";"";"";"";"";"";"";"";"";"";"";"media";"57";"342";"cabeca";"29";"19950";"bio extratus antiqueda (5400) | pielus antiqueda (2900) | kerastase antiqueda (1600) | vichy antiqueda (1600) | tricofort antiqueda (1600) | clear antiqueda (1300) | vichy dercos antiqueda (880) | ducray antiqueda (590) | antiqueda de cabelo (590) | salon line antiqueda (320)"
"2 validada sem artigo";"Saúde geral";"minoxidil loção";"1900";"HIGH";"subindo";"";"";"sim";"";"";"validadas/cabelo-expandido.json";"";"";"";"";"";"";"";"";"";"";"";"media";"57";"342";"media (2 palavras)";"2";"1090";"minoxidil 5 loção capilar (880) | loção para queda de cabelo minoxidil (210)"
"2 validada sem artigo";"Cabelo";"biotina para queda de cabelo";"1900";"HIGH";"subindo";"";"";"";"";"";"validadas/cabelo-expandido.json";"";"";"";"";"";"";"";"";"";"";"";"media";"57";"342";"long tail";"3";"1640";"biotina é bom para queda de cabelo (1000) | biotina ajuda na queda de cabelo (320) | biotina serve para queda de cabelo (320)"
"2 validada sem artigo";"Saúde geral";"minoxidil para mulheres";"1900";"HIGH";"subindo";"";"";"sim";"";"";"validadas/cabelo-expandido.json";"";"";"";"";"";"";"";"";"";"";"";"media";"57";"342";"media (2 palavras)";"0";"";""
"2 validada sem artigo";"Cabelo";"meu cabelo está caindo muito o que pode ser";"1900";"MEDIUM";"subindo";"";"";"";"";"";"validadas/cabelo-expandido.json";"";"";"";"";"";"";"";"";"";"";"";"media";"57";"342";"long tail";"0";"";""
"2 validada sem artigo";"Saúde geral";"benefícios da biotina";"1900";"MEDIUM";"estável";"";"";"";"";"";"validadas/cabelo-expandido.json";"";"";"";"";"";"";"";"";"";"";"";"media";"57";"342";"media (2 palavras)";"0";"";""
"2 validada sem artigo";"Cabelo";"tratamentos para alopecia";"1900";"HIGH";"estável";"";"";"";"";"";"validadas/cabelo-expandido.json";"";"";"";"";"";"";"";"";"";"";"";"media";"57";"342";"media (2 palavras)";"4";"2920";"alopecia areata tratamento (1900) | alopecia frontal fibrosante tratamento (590) | alopecia por tração tratamento (260) | alopecia areata barba tratamento (170)"
"2 validada sem artigo";"Cabelo";"babosa é bom para o cabelo";"1900";"LOW";"subindo";"";"";"";"";"";"validadas/cabelo-expandido.json";"";"";"";"";"";"";"";"";"";"";"";"media";"57";"342";"long tail";"1";"1300";"babosa é bom para queda de cabelo (1300)"
"2 validada sem artigo";"Cabelo";"tipos de alopecia";"1900";"LOW";"estável";"";"";"";"";"";"validadas/cabelo.json";"";"";"";"";"";"";"";"";"";"";"";"media";"57";"342";"media (2 palavras)";"2";"280";"tipos de alopecia masculina (140) | tipos de alopecia areata (140)"
"2 validada sem artigo";"Cabelo";"esfoliação do couro cabeludo";"1900";"HIGH";"estável";"";"";"";"";"";"validadas/cabelo.json";"";"";"";"";"";"";"";"";"";"";"";"media";"57";"342";"long tail";"0";"";""
"2 validada sem artigo";"Pele";"pele sensível";"1900";"MEDIUM";"";"";"";"";"";"";"pele-volumes.json";"";"";"";"";"";"";"";"";"";"";"";"media";"57";"342";"media (2 palavras)";"1";"140";"pele oleosa sensível (140)"
"2 validada sem artigo";"Pele";"pele acneica";"1900";"MEDIUM";"";"";"";"";"";"";"pele-volumes.json";"";"";"";"";"";"";"";"";"";"";"";"media";"57";"342";"media (2 palavras)";"0";"";""
"2 validada sem artigo";"Pele";"rugas na testa";"1900";"HIGH";"";"";"";"";"";"";"pele-volumes.json";"";"";"";"";"";"";"";"";"";"";"";"media";"57";"342";"media (2 palavras)";"0";"";""
"2 validada sem artigo";"Saúde geral";"lábios finos";"1900";"LOW";"";"";"";"";"";"";"pele-volumes.json";"";"";"";"";"";"";"";"";"";"";"";"media";"57";"342";"media (2 palavras)";"0";"";""
"2 validada sem artigo";"Saúde geral";"casca de laranja";"1900";"LOW";"";"";"";"";"";"";"pele-volumes.json";"";"";"";"";"";"";"";"";"";"";"";"media";"57";"342";"media (2 palavras)";"0";"";""
"2 validada sem artigo";"Saúde geral";"óleo de limpeza";"1900";"HIGH";"";"";"";"";"";"";"pele-volumes.json";"";"";"";"";"";"";"";"";"";"";"";"media";"57";"342";"media (2 palavras)";"0";"";""
"2 validada sem artigo";"Saúde geral";"slugging";"1900";"LOW";"";"";"";"";"";"";"pele-volumes.json";"";"";"";"";"";"";"";"";"";"";"";"media";"57";"342";"cabeca";"0";"";""
"2 validada sem artigo";"Saúde geral";"drenagem linfática facial";"1900";"HIGH";"";"";"";"";"";"";"pele-volumes.json";"";"";"";"";"";"";"";"";"";"";"";"media";"57";"342";"long tail";"0";"";""
"2 validada sem artigo";"Pele";"niacinamida 10";"1900";"HIGH";"";"";"";"";"";"";"pele-volumes.json";"";"";"";"";"";"";"";"";"";"";"";"media";"57";"342";"media (2 palavras)";"1";"110";"niacinamida para cabelo (110)"
"2 validada sem artigo";"Saúde geral";"argireline";"1900";"HIGH";"";"";"";"";"";"";"pele-volumes.json";"";"";"";"";"";"";"";"";"";"";"";"media";"57";"342";"cabeca";"0";"";""
"2 validada sem artigo";"Saúde geral";"radiodermite";"1900";"LOW";"";"";"";"";"";"";"pele-volumes.json";"";"";"";"";"";"";"";"";"";"";"";"media";"57";"342";"cabeca";"0";"";""
"2 validada sem artigo";"Sono";"relógio biológico";"1900";"LOW";"";"";"";"";"";"";"sono-volumes.json";"";"";"";"";"";"";"";"";"";"";"";"media";"57";"342";"media (2 palavras)";"0";"";""
"2 validada sem artigo";"Saúde geral";"alucinações hipnagógicas";"1900";"LOW";"";"";"";"";"";"";"sono-volumes.json";"";"";"";"";"";"";"";"";"";"";"";"media";"57";"342";"media (2 palavras)";"0";"";""
"2 validada sem artigo";"Saúde geral";"ubiquinol para que serve";"1900";"HIGH";"";"";"";"";"";"";"suplementos-volumes.json";"";"";"";"";"";"";"";"";"";"";"";"media";"57";"342";"long tail";"0";"";""
"2 validada sem artigo";"Saúde geral";"nad para que serve";"1900";"HIGH";"";"";"";"";"";"";"suplementos-volumes.json";"";"";"";"";"";"";"";"";"";"";"";"media";"57";"342";"long tail";"0";"";""
"2 validada sem artigo";"Saúde geral";"apigenina";"1900";"HIGH";"";"";"";"";"";"";"suplementos-volumes.json";"";"";"";"";"";"";"";"";"";"";"";"media";"57";"342";"cabeca";"1";"390";"apigenina para que serve (390)"
"2 validada sem artigo";"Saúde geral";"sulforafano";"1900";"HIGH";"";"";"";"";"";"";"suplementos-volumes.json";"";"";"";"";"";"";"";"";"";"";"";"media";"57";"342";"cabeca";"1";"210";"sulforafano para que serve (210)"
"2 validada sem artigo";"Alimentação e peso";"fitoesteróis";"1900";"HIGH";"";"";"";"";"";"";"suplementos-volumes.json";"";"";"";"";"";"";"";"";"";"";"";"media";"57";"342";"cabeca";"0";"";""
"2 validada sem artigo";"Cabelo";"melhor suplemento para queda de cabelo";"1900";"HIGH";"";"";"";"";"";"";"queda-de-cabelo-ideias-hypd.json";"";"";"";"";"";"";"";"";"";"";"";"media";"57";"342";"long tail";"1";"480";"melhor suplemento para queda de cabelo feminino (480)"
"2 validada sem artigo";"Cabelo";"vitamina para fortalecer o cabelo";"1900";"HIGH";"";"";"";"";"";"";"queda-de-cabelo-ideias-hypd.json";"";"";"";"";"";"";"";"";"";"";"";"media";"57";"342";"long tail";"0";"";""
"2 validada sem artigo";"Cabelo";"vitamina boa para queda de cabelo";"1900";"HIGH";"";"";"";"";"";"";"queda-de-cabelo-ideias-hypd.json";"";"";"";"";"";"";"";"";"";"";"";"media";"57";"342";"long tail";"0";"";""
"2 validada sem artigo";"Cabelo";"melhores suplementos para queda de cabelo";"1900";"HIGH";"";"";"";"";"";"";"queda-de-cabelo-ideias-hypd.json";"";"";"";"";"";"";"";"";"";"";"";"media";"57";"342";"long tail";"0";"";""
"2 validada sem artigo";"Digestão e fígado";"secar barriga";"1600";"HIGH";"caindo";"";"";"";"";"";"validadas/alimentacao-peso.json";"";"";"";"";"";"";"";"";"";"";"";"media";"48";"288";"media (2 palavras)";"6";"16970";"chá para secar barriga (14800) | dieta para secar barriga (1300) | secar barriga rápido (260) | suplemento para secar barriga (260) | secar barriga homem (210) | produto para secar barriga (140)"
"2 validada sem artigo";"Digestão e fígado";"gordura localizada na barriga";"1600";"HIGH";"caindo";"";"";"";"";"";"validadas/alimentacao-peso.json";"";"";"";"";"";"";"";"";"";"";"";"media";"48";"288";"long tail";"3";"1220";"melhor tratamento estético para gordura localizada na barriga (480) | gordura localizada na barriga como perder (480) | tratamento para gordura localizada na barriga (260)"
"2 validada sem artigo";"Saúde geral";"abdominais para pochete";"1600";"LOW";"caindo";"";"";"";"";"";"validadas/alimentacao-peso.json";"";"";"";"";"";"";"";"";"";"";"";"media";"48";"288";"media (2 palavras)";"2";"650";"abdominais para perder pochete (480) | melhores abdominais para pochete (170)"
"2 validada sem artigo";"Alimentação e peso";"produtos para emagrecer";"1600";"HIGH";"caindo";"";"";"";"";"";"validadas/alimentacao-peso.json";"";"";"";"";"";"";"";"";"";"";"";"media";"48";"288";"media (2 palavras)";"6";"2950";"produtos naturais para emagrecer (1600) | produtos naturais para emagrecer e perder barriga (390) | herbalife produtos para emagrecer (320) | produtos para emagrecer rapido (260) | produto para emagrecer natural (210) | produtos naturais que ajudam a emagrecer (170)"
"2 validada sem artigo";"Alimentação e peso";"spirulina emagrece";"1600";"HIGH";"caindo";"";"";"";"";"";"validadas/alimentacao-peso.json";"";"";"";"";"";"";"";"";"";"";"";"media";"48";"288";"media (2 palavras)";"1";"880";"spirulina emagrece quantos quilos por mês (880)"
"2 validada sem artigo";"Saúde geral";"nutrição e dietética";"1600";"LOW";"caindo";"";"";"";"";"";"validadas/alimentacao-peso.json";"";"";"";"";"";"";"";"";"";"";"";"media";"48";"288";"media (2 palavras)";"0";"";""
"2 validada sem artigo";"Saúde geral";"taco tabela nutricional";"1600";"LOW";"estável";"";"";"";"";"";"validadas/alimentacao-peso.json";"";"";"";"";"";"";"";"";"";"";"";"media";"48";"288";"long tail";"0";"";""
"2 validada sem artigo";"Saúde geral";"cardapio semanal saudavel";"1600";"MEDIUM";"caindo";"";"";"";"";"";"validadas/alimentacao-peso.json";"";"";"";"";"";"";"";"";"";"";"";"media";"48";"288";"long tail";"2";"860";"cardápio semanal saudável simples e barato (720) | cardápio semanal saudável e prático (140)"
"2 validada sem artigo";"Alimentação e peso";"simulador de caminhada emagrece";"1600";"HIGH";"estável";"";"";"";"";"";"validadas/alimentacao-peso.json";"";"";"";"";"";"";"";"";"";"";"";"media";"48";"288";"long tail";"0";"";""
"2 validada sem artigo";"Alimentação e peso";"produtos naturais para emagrecer";"1600";"HIGH";"caindo";"";"";"";"";"";"validadas/alimentacao-peso.json";"";"";"";"";"";"";"";"";"";"";"";"media";"48";"288";"long tail";"2";"560";"produtos naturais para emagrecer e perder barriga (390) | produtos naturais que ajudam a emagrecer (170)"
"2 validada sem artigo";"Saúde geral";"queimadores de gordura";"1600";"HIGH";"caindo";"";"";"";"";"";"validadas/alimentacao-peso.json";"";"";"";"";"";"";"";"";"";"";"";"media";"48";"288";"media (2 palavras)";"0";"";""
"2 validada sem artigo";"Alimentação e peso";"lanches saudaveis para tarde";"1600";"MEDIUM";"estável";"";"";"";"";"";"validadas/alimentacao-peso.json";"";"";"";"";"";"";"";"";"";"";"";"media";"48";"288";"long tail";"0";"";""
"2 validada sem artigo";"Alimentação e peso";"jantar saudável para emagrecer";"1600";"MEDIUM";"caindo";"";"";"";"";"";"validadas/alimentacao-peso.json";"";"";"";"";"";"";"";"";"";"";"";"media";"48";"288";"long tail";"0";"";""
"2 validada sem artigo";"Saúde geral";"dietoterapia";"1600";"LOW";"estável";"";"";"";"";"";"validadas/alimentacao-peso.json";"";"";"";"";"";"";"";"";"";"";"";"media";"48";"288";"cabeca";"0";"";""
"2 validada sem artigo";"Alimentação e peso";"produtos emagrecimento";"1600";"HIGH";"caindo";"";"";"";"";"";"validadas/alimentacao-peso.json";"";"";"";"";"";"";"";"";"";"";"";"media";"48";"288";"media (2 palavras)";"0";"";""
"2 validada sem artigo";"Alimentação e peso";"receitas saudáveis para crianças";"1600";"MEDIUM";"caindo";"";"";"";"";"";"validadas/alimentacao-peso.json";"";"";"";"";"";"";"";"";"";"";"";"media";"48";"288";"long tail";"0";"";""
"2 validada sem artigo";"Alimentação e peso";"produto emagrecedor";"1600";"HIGH";"caindo";"";"";"";"";"";"validadas/alimentacao-peso.json";"";"";"";"";"";"";"";"";"";"";"";"media";"48";"288";"media (2 palavras)";"0";"";""
"2 validada sem artigo";"Alimentação e peso";"opções de jantar saudável";"1600";"LOW";"caindo";"";"";"";"";"";"validadas/alimentacao-peso.json";"";"";"";"";"";"";"";"";"";"";"";"media";"48";"288";"long tail";"0";"";""
"2 validada sem artigo";"Alimentação e peso";"opções de lanches saudáveis";"1600";"MEDIUM";"caindo";"";"";"";"";"";"validadas/alimentacao-peso.json";"";"";"";"";"";"";"";"";"";"";"";"media";"48";"288";"long tail";"0";"";""
"2 validada sem artigo";"Saúde geral";"panqueca saudavel";"1600";"LOW";"estável";"";"";"";"";"";"validadas/alimentacao-peso.json";"";"";"";"";"";"";"";"";"";"";"";"media";"48";"288";"media (2 palavras)";"0";"";""
"2 validada sem artigo";"Alimentação e peso";"planejamento alimentar para emagrecer";"1600";"MEDIUM";"caindo";"";"";"";"";"";"validadas/alimentacao-peso.json";"";"";"";"";"";"";"";"";"";"";"";"media";"48";"288";"long tail";"0";"";""
"2 validada sem artigo";"Alimentação e peso";"treino para emagrecimento";"1600";"MEDIUM";"caindo";"";"";"";"";"";"validadas/alimentacao-peso.json";"";"";"";"";"";"";"";"";"";"";"";"media";"48";"288";"media (2 palavras)";"1";"480";"treino emagrecimento feminino (480)"
"2 validada sem artigo";"Alimentação e peso";"jantar rápido e saudável";"1600";"LOW";"estável";"";"";"";"";"";"validadas/alimentacao-peso.json";"";"";"";"";"";"";"";"";"";"";"";"media";"48";"288";"long tail";"0";"";""
"2 validada sem artigo";"Saúde geral";"uan nutrição";"1600";"LOW";"estável";"";"";"";"";"";"validadas/alimentacao-peso.json";"";"";"";"";"";"";"";"";"";"";"";"media";"48";"288";"media (2 palavras)";"0";"";""
"2 validada sem artigo";"Saúde geral";"cardapio da semana saudavel";"1600";"MEDIUM";"caindo";"";"";"";"";"";"validadas/alimentacao-peso.json";"";"";"";"";"";"";"";"";"";"";"";"media";"48";"288";"long tail";"0";"";""
"2 validada sem artigo";"Digestão e fígado";"caminhar perde barriga";"1600";"LOW";"caindo";"";"";"";"";"";"validadas/alimentacao-peso.json";"";"";"";"";"";"";"";"";"";"";"";"media";"48";"288";"long tail";"0";"";""
"2 validada sem artigo";"Saúde geral";"tabela nutricional coca cola";"1600";"LOW";"caindo";"";"";"";"";"";"validadas/alimentacao-peso.json";"";"";"";"";"";"";"";"";"";"";"";"media";"48";"288";"long tail";"1";"320";"coca cola zero tabela nutricional (320)"
"2 validada sem artigo";"Saúde geral";"brastemp blend";"1600";"HIGH";"caindo";"";"";"";"";"";"validadas/alimentacao-peso.json";"";"";"";"";"";"";"";"";"";"";"";"media";"48";"288";"media (2 palavras)";"1";"12100";"b blend brastemp (12100)"
"2 validada sem artigo";"Saúde geral";"casadabebida";"1600";"HIGH";"caindo";"";"";"";"";"";"validadas/alimentacao-peso.json";"";"";"";"";"";"";"";"";"";"";"";"media";"48";"288";"cabeca";"0";"";""
"2 validada sem artigo";"Saúde geral";"agua ozonizada";"1600";"HIGH";"estável";"";"";"";"";"";"validadas/alimentacao-peso.json";"";"";"";"";"";"";"";"";"";"";"";"media";"48";"288";"media (2 palavras)";"0";"";""
"2 validada sem artigo";"Saúde geral";"licor 43 valor";"1600";"MEDIUM";"subindo";"";"";"";"";"";"validadas/alimentacao-peso.json";"";"";"";"";"";"";"";"";"";"";"";"media";"48";"288";"long tail";"0";"";""
"2 validada sem artigo";"Saúde geral";"nescafé descafeinado";"1600";"HIGH";"subindo";"";"";"";"";"";"validadas/alimentacao-peso.json";"";"";"";"";"";"";"";"";"";"";"";"media";"48";"288";"media (2 palavras)";"0";"";""
"2 validada sem artigo";"Alimentação e peso";"alimentos vitamina c";"1600";"LOW";"caindo";"";"";"";"";"";"validadas/alimentacao-peso.json";"";"";"";"";"";"";"";"";"";"";"";"media";"48";"288";"long tail";"1";"3600";"alimentos ricos em vitamina c (3600)"
"2 validada sem artigo";"Alimentação e peso";"frutas vitamina c";"1600";"LOW";"estável";"";"";"";"";"";"validadas/alimentacao-peso.json";"";"";"";"";"";"";"";"";"";"";"";"media";"48";"288";"long tail";"4";"8390";"frutas com vitamina c (3600) | frutas ricas em vitamina c (2900) | frutas que tem vitamina c (1300) | frutas que contém vitamina c (590)"
"2 validada sem artigo";"Saúde geral";"chá rooibos";"1600";"HIGH";"subindo";"";"";"";"";"";"validadas/alimentacao-peso.json";"";"";"";"";"";"";"";"";"";"";"";"media";"48";"288";"media (2 palavras)";"0";"";""
"2 validada sem artigo";"Alimentação e peso";"lanches saudáveis e práticos";"1600";"MEDIUM";"estável";"";"";"";"";"";"validadas/alimentacao-peso.json";"";"";"";"";"";"";"";"";"";"";"";"media";"48";"288";"long tail";"0";"";""
"2 validada sem artigo";"Saúde geral";"chas naturais";"1600";"HIGH";"estável";"";"";"";"";"";"validadas/alimentacao-peso.json";"";"";"";"";"";"";"";"";"";"";"";"media";"48";"288";"media (2 palavras)";"0";"";""
"2 validada sem artigo";"Saúde geral";"chá laxante";"1600";"MEDIUM";"estável";"";"";"";"";"";"validadas/alimentacao-peso.json";"";"";"";"";"";"";"";"";"";"";"";"media";"48";"288";"media (2 palavras)";"0";"";""
"2 validada sem artigo";"Mente e memória";"chá para dor de cabeça forte";"1600";"LOW";"estável";"";"";"";"";"";"validadas/alimentacao-peso.json";"";"";"";"";"";"";"";"";"";"";"";"media";"48";"288";"long tail";"0";"";""
"2 validada sem artigo";"Saúde geral";"chá earl grey";"1600";"HIGH";"subindo";"";"";"";"";"";"validadas/alimentacao-peso.json";"";"";"";"";"";"";"";"";"";"";"";"media";"48";"288";"long tail";"0";"";""
"2 validada sem artigo";"Alimentação e peso";"alimentos naturais";"1600";"LOW";"caindo";"";"";"";"";"";"validadas/alimentacao-peso.json";"";"";"";"";"";"";"";"";"";"";"";"media";"48";"288";"media (2 palavras)";"0";"";""
"2 validada sem artigo";"Alimentação e peso";"dieta low carb cardápio";"1600";"MEDIUM";"caindo";"";"";"";"";"";"validadas/alimentacao-peso.json";"";"";"";"";"";"";"";"";"";"";"";"media";"48";"288";"long tail";"2";"1310";"dieta low carb cardápio 7 dias (720) | dieta low carb cardápio simples e barato (590)"
"2 validada sem artigo";"Alimentação e peso";"dieta de 1500 calorias";"1600";"LOW";"caindo";"";"";"";"";"";"validadas/alimentacao-peso.json";"";"";"";"";"";"";"";"";"";"";"";"media";"48";"288";"long tail";"1";"140";"dieta de 1500 calorias pdf (140)"
"2 validada sem artigo";"Saúde geral";"queimador de gordura";"1600";"HIGH";"caindo";"";"";"";"";"";"validadas/alimentacao-peso.json";"";"";"";"";"";"";"";"";"";"";"";"media";"48";"288";"media (2 palavras)";"5";"4150";"melhor inibidor de apetite e queimador de gordura (2900) | queimador de gordura abdominal potente (480) | queimador de gordura abdominal (390) | melhor queimador de gordura (210) | melhor queimador de gordura abdominal (170)"
"2 validada sem artigo";"Saúde geral";"dark bar";"1600";"HIGH";"caindo";"";"";"";"";"";"validadas/alimentacao-peso.json";"";"";"";"";"";"";"";"";"";"";"";"media";"48";"288";"media (2 palavras)";"0";"";""
"2 validada sem artigo";"Alimentação e peso";"jejum intermitente para emagrecer";"1600";"MEDIUM";"caindo";"";"";"";"";"";"validadas/alimentacao-peso.json";"";"";"";"";"";"";"";"";"";"";"";"media";"48";"288";"long tail";"0";"";""
"2 validada sem artigo";"Alimentação e peso";"dieta cetogenica alimentos";"1600";"MEDIUM";"caindo";"";"";"";"";"";"validadas/alimentacao-peso.json";"";"";"";"";"";"";"";"";"";"";"";"media";"48";"288";"long tail";"0";"";""
"2 validada sem artigo";"Alimentação e peso";"proteina de arroz";"1600";"HIGH";"estável";"";"";"";"";"";"validadas/alimentacao-peso.json";"";"";"";"";"";"";"";"";"";"";"";"media";"48";"288";"media (2 palavras)";"0";"";""
"2 validada sem artigo";"Alimentação e peso";"dieta saudável";"1600";"MEDIUM";"caindo";"";"";"";"";"";"validadas/alimentacao-peso.json";"";"";"";"";"";"";"";"";"";"";"";"media";"48";"288";"media (2 palavras)";"2";"1020";"dieta saudável para emagrecer (880) | dieta saudável cardápio (140)"
"2 validada sem artigo";"Saúde geral";"insea 2";"1600";"HIGH";"caindo";"";"";"";"";"";"validadas/alimentacao-peso.json";"";"";"";"";"";"";"";"";"";"";"";"media";"48";"288";"media (2 palavras)";"0";"";""
"2 validada sem artigo";"Saúde geral";"isofort plant";"1600";"HIGH";"estável";"";"";"";"";"";"validadas/alimentacao-peso.json";"";"";"";"";"";"";"";"";"";"";"";"media";"48";"288";"media (2 palavras)";"0";"";""
"2 validada sem artigo";"Alimentação e peso";"dieta dos pontos";"1600";"LOW";"caindo";"";"";"";"";"";"validadas/alimentacao-peso.json";"";"";"";"";"";"";"";"";"";"";"";"media";"48";"288";"media (2 palavras)";"0";"";""
"2 validada sem artigo";"Saúde geral";"comidas para ganhar massa muscular";"1600";"MEDIUM";"caindo";"";"";"";"";"";"validadas/alimentacao-peso.json";"";"";"";"";"";"";"";"";"";"";"";"media";"48";"288";"long tail";"0";"";""
"2 validada sem artigo";"Alimentação e peso";"proteina liquida";"1600";"HIGH";"subindo";"";"";"";"";"";"validadas/alimentacao-peso.json";"";"";"";"";"";"";"";"";"";"";"";"media";"48";"288";"media (2 palavras)";"0";"";""
"2 validada sem artigo";"Alimentação e peso";"alimentos para ganho de massa muscular";"1600";"HIGH";"caindo";"";"";"";"";"";"validadas/alimentacao-peso.json";"";"";"";"";"";"";"";"";"";"";"";"media";"48";"288";"long tail";"0";"";""
"2 validada sem artigo";"Alimentação e peso";"melhores alimentos para ganhar massa muscular";"1600";"MEDIUM";"estável";"";"";"";"";"";"validadas/alimentacao-peso.json";"";"";"";"";"";"";"";"";"";"";"";"media";"48";"288";"long tail";"0";"";""
"2 validada sem artigo";"Alimentação e peso";"dieta cetogenica o que é";"1600";"LOW";"caindo";"";"";"";"";"";"validadas/alimentacao-peso.json";"";"";"";"";"";"";"";"";"";"";"";"media";"48";"288";"long tail";"7";"19360";"dieta cetogênica cardapio (12100) | dieta cetogenica como funciona (1900) | dieta cetogênica como fazer (1900) | dieta cetogenica alimentos (1600) | dieta cetogênica 30 dias pdf grátis (880) | dieta cetogênica pdf (590) | dieta cetogênica 30 dias (390)"
"2 validada sem artigo";"Alimentação e peso";"melhor proteina";"1600";"HIGH";"estável";"";"";"";"";"";"validadas/alimentacao-peso.json";"";"";"";"";"";"";"";"";"";"";"";"media";"48";"288";"media (2 palavras)";"2";"650";"melhor proteina vegana (390) | melhor proteina isolada (260)"
"2 validada sem artigo";"Saúde geral";"fiber mais sachê";"1600";"HIGH";"estável";"";"";"";"";"";"validadas/alimentacao-peso.json";"";"";"";"";"";"";"";"";"";"";"";"media";"48";"288";"long tail";"0";"";""
"2 validada sem artigo";"Alimentação e peso";"alimentos que não contem gluten";"1600";"LOW";"estável";"";"";"";"";"";"validadas/alimentacao-peso.json";"";"";"";"";"";"";"";"";"";"";"";"media";"48";"288";"long tail";"1";"260";"alimentos que não contém glúten e lactose (260)"
"2 validada sem artigo";"Saúde geral";"alimentação cetogênica";"1600";"LOW";"caindo";"";"";"";"";"";"validadas/alimentacao-peso.json";"";"";"";"";"";"";"";"";"";"";"";"media";"48";"288";"media (2 palavras)";"0";"";""
"2 validada sem artigo";"Digestão e fígado";"ressecamento intestinal";"1600";"LOW";"estável";"";"";"";"";"";"validadas/alimentacao-peso.json";"";"";"";"";"";"";"";"";"";"";"";"media";"48";"288";"media (2 palavras)";"0";"";""
"2 validada sem artigo";"Alimentação e peso";"alimentos que não tem glúten";"1600";"LOW";"caindo";"";"";"";"";"";"validadas/alimentacao-peso.json";"";"";"";"";"";"";"";"";"";"";"";"media";"48";"288";"long tail";"0";"";""
"2 validada sem artigo";"Digestão e fígado";"intestino ressecado";"1600";"LOW";"estável";"";"";"";"";"";"validadas/alimentacao-peso.json";"";"";"";"";"";"";"";"";"";"";"";"media";"48";"288";"media (2 palavras)";"0";"";""
"2 validada sem artigo";"Digestão e fígado";"constipação crônica";"1600";"LOW";"estável";"";"";"";"";"";"validadas/alimentacao-peso.json";"";"";"";"";"";"";"";"";"";"";"";"media";"48";"288";"media (2 palavras)";"0";"";""
"2 validada sem artigo";"Digestão e fígado";"intestino preguiçoso sintomas";"1600";"LOW";"estável";"";"";"";"";"";"validadas/alimentacao-peso.json";"";"";"";"";"";"";"";"";"";"";"";"media";"48";"288";"long tail";"0";"";""
"2 validada sem artigo";"Alimentação e peso";"alimentos nao contem gluten";"1600";"LOW";"estável";"";"";"";"";"";"validadas/alimentacao-peso.json";"";"";"";"";"";"";"";"";"";"";"";"media";"48";"288";"long tail";"2";"1860";"alimentos que não contem gluten (1600) | alimentos que não contém glúten e lactose (260)"
"2 validada sem artigo";"Cabelo";"finasterida para cabelo";"1600";"HIGH";"estável";"";"";"sim";"";"";"validadas/cabelo-arvore.json";"";"";"";"";"";"";"";"";"";"";"";"media";"48";"288";"media (2 palavras)";"1";"1600";"finasterida para queda de cabelo (1600)"
"2 validada sem artigo";"Cabelo";"finasterida para queda de cabelo";"1600";"HIGH";"estável";"";"";"sim";"";"";"validadas/cabelo-arvore.json";"";"";"";"";"";"";"";"";"";"";"";"media";"48";"288";"long tail";"0";"";""
"2 validada sem artigo";"Cabelo";"aminoácidos para cabelo";"1600";"HIGH";"estável";"";"";"";"";"";"validadas/cabelo-arvore.json";"";"";"";"";"";"";"";"";"";"";"";"media";"48";"288";"media (2 palavras)";"0";"";""
"2 validada sem artigo";"Cabelo";"quantos fios de cabelo temos";"1600";"LOW";"caindo";"";"";"";"";"";"validadas/cabelo-arvore.json";"";"";"";"";"";"";"";"";"";"";"";"media";"48";"288";"long tail";"0";"";""
"2 validada sem artigo";"Cabelo";"kerastase antiqueda";"1600";"HIGH";"subindo";"";"";"";"";"";"validadas/cabelo-expandido.json";"";"";"";"";"";"";"";"";"";"";"";"media";"48";"288";"media (2 palavras)";"0";"";""
"2 validada sem artigo";"Cabelo";"vichy antiqueda";"1600";"HIGH";"estável";"";"";"";"";"";"validadas/cabelo-expandido.json";"";"";"";"";"";"";"";"";"";"";"";"media";"48";"288";"media (2 palavras)";"1";"880";"vichy dercos antiqueda (880)"
"2 validada sem artigo";"Cabelo";"minoxidil para queda de cabelo";"1600";"HIGH";"estável";"";"";"sim";"";"";"validadas/cabelo-expandido.json";"";"";"";"";"";"";"";"";"";"";"";"media";"48";"288";"long tail";"4";"1780";"minoxidil para queda de cabelo feminino (720) | minoxidil é bom para queda de cabelo (590) | remédio para queda de cabelo minoxidil (260) | loção para queda de cabelo minoxidil (210)"
"2 validada sem artigo";"Saúde geral";"trichosol";"1600";"HIGH";"estável";"";"";"";"";"";"validadas/cabelo-expandido.json";"";"";"";"";"";"";"";"";"";"";"";"media";"48";"288";"cabeca";"2";"650";"trichosol para que serve (480) | minoxidil em trichosol (170)"
"2 validada sem artigo";"Cabelo";"minoxidil cresce cabelo";"1600";"HIGH";"estável";"";"";"sim";"";"";"validadas/cabelo-expandido.json";"";"";"";"";"";"";"";"";"";"";"";"media";"48";"288";"long tail";"0";"";""
"2 validada sem artigo";"Saúde geral";"minoxidil funciona mesmo";"1600";"HIGH";"subindo";"";"";"sim";"";"";"validadas/cabelo-expandido.json";"";"";"";"";"";"";"";"";"";"";"";"media";"48";"288";"long tail";"0";"";""
"2 validada sem artigo";"Cabelo";"tricofort antiqueda";"1600";"HIGH";"caindo";"";"";"";"";"";"validadas/cabelo-expandido.json";"";"";"";"";"";"";"";"";"";"";"";"media";"48";"288";"media (2 palavras)";"0";"";""
"2 validada sem artigo";"Cabelo";"crescer cabelo minoxidil";"1600";"HIGH";"estável";"";"";"sim";"";"";"validadas/cabelo-expandido.json";"";"";"";"";"";"";"";"";"";"";"";"media";"48";"288";"long tail";"4";"1760";"minoxidil faz crescer cabelo (880) | remédio para crescer cabelo minoxidil (480) | minoxidil para crescer cabelo feminino (260) | minoxidil ajuda a crescer cabelo (140)"
"2 validada sem artigo";"Cabelo";"cabelo caindo o que fazer";"1600";"HIGH";"estável";"";"";"";"";"";"validadas/cabelo-expandido.json";"";"";"";"";"";"";"";"";"";"";"";"media";"48";"288";"long tail";"5";"5850";"cabelo caindo muito o que fazer (3600) | meu cabelo está caindo muito o que fazer (1000) | cabelo esta caindo muito o que fazer (1000) | cabelo caindo da raiz o que fazer (140) | cabelo caindo e quebrando o que fazer (110)"
"2 validada sem artigo";"Cabelo";"falha no cabelo";"1600";"MEDIUM";"estável";"";"";"";"";"";"validadas/cabelo-expandido.json";"";"";"";"";"";"";"";"";"";"";"";"media";"48";"288";"media (2 palavras)";"3";"920";"falha no cabelo masculino (390) | falha no cabelo feminino (390) | falha de cabelo na cabeça (140)"
"2 validada sem artigo";"Cabelo";"alopecia universal";"1600";"LOW";"estável";"";"";"";"";"";"validadas/cabelo-expandido.json";"";"";"";"";"";"";"";"";"";"";"";"media";"48";"288";"media (2 palavras)";"0";"";""
"2 validada sem artigo";"Cabelo";"óleo essencial de alecrim cabelo";"1600";"HIGH";"caindo";"";"";"";"";"";"validadas/cabelo-expandido.json";"";"";"";"";"";"";"";"";"";"";"";"media";"48";"288";"long tail";"0";"";""
"2 validada sem artigo";"Saúde geral";"minoxidil o que é";"1600";"MEDIUM";"caindo";"";"";"sim";"";"";"validadas/cabelo-expandido.json";"";"";"";"";"";"";"";"";"";"";"";"media";"48";"288";"media (2 palavras)";"98";"238980";"minoxidil comprimido (60500) | minoxidil oral (27100) | minoxidil cabelo (27100) | minoxidil para que serve (22200) | minoxidil barba (18100) | minoxidil como usar (8100) | efeitos colaterais do minoxidil (6600) | minoxidil tópico (4400) | minoxidil turbinado (3600) | minoxidil qual o melhor (3600)"
"2 validada sem artigo";"Cabelo";"alopecia de tração";"1600";"LOW";"subindo";"";"";"";"";"";"validadas/cabelo-expandido.json";"";"";"";"";"";"";"";"";"";"";"";"media";"48";"288";"media (2 palavras)";"3";"3970";"alopecia por tração (3600) | alopecia por tração tratamento (260) | alopecia de tração tem cura (110)"
"2 validada sem artigo";"Cabelo";"descamação do couro cabeludo";"1600";"MEDIUM";"estável";"";"";"";"";"";"validadas/cabelo.json";"";"";"";"";"";"";"";"";"";"";"";"media";"48";"288";"long tail";"0";"";""
"2 validada sem artigo";"Cabelo";"como usar óleo de alecrim no cabelo";"1600";"LOW";"estável";"";"";"";"";"";"validadas/cabelo.json";"";"";"";"";"";"";"";"";"";"";"";"media";"48";"288";"long tail";"0";"";""
"2 validada sem artigo";"Cabelo";"laser capilar";"1600";"HIGH";"estável";"";"";"";"";"";"validadas/cabelo.json";"";"";"";"";"";"";"";"";"";"";"";"media";"48";"288";"media (2 palavras)";"0";"";""
"2 validada sem artigo";"Saúde geral";"tecido subcutâneo";"1600";"LOW";"";"";"";"";"";"";"pele-volumes.json";"";"";"";"";"";"";"";"";"";"";"";"media";"48";"288";"media (2 palavras)";"0";"";""
"2 validada sem artigo";"Saúde geral";"glândula sebácea";"1600";"LOW";"";"";"";"";"";"";"pele-volumes.json";"";"";"";"";"";"";"";"";"";"";"";"media";"48";"288";"media (2 palavras)";"0";"";""
"2 validada sem artigo";"Pele";"pele vermelha";"1600";"LOW";"";"";"";"";"";"";"pele-volumes.json";"";"";"";"";"";"";"";"";"";"";"";"media";"48";"288";"media (2 palavras)";"0";"";""
"2 validada sem artigo";"Pele";"flacidez da pele";"1600";"LOW";"";"";"";"";"";"";"pele-volumes.json";"";"";"";"";"";"";"";"";"";"";"";"media";"48";"288";"media (2 palavras)";"0";"";""
"2 validada sem artigo";"Saúde geral";"olheiras roxas";"1600";"HIGH";"";"";"";"";"";"";"pele-volumes.json";"";"";"";"";"";"";"";"";"";"";"";"media";"48";"288";"media (2 palavras)";"0";"";""
"2 validada sem artigo";"Saúde geral";"rolo de jade";"1600";"HIGH";"";"";"";"";"";"";"pele-volumes.json";"";"";"";"";"";"";"";"";"";"";"";"media";"48";"288";"media (2 palavras)";"0";"";""
"2 validada sem artigo";"Pele";"skincare masculino";"1600";"HIGH";"";"";"";"";"";"";"pele-volumes.json";"";"";"";"";"";"";"";"";"";"";"";"media";"48";"288";"media (2 palavras)";"0";"";""
"2 validada sem artigo";"Saúde geral";"retinaldeído";"1600";"HIGH";"";"";"";"";"";"";"pele-volumes.json";"";"";"";"";"";"";"";"";"";"";"";"media";"48";"288";"cabeca";"0";"";""
"2 validada sem artigo";"Saúde geral";"laser fracionado";"1600";"LOW";"";"";"";"";"";"";"pele-volumes.json";"";"";"";"";"";"";"";"";"";"";"";"media";"48";"288";"media (2 palavras)";"0";"";""
"2 validada sem artigo";"Saúde geral";"luz intensa pulsada";"1600";"MEDIUM";"";"";"";"";"";"";"pele-volumes.json";"";"";"";"";"";"";"";"";"";"";"";"media";"48";"288";"long tail";"0";"";""
"2 validada sem artigo";"Pele";"protetor solar para pele seca";"1600";"HIGH";"";"";"";"";"";"";"pele-volumes.json";"";"";"";"";"";"";"";"";"";"";"";"media";"48";"288";"long tail";"0";"";""
"2 validada sem artigo";"Pele";"estrias na gravidez";"1600";"MEDIUM";"";"";"";"";"";"";"pele-volumes.json";"";"";"";"";"";"";"";"";"";"";"";"media";"48";"288";"media (2 palavras)";"0";"";""
"2 validada sem artigo";"Sono";"sono leve";"1600";"LOW";"";"";"";"";"";"";"sono-volumes.json";"";"";"";"";"";"";"";"";"";"";"";"media";"48";"288";"media (2 palavras)";"0";"";""
"2 validada sem artigo";"Sono";"cronotipo";"1600";"LOW";"";"";"";"";"";"";"sono-volumes.json";"";"";"";"";"";"";"";"";"";"";"";"media";"48";"288";"cabeca";"0";"";""
"2 validada sem artigo";"Coração e colesterol";"acordar com o coração acelerado";"1600";"LOW";"";"";"";"";"";"";"sono-volumes.json";"";"";"";"";"";"";"";"";"";"";"";"media";"48";"288";"long tail";"0";"";""
"2 validada sem artigo";"Saúde geral";"ácido fólico efeitos colaterais";"1600";"LOW";"";"";"";"";"";"";"suplementos-volumes.json";"";"";"";"";"";"";"";"";"";"";"";"media";"48";"288";"long tail";"0";"";""
"2 validada sem artigo";"Saúde geral";"cobre para que serve";"1600";"LOW";"";"";"";"";"";"";"suplementos-volumes.json";"";"";"";"";"";"";"";"";"";"";"";"media";"48";"288";"long tail";"0";"";""
"2 validada sem artigo";"Saúde geral";"óleo de krill para que serve";"1600";"HIGH";"";"";"";"";"";"";"suplementos-volumes.json";"";"";"";"";"";"";"";"";"";"";"";"media";"48";"288";"long tail";"0";"";""
"2 validada sem artigo";"Saúde geral";"bacopa para que serve";"1600";"HIGH";"";"";"";"";"";"";"suplementos-volumes.json";"";"";"";"";"";"";"";"";"";"";"";"media";"48";"288";"long tail";"0";"";""
"2 validada sem artigo";"Saúde geral";"reishi";"1600";"HIGH";"";"";"";"";"";"";"suplementos-volumes.json";"";"";"";"";"";"";"";"";"";"";"";"media";"48";"288";"cabeca";"1";"260";"reishi para que serve (260)"
"2 validada sem artigo";"Saúde geral";"arginina efeitos colaterais";"1600";"LOW";"";"";"";"";"";"";"suplementos-volumes.json";"";"";"";"";"";"";"";"";"";"";"";"media";"48";"288";"long tail";"0";"";""
"2 validada sem artigo";"Saúde geral";"saw palmetto efeitos colaterais";"1600";"LOW";"";"";"";"";"";"";"suplementos-volumes.json";"";"";"";"";"";"";"";"";"";"";"";"media";"48";"288";"long tail";"0";"";""
"2 validada sem artigo";"Cabelo";"queda de cabelo vitaminas";"1600";"HIGH";"";"";"";"";"";"";"queda-de-cabelo-ideias-hypd.json";"";"";"";"";"";"";"";"";"";"";"";"media";"48";"288";"long tail";"27";"37490";"melhor vitamina para queda de cabelo (6600) | melhores vitaminas para queda de cabelo (6600) | vitaminas para queda de cabelo feminino (5400) | melhores vitaminas para queda de cabelo feminino (3600) | melhor vitamina para queda de cabelo feminino (3600) | queda de cabelo falta de qual vitamina (2400) | vitamina boa para queda de cabelo (1900) | vitamina capilar para queda de cabelo (720) | falta de vitamina d causa queda de cabelo (720) | vitamina d para queda de cabelo (590)"
"2 validada sem artigo";"Sexualidade e relacionamento";"ereção matinal";"1300";"LOW";"";"";"";"";"sim";"";"pauta antiga validada";"MÉDIA-FÁCIL";"";"https://urologistajf.com.br/erecao-matinal-saude-masculina/";"";"";"";"Como voltar a ter ereções matinais? | Porque tenho ereções matinais? | É normal não ter ereções durante o dia? | É normal um homem ter ereções do nada?";"";"";"";"https://urologistajf.com.br/erecao-matinal-saude-masculina/ | https://drarimiotto.com.br/erecao-matinal-ausente/ | https://drluisfernandodip.com.br/erecao-matinal-por-que-ela-acontece/ | https://urocentro.com/erecoes-matinais-sao-bom-ou-mau-sinal/ | https://www.uroville.com.br/o-que-e-erecao-matinal/ | https://www.dredgarsarmento.com.br/conteudos/erecao-matinal-o-que-indica-e-quando-o-sumico-merece-investigacao/ | https://www.lucasfragaurologia.com.br/conteudos/erecao-matinal-sumiu-o-que-a-ausencia-de-erecao-espontanea-pode-indicar/";"media";"39";"234";"media (2 palavras)";"0";"";""
"2 validada sem artigo";"Digestão e fígado";"farinha seca barriga";"1300";"HIGH";"caindo";"";"";"";"";"";"validadas/alimentacao-peso.json";"";"";"";"";"";"";"";"";"";"";"";"media";"39";"234";"long tail";"0";"";""
"2 validada sem artigo";"Saúde geral";"compulsao";"1300";"LOW";"estável";"";"";"";"";"";"validadas/alimentacao-peso.json";"";"";"";"";"";"";"";"";"";"";"";"media";"39";"234";"cabeca";"8";"47320";"compulsão alimentar (22200) | compulsão por alimentos (22200) | compulsão o que é (1300) | tratamento compulsão alimentar (590) | compulsao por doce (480) | compulsao alimentar tem cura (210) | comer por compulsão (170) | compulsao alimentar infantil (170)"
"2 validada sem artigo";"Saúde geral";"compulsão o que é";"1300";"LOW";"estável";"";"";"";"";"";"validadas/alimentacao-peso.json";"";"";"";"";"";"";"";"";"";"";"";"media";"39";"234";"media (2 palavras)";"7";"46020";"compulsão alimentar (22200) | compulsão por alimentos (22200) | tratamento compulsão alimentar (590) | compulsao por doce (480) | compulsao alimentar tem cura (210) | comer por compulsão (170) | compulsao alimentar infantil (170)"
"2 validada sem artigo";"Saúde geral";"cardápio saudável";"1300";"LOW";"caindo";"";"";"";"";"";"validadas/alimentacao-peso.json";"";"";"";"";"";"";"";"";"";"";"";"media";"39";"234";"media (2 palavras)";"9";"5350";"cardapio semanal saudavel (1600) | cardapio da semana saudavel (1600) | cardápio semanal saudável simples e barato (720) | cardápio alimentação saudável (590) | cardápio saudável para o dia a dia (210) | cardápio infantil saudável (210) | cardápio semanal saudável e prático (140) | dieta saudável cardápio (140) | cardápio saudável para emagrecer (140)"
"2 validada sem artigo";"Saúde geral";"diário alimentar";"1300";"LOW";"caindo";"";"";"";"";"";"validadas/alimentacao-peso.json";"";"";"";"";"";"";"";"";"";"";"";"media";"39";"234";"media (2 palavras)";"0";"";""
"2 validada sem artigo";"Saúde geral";"anhanguera nutrição";"1300";"MEDIUM";"estável";"";"";"";"";"";"validadas/alimentacao-peso.json";"";"";"";"";"";"";"";"";"";"";"";"media";"39";"234";"media (2 palavras)";"0";"";""
"2 validada sem artigo";"Alimentação e peso";"melhor suplemento para emagrecer";"1300";"HIGH";"caindo";"";"";"";"";"";"validadas/alimentacao-peso.json";"";"";"";"";"";"";"";"";"";"";"";"media";"39";"234";"long tail";"2";"320";"melhor suplemento para emagrecer feminino (210) | melhor suplemento pré treino para emagrecer (110)"
"2 validada sem artigo";"Alimentação e peso";"remedios naturais para emagrecer";"1300";"HIGH";"caindo";"";"";"";"";"";"validadas/alimentacao-peso.json";"";"";"";"";"";"";"";"";"";"";"";"media";"39";"234";"long tail";"0";"";""
"2 validada sem artigo";"Alimentação e peso";"melhor pré treino para emagrecer";"1300";"HIGH";"caindo";"";"";"";"";"";"validadas/alimentacao-peso.json";"";"";"";"";"";"";"";"";"";"";"";"media";"39";"234";"long tail";"1";"110";"melhor suplemento pré treino para emagrecer (110)"
"2 validada sem artigo";"Alimentação e peso";"melhor termogenico para emagrecer";"1300";"HIGH";"caindo";"";"";"";"";"";"validadas/alimentacao-peso.json";"";"";"";"";"";"";"";"";"";"";"";"media";"39";"234";"long tail";"0";"";""
"2 validada sem artigo";"Alimentação e peso";"fitoterápico emagrecedor";"1300";"HIGH";"caindo";"";"";"";"";"";"validadas/alimentacao-peso.json";"";"";"";"";"";"";"";"";"";"";"";"media";"39";"234";"media (2 palavras)";"0";"";""
"2 validada sem artigo";"Alimentação e peso";"receitas saudaveis faceis";"1300";"MEDIUM";"caindo";"";"";"";"";"";"validadas/alimentacao-peso.json";"";"";"";"";"";"";"";"";"";"";"";"media";"39";"234";"long tail";"0";"";""
"2 validada sem artigo";"Saúde geral";"comidas saudaveis congeladas";"1300";"HIGH";"estável";"";"";"";"";"";"validadas/alimentacao-peso.json";"";"";"";"";"";"";"";"";"";"";"";"media";"39";"234";"long tail";"0";"";""
"2 validada sem artigo";"Saúde geral";"cardapios saudaveis";"1300";"LOW";"caindo";"";"";"";"";"";"validadas/alimentacao-peso.json";"";"";"";"";"";"";"";"";"";"";"";"media";"39";"234";"media (2 palavras)";"0";"";""
"2 validada sem artigo";"Saúde geral";"suplementos para queimar gordura";"1300";"HIGH";"caindo";"";"";"";"";"";"validadas/alimentacao-peso.json";"";"";"";"";"";"";"";"";"";"";"";"media";"39";"234";"long tail";"3";"2480";"melhor suplemento para queimar gordura abdominal (1900) | suplemento para acelerar o metabolismo e queimar gordura (320) | suplemento para queimar gordura abdominal (260)"
"2 validada sem artigo";"Saúde geral";"suplemento queima gordura";"1300";"HIGH";"caindo";"";"";"";"";"";"validadas/alimentacao-peso.json";"";"";"";"";"";"";"";"";"";"";"";"media";"39";"234";"long tail";"1";"140";"suplemento para queima de gordura abdominal (140)"
"2 validada sem artigo";"Saúde geral";"gasto calorico basal";"1300";"LOW";"estável";"";"";"";"";"";"validadas/alimentacao-peso.json";"";"";"";"";"";"";"";"";"";"";"";"media";"39";"234";"long tail";"1";"720";"calcular gasto calorico basal (720)"
"2 validada sem artigo";"Alimentação e peso";"fitoterápicos para emagrecer";"1300";"HIGH";"caindo";"";"";"";"";"";"validadas/alimentacao-peso.json";"";"";"";"";"";"";"";"";"";"";"";"media";"39";"234";"media (2 palavras)";"0";"";""
"2 validada sem artigo";"Alimentação e peso";"termogenico ajuda a emagrecer";"1300";"HIGH";"caindo";"";"";"";"";"";"validadas/alimentacao-peso.json";"";"";"";"";"";"";"";"";"";"";"";"media";"39";"234";"long tail";"0";"";""
"2 validada sem artigo";"Alimentação e peso";"receitas de lanches saudaveis";"1300";"LOW";"caindo";"";"";"";"";"";"validadas/alimentacao-peso.json";"";"";"";"";"";"";"";"";"";"";"";"media";"39";"234";"long tail";"0";"";""
"2 validada sem artigo";"Saúde geral";"entrega de bebidas";"1300";"MEDIUM";"estável";"";"";"";"";"";"validadas/alimentacao-peso.json";"";"";"";"";"";"";"";"";"";"";"";"media";"39";"234";"media (2 palavras)";"0";"";""
"2 validada sem artigo";"Saúde geral";"descalcificante nespresso";"1300";"HIGH";"estável";"";"";"";"";"";"validadas/alimentacao-peso.json";"";"";"";"";"";"";"";"";"";"";"";"media";"39";"234";"media (2 palavras)";"0";"";""
"2 validada sem artigo";"Saúde geral";"deionizador de água";"1300";"HIGH";"estável";"";"";"";"";"";"validadas/alimentacao-peso.json";"";"";"";"";"";"";"";"";"";"";"";"media";"39";"234";"media (2 palavras)";"0";"";""
"2 validada sem artigo";"Saúde geral";"mini bebidas";"1300";"HIGH";"estável";"";"";"";"";"";"validadas/alimentacao-peso.json";"";"";"";"";"";"";"";"";"";"";"";"media";"39";"234";"media (2 palavras)";"0";"";""
"2 validada sem artigo";"Alimentação e peso";"ifood lanches";"1300";"LOW";"estável";"";"";"";"";"";"validadas/alimentacao-peso.json";"";"";"";"";"";"";"";"";"";"";"";"media";"39";"234";"media (2 palavras)";"0";"";""
"2 validada sem artigo";"Alimentação e peso";"lanche da tarde fit";"1300";"LOW";"caindo";"";"";"";"";"";"validadas/alimentacao-peso.json";"";"";"";"";"";"";"";"";"";"";"";"media";"39";"234";"long tail";"0";"";""
"2 validada sem artigo";"Alimentação e peso";"frutas que tem vitamina c";"1300";"LOW";"estável";"";"";"";"";"";"validadas/alimentacao-peso.json";"";"";"";"";"";"";"";"";"";"";"";"media";"39";"234";"long tail";"0";"";""
"2 validada sem artigo";"Saúde geral";"chá moncloa";"1300";"HIGH";"subindo";"";"";"";"";"";"validadas/alimentacao-peso.json";"";"";"";"";"";"";"";"";"";"";"";"media";"39";"234";"media (2 palavras)";"0";"";""
"2 validada sem artigo";"Saúde geral";"coca cola 3l";"1300";"MEDIUM";"estável";"";"";"";"";"";"validadas/alimentacao-peso.json";"";"";"";"";"";"";"";"";"";"";"";"media";"39";"234";"long tail";"6";"8000";"coca cola light (4400) | tabela nutricional coca cola (1600) | coca cola pedidos (720) | coca cola sabores (480) | grupo coca cola (480) | coca cola zero tabela nutricional (320)"
"2 validada sem artigo";"Saúde geral";"agrocafe";"1300";"LOW";"estável";"";"";"";"";"";"validadas/alimentacao-peso.json";"";"";"";"";"";"";"";"";"";"";"";"media";"39";"234";"cabeca";"0";"";""
"2 validada sem artigo";"Saúde geral";"champagne sem alcool";"1300";"HIGH";"caindo";"";"";"";"";"";"validadas/alimentacao-peso.json";"";"";"";"";"";"";"";"";"";"";"";"media";"39";"234";"long tail";"0";"";""
"2 validada sem artigo";"Saúde geral";"cha iamani";"1300";"HIGH";"estável";"";"";"";"";"";"validadas/alimentacao-peso.json";"";"";"";"";"";"";"";"";"";"";"";"media";"39";"234";"media (2 palavras)";"0";"";""
"2 validada sem artigo";"Saúde geral";"licor de whisky";"1300";"HIGH";"estável";"";"";"";"";"";"validadas/alimentacao-peso.json";"";"";"";"";"";"";"";"";"";"";"";"media";"39";"234";"media (2 palavras)";"0";"";""
"2 validada sem artigo";"Saúde geral";"mirtilo congelado";"1300";"HIGH";"estável";"";"";"";"";"";"validadas/alimentacao-peso.json";"";"";"";"";"";"";"";"";"";"";"";"media";"39";"234";"media (2 palavras)";"0";"";""
"2 validada sem artigo";"Saúde geral";"frutiferas";"1300";"HIGH";"estável";"";"";"";"";"";"validadas/alimentacao-peso.json";"";"";"";"";"";"";"";"";"";"";"";"media";"39";"234";"cabeca";"0";"";""
"2 validada sem artigo";"Saúde geral";"licor drambuie";"1300";"HIGH";"estável";"";"";"";"";"";"validadas/alimentacao-peso.json";"";"";"";"";"";"";"";"";"";"";"";"media";"39";"234";"media (2 palavras)";"0";"";""
"2 validada sem artigo";"Saúde geral";"licor disaronno";"1300";"HIGH";"subindo";"";"";"";"";"";"validadas/alimentacao-peso.json";"";"";"";"";"";"";"";"";"";"";"";"media";"39";"234";"media (2 palavras)";"0";"";""
"2 validada sem artigo";"Saúde geral";"termogênicos naturais";"1300";"HIGH";"caindo";"";"";"";"";"";"validadas/alimentacao-peso.json";"";"";"";"";"";"";"";"";"";"";"";"media";"39";"234";"media (2 palavras)";"0";"";""
"2 validada sem artigo";"Saúde geral";"monster energy sabores";"1300";"HIGH";"subindo";"";"";"";"";"";"validadas/alimentacao-peso.json";"";"";"";"";"";"";"";"";"";"";"";"media";"39";"234";"long tail";"0";"";""
"2 validada sem artigo";"Saúde geral";"bananazinha";"1300";"LOW";"estável";"";"";"";"";"";"validadas/alimentacao-peso.json";"";"";"";"";"";"";"";"";"";"";"";"media";"39";"234";"cabeca";"0";"";""
"2 validada sem artigo";"Alimentação e peso";"dieta enteral 1.5";"1300";"HIGH";"estável";"";"";"";"";"";"validadas/alimentacao-peso.json";"";"";"";"";"";"";"";"";"";"";"";"media";"39";"234";"long tail";"4";"1690";"frasco para dieta enteral (590) | dieta enteral hipercalórica e hiperproteica (390) | dieta enteral isosource 1.5 (390) | dieta enteral nestle (320)"
"2 validada sem artigo";"Saúde geral";"isosource 1.5 nestle";"1300";"HIGH";"subindo";"";"";"";"";"";"validadas/alimentacao-peso.json";"";"";"";"";"";"";"";"";"";"";"";"media";"39";"234";"long tail";"0";"";""
"2 validada sem artigo";"Alimentação e peso";"emagrecer com saude";"1300";"MEDIUM";"caindo";"";"";"";"";"";"validadas/alimentacao-peso.json";"";"";"";"";"";"";"";"";"";"";"";"media";"39";"234";"long tail";"0";"";""
"2 validada sem artigo";"Alimentação e peso";"dieta detox";"1300";"MEDIUM";"caindo";"";"";"";"";"";"validadas/alimentacao-peso.json";"";"";"";"";"";"";"";"";"";"";"";"media";"39";"234";"media (2 palavras)";"0";"";""
"2 validada sem artigo";"Alimentação e peso";"preciso emagrecer urgente";"1300";"HIGH";"caindo";"";"";"";"";"";"validadas/alimentacao-peso.json";"";"";"";"";"";"";"";"";"";"";"";"media";"39";"234";"long tail";"1";"390";"preciso emagrecer 20 kg urgente (390)"
"2 validada sem artigo";"Alimentação e peso";"emagrecer 10kg";"1300";"HIGH";"caindo";"";"";"";"";"";"validadas/alimentacao-peso.json";"";"";"";"";"";"";"";"";"";"";"";"media";"39";"234";"media (2 palavras)";"5";"4410";"dieta para emagrecer 10kg em 30 dias (2400) | quero emagrecer urgente 10kg (880) | emagrecer 10kg em 30 dias (480) | emagrecer 10kg em 1 mês (390) | dieta low carb para emagrecer 10kg em 1 mês (260)"
"2 validada sem artigo";"Alimentação e peso";"emagrecimento saudavel";"1300";"HIGH";"caindo";"";"";"";"";"";"validadas/alimentacao-peso.json";"";"";"";"";"";"";"";"";"";"";"";"media";"39";"234";"media (2 palavras)";"0";"";""
"2 validada sem artigo";"Saúde geral";"inibidor de apetite forte";"1300";"HIGH";"caindo";"";"";"";"";"";"validadas/alimentacao-peso.json";"";"";"";"";"";"";"";"";"";"";"";"media";"39";"234";"long tail";"1";"720";"inibidor de apetite extra forte (720)"
"2 validada sem artigo";"Alimentação e peso";"dieta de 1000 calorias";"1300";"LOW";"caindo";"";"";"";"";"";"validadas/alimentacao-peso.json";"";"";"";"";"";"";"";"";"";"";"";"media";"39";"234";"long tail";"0";"";""
"2 validada sem artigo";"Saúde geral";"tabela nutricional online";"1300";"LOW";"subindo";"";"";"";"";"";"validadas/alimentacao-peso.json";"";"";"";"";"";"";"";"";"";"";"";"media";"39";"234";"long tail";"1";"110";"calcular tabela nutricional online grátis (110)"
"2 validada sem artigo";"Alimentação e peso";"dieta para secar barriga";"1300";"MEDIUM";"caindo";"";"";"";"";"";"validadas/alimentacao-peso.json";"";"";"";"";"";"";"";"";"";"";"";"media";"39";"234";"long tail";"0";"";""
"2 validada sem artigo";"Saúde geral";"melhor inibidor de apetite";"1300";"HIGH";"caindo";"";"";"";"";"";"validadas/alimentacao-peso.json";"";"";"";"";"";"";"";"";"";"";"";"media";"39";"234";"long tail";"2";"3380";"melhor inibidor de apetite e queimador de gordura (2900) | melhor inibidor de apetite natural (480)"
"2 validada sem artigo";"Alimentação e peso";"cardapio de dieta para emagrecer";"1300";"MEDIUM";"caindo";"";"";"";"";"";"validadas/alimentacao-peso.json";"";"";"";"";"";"";"";"";"";"";"";"media";"39";"234";"long tail";"0";"";""
"2 validada sem artigo";"Saúde geral";"suplemento para queimar gordura";"1300";"HIGH";"caindo";"";"";"";"";"";"validadas/alimentacao-peso.json";"";"";"";"";"";"";"";"";"";"";"";"media";"39";"234";"long tail";"3";"2480";"melhor suplemento para queimar gordura abdominal (1900) | suplemento para acelerar o metabolismo e queimar gordura (320) | suplemento para queimar gordura abdominal (260)"
"2 validada sem artigo";"Alimentação e peso";"dieta para emagrecer em 7 dias";"1300";"MEDIUM";"caindo";"";"";"";"";"";"validadas/alimentacao-peso.json";"";"";"";"";"";"";"";"";"";"";"";"media";"39";"234";"long tail";"2";"2720";"dieta para emagrecer 10kg em 30 dias (2400) | dieta líquida para emagrecer 1kg por dia (320)"
"2 validada sem artigo";"Alimentação e peso";"cardapio dieta";"1300";"MEDIUM";"caindo";"";"";"";"";"";"validadas/alimentacao-peso.json";"";"";"";"";"";"";"";"";"";"";"";"media";"39";"234";"media (2 palavras)";"7";"16770";"dieta cetogênica cardapio (12100) | dieta low carb cardápio (1600) | cardapio de dieta para emagrecer (1300) | dieta low carb cardápio 7 dias (720) | dieta low carb cardápio simples e barato (590) | cardapio dieta sem gluten (320) | dieta saudável cardápio (140)"
"2 validada sem artigo";"Alimentação e peso";"fibra mais";"1300";"HIGH";"estável";"";"";"";"";"";"validadas/alimentacao-peso.json";"";"";"";"";"";"";"";"";"";"";"";"media";"39";"234";"media (2 palavras)";"10";"84980";"alimentos ricos em fibras (49500) | fibras alimentares (9900) | tamarine fibras (8100) | fibras soluveis (3600) | fibra alimentar (2900) | fibra para intestino (2900) | fibra psyllium (2400) | fibra soluvel (2400) | simfort fibras (2400) | fiber fibra (880)"
"2 validada sem artigo";"Saúde geral";"carb up probiotica";"1300";"HIGH";"estável";"";"";"";"";"";"validadas/alimentacao-peso.json";"";"";"";"";"";"";"";"";"";"";"";"media";"39";"234";"long tail";"0";"";""
"2 validada sem artigo";"Saúde geral";"glaçucar união";"1300";"HIGH";"caindo";"";"";"";"";"";"validadas/alimentacao-peso.json";"";"";"";"";"";"";"";"";"";"";"";"media";"39";"234";"media (2 palavras)";"0";"";""
"2 validada sem artigo";"Saúde geral";"imc online";"1300";"LOW";"caindo";"";"";"";"";"";"validadas/alimentacao-peso.json";"";"";"";"";"";"";"";"";"";"";"";"media";"39";"234";"media (2 palavras)";"0";"";""
"2 validada sem artigo";"Saúde geral";"déficit calórico como fazer";"1300";"MEDIUM";"caindo";"";"";"";"";"";"validadas/alimentacao-peso.json";"";"";"";"";"";"";"";"";"";"";"";"media";"39";"234";"long tail";"0";"";""
"2 validada sem artigo";"Saúde geral";"albumina suplemento";"1300";"HIGH";"estável";"";"";"";"";"";"validadas/alimentacao-peso.json";"";"";"";"";"";"";"";"";"";"";"";"media";"39";"234";"media (2 palavras)";"0";"";""
"2 validada sem artigo";"Saúde geral";"produtos sem lactose";"1300";"HIGH";"estável";"";"";"";"";"";"validadas/alimentacao-peso.json";"";"";"";"";"";"";"";"";"";"";"";"media";"39";"234";"long tail";"1";"720";"produtos sem gluten e sem lactose (720)"
"2 validada sem artigo";"Saúde geral";"alimentação saudavel para crianças";"1300";"MEDIUM";"caindo";"";"";"";"";"";"validadas/alimentacao-peso.json";"";"";"";"";"";"";"";"";"";"";"";"media";"39";"234";"long tail";"0";"";""
"2 validada sem artigo";"Digestão e fígado";"obstipação intestinal";"1300";"LOW";"estável";"";"";"";"";"";"validadas/alimentacao-peso.json";"";"";"";"";"";"";"";"";"";"";"";"media";"39";"234";"media (2 palavras)";"0";"";""
"2 validada sem artigo";"Alimentação e peso";"alimentos saudáveis para crianças";"1300";"MEDIUM";"caindo";"";"";"";"";"";"validadas/alimentacao-peso.json";"";"";"";"";"";"";"";"";"";"";"";"media";"39";"234";"long tail";"0";"";""
"2 validada sem artigo";"Saúde geral";"alimentacao saudavel crianca";"1300";"MEDIUM";"caindo";"";"";"";"";"";"validadas/alimentacao-peso.json";"";"";"";"";"";"";"";"";"";"";"";"media";"39";"234";"long tail";"0";"";""
"2 validada sem artigo";"Cabelo";"tratamento para queda de cabelo feminina";"1300";"HIGH";"estável";"";"";"";"";"";"validadas/cabelo-arvore.json";"";"";"";"";"";"";"";"";"";"";"";"media";"39";"234";"long tail";"0";"";""
"2 validada sem artigo";"Cabelo";"cebola para cabelo";"1300";"LOW";"subindo";"";"";"";"";"";"validadas/cabelo-arvore.json";"";"";"";"";"";"";"";"";"";"";"";"media";"39";"234";"media (2 palavras)";"1";"110";"cebola para queda de cabelo (110)"
"2 validada sem artigo";"Cabelo";"bolinhas no couro cabeludo";"1300";"LOW";"estável";"";"";"";"";"";"validadas/cabelo-arvore.json";"";"";"";"";"";"";"";"";"";"";"";"media";"39";"234";"long tail";"0";"";""
"2 validada sem artigo";"Cabelo";"queda de cabelo por estresse";"1300";"MEDIUM";"estável";"";"";"";"";"";"validadas/cabelo-expandido.json";"";"";"";"";"";"";"";"";"";"";"";"media";"39";"234";"long tail";"2";"760";"estresse causa queda de cabelo (590) | queda de cabelo por estresse voltam a crescer (170)"
"2 validada sem artigo";"Cabelo";"queda de cabelo pós parto";"1300";"MEDIUM";"estável";"";"";"";"";"";"validadas/cabelo-expandido.json";"";"";"";"";"";"";"";"";"";"";"";"media";"39";"234";"long tail";"1";"480";"vitamina para queda de cabelo pós parto (480)"
"2 validada sem artigo";"Cabelo";"calvície masculina";"1300";"HIGH";"subindo";"";"";"";"";"";"validadas/cabelo-expandido.json";"";"";"";"";"";"";"";"";"";"";"";"media";"39";"234";"media (2 palavras)";"1";"720";"tratamento calvície masculina (720)"
"2 validada sem artigo";"Cabelo";"tratamento para queda de cabelo feminino";"1300";"HIGH";"estável";"";"";"";"";"";"validadas/cabelo-expandido.json";"";"";"";"";"";"";"";"";"";"";"";"media";"39";"234";"long tail";"0";"";""
"2 validada sem artigo";"Cabelo";"queda de cabelo intensa";"1300";"HIGH";"estável";"";"";"";"";"";"validadas/cabelo-expandido.json";"";"";"";"";"";"";"";"";"";"";"";"media";"39";"234";"long tail";"0";"";""
"2 validada sem artigo";"Cabelo";"clear antiqueda";"1300";"HIGH";"estável";"";"";"";"";"";"validadas/cabelo-expandido.json";"";"";"";"";"";"";"";"";"";"";"";"media";"39";"234";"media (2 palavras)";"0";"";""
"2 validada sem artigo";"Saúde geral";"suplemento biotina";"1300";"HIGH";"estável";"";"";"";"";"";"validadas/cabelo-expandido.json";"";"";"";"";"";"";"";"";"";"";"";"media";"39";"234";"media (2 palavras)";"1";"480";"suplemento com biotina (480)"
"2 validada sem artigo";"Cabelo";"entradas cabelo";"1300";"LOW";"estável";"";"";"";"";"";"validadas/cabelo-expandido.json";"";"";"";"";"";"";"";"";"";"";"";"media";"39";"234";"media (2 palavras)";"0";"";""
"2 validada sem artigo";"Saúde geral";"valor do minoxidil";"1300";"HIGH";"estável";"";"";"sim";"";"";"validadas/cabelo-expandido.json";"";"";"";"";"";"";"";"";"";"";"";"media";"39";"234";"media (2 palavras)";"1";"170";"valor do minoxidil para cabelo (170)"
"2 validada sem artigo";"Cabelo";"cabelo caindo o que pode ser";"1300";"LOW";"estável";"";"";"";"";"";"validadas/cabelo-expandido.json";"";"";"";"";"";"";"";"";"";"";"";"media";"39";"234";"long tail";"4";"6940";"cabelo caindo muito o que pode ser (4400) | meu cabelo está caindo muito o que pode ser (1900) | cabelo caindo da raiz o que pode ser (320) | cabelo caindo demais o que pode ser (320)"
"2 validada sem artigo";"Cabelo";"benefícios da babosa no cabelo";"1300";"LOW";"caindo";"";"";"";"";"";"validadas/cabelo-expandido.json";"";"";"";"";"";"";"";"";"";"";"";"media";"39";"234";"long tail";"0";"";""
"2 validada sem artigo";"Cabelo";"alopecia na barba";"1300";"LOW";"estável";"";"";"";"";"";"validadas/cabelo-expandido.json";"";"";"";"";"";"";"";"";"";"";"";"media";"39";"234";"media (2 palavras)";"2";"1050";"alopecia areata barba (880) | alopecia areata barba tratamento (170)"
"2 validada sem artigo";"Cabelo";"babosa é bom para queda de cabelo";"1300";"MEDIUM";"subindo";"";"";"";"";"";"validadas/cabelo-expandido.json";"";"";"";"";"";"";"";"";"";"";"";"media";"39";"234";"long tail";"0";"";""
"2 validada sem artigo";"Cabelo";"cabelo branco masculino";"1300";"LOW";"caindo";"";"";"";"";"";"validadas/cabelo-expandido.json";"";"";"";"";"";"";"";"";"";"";"";"media";"39";"234";"long tail";"0";"";""
"2 validada sem artigo";"Saúde geral";"tônico minoxidil";"1300";"HIGH";"subindo";"";"";"sim";"";"";"validadas/cabelo-expandido.json";"";"";"";"";"";"";"";"";"";"";"";"media";"39";"234";"media (2 palavras)";"1";"880";"tônico capilar minoxidil (880)"
"2 validada sem artigo";"Cabelo";"queda de cabelo estresse";"1300";"MEDIUM";"estável";"";"";"";"";"";"validadas/cabelo-expandido.json";"";"";"";"";"";"";"";"";"";"";"";"media";"39";"234";"long tail";"3";"2060";"queda de cabelo por estresse (1300) | estresse causa queda de cabelo (590) | queda de cabelo por estresse voltam a crescer (170)"
"2 validada sem artigo";"Cabelo";"alopecia areata causas";"1300";"LOW";"estável";"";"";"";"";"";"validadas/cabelo.json";"";"";"";"";"";"";"";"";"";"";"";"media";"39";"234";"long tail";"1";"110";"alopecia areata o que causa (110)"
"2 validada sem artigo";"Cabelo";"como lavar o cabelo corretamente";"1300";"LOW";"estável";"";"";"";"";"";"validadas/cabelo.json";"";"";"";"";"";"";"";"";"";"";"";"media";"39";"234";"long tail";"0";"";""
"2 validada sem artigo";"Cabelo";"como recuperar cabelo quebrado";"1300";"HIGH";"caindo";"";"";"";"";"";"validadas/cabelo.json";"";"";"";"";"";"";"";"";"";"";"";"media";"39";"234";"long tail";"0";"";""
"2 validada sem artigo";"Pele";"ph da pele";"1300";"LOW";"";"";"";"";"";"";"pele-volumes.json";"";"";"";"";"";"";"";"";"";"";"";"media";"39";"234";"media (2 palavras)";"49";"293120";"câncer de pele (135000) | limpeza de pele (60500) | manchas na pele (18100) | protetor solar para pele oleosa (12100) | bolinhas na pele (8100) | ressecamento da pele (8100) | pele oleosa (6600) | pele seca (4400) | coceira na pele (4400) | alergia de pele (4400)"
"2 validada sem artigo";"Pele";"manchas senis";"1300";"LOW";"";"";"";"";"";"";"pele-volumes.json";"";"";"";"";"";"";"";"";"";"";"";"media";"39";"234";"media (2 palavras)";"0";"";""
"2 validada sem artigo";"Saúde geral";"alantoína";"1300";"LOW";"";"";"";"";"";"";"pele-volumes.json";"";"";"";"";"";"";"";"";"";"";"";"media";"39";"234";"cabeca";"0";"";""
"2 validada sem artigo";"Saúde geral";"terapia fotodinâmica";"1300";"LOW";"";"";"";"";"";"";"pele-volumes.json";"";"";"";"";"";"";"";"";"";"";"";"media";"39";"234";"media (2 palavras)";"0";"";""
"2 validada sem artigo";"Pele";"cotovelos escuros";"1300";"LOW";"";"";"";"";"";"";"pele-volumes.json";"";"";"";"";"";"";"";"";"";"";"";"media";"39";"234";"media (2 palavras)";"0";"";""
"2 validada sem artigo";"Sono";"dormir cedo";"1300";"LOW";"";"";"";"";"";"";"sono-volumes.json";"";"";"";"";"";"";"";"";"";"";"";"media";"39";"234";"media (2 palavras)";"0";"";""
"2 validada sem artigo";"Saúde geral";"magnésio dimalato efeitos colaterais";"1300";"LOW";"";"";"";"";"";"";"suplementos-volumes.json";"";"";"";"";"";"";"";"";"";"";"";"media";"39";"234";"long tail";"0";"";""
"2 validada sem artigo";"Próstata e vias urinárias";"taurina efeitos colaterais";"1300";"LOW";"";"";"";"";"";"";"suplementos-volumes.json";"";"";"";"";"";"";"";"";"";"";"";"media";"39";"234";"long tail";"0";"";""
"2 validada sem artigo";"Saúde geral";"beta alanina efeitos colaterais";"1300";"LOW";"";"";"";"";"";"";"suplementos-volumes.json";"";"";"";"";"";"";"";"";"";"";"";"media";"39";"234";"long tail";"0";"";""
"2 validada sem artigo";"Saúde geral";"camu camu para que serve";"1300";"HIGH";"";"";"";"";"";"";"suplementos-volumes.json";"";"";"";"";"";"";"";"";"";"";"";"media";"39";"234";"long tail";"0";"";""
"2 validada sem artigo";"Pele";"colágeno verisol para que serve";"1300";"HIGH";"";"";"";"";"";"";"suplementos-volumes.json";"";"";"";"";"";"";"";"";"";"";"";"media";"39";"234";"long tail";"0";"";""
"2 validada sem artigo";"Saúde geral";"eletrólitos para que serve";"1300";"HIGH";"";"";"";"";"";"";"suplementos-volumes.json";"";"";"";"";"";"";"";"";"";"";"";"media";"39";"234";"long tail";"0";"";""
"2 validada sem artigo";"Músculos e movimento";"magnésio para câimbras";"1300";"HIGH";"";"";"";"";"";"";"suplementos-volumes.json";"";"";"";"";"";"";"";"";"";"";"";"media";"39";"234";"media (2 palavras)";"0";"";""
"2 validada sem artigo";"Saúde geral";"magnésio óxido";"1300";"HIGH";"";"";"";"";"";"";"suplementos-volumes.json";"";"";"";"";"";"";"";"";"";"";"";"media";"39";"234";"media (2 palavras)";"0";"";""
"2 validada sem artigo";"Cabelo";"vitamina pro cabelo parar de cair";"1300";"HIGH";"";"";"";"";"";"";"queda-de-cabelo-ideias-hypd.json";"";"";"";"";"";"";"";"";"";"";"";"media";"39";"234";"long tail";"0";"";""
"2 validada sem artigo";"Cabelo";"alopecia areata causa";"1300";"LOW";"";"";"";"";"";"";"queda-de-cabelo-ideias-hypd.json";"";"";"";"";"";"";"";"";"";"";"";"media";"39";"234";"long tail";"1";"110";"alopecia areata o que causa (110)"
"2 validada sem artigo";"Cabelo";"alopecia em mulher";"1300";"LOW";"";"";"";"";"";"";"queda-de-cabelo-ideias-hypd.json";"";"";"";"";"";"";"";"";"";"";"";"media";"39";"234";"media (2 palavras)";"1";"390";"alopecia areata mulher (390)"
"2 validada sem artigo";"Alimentação e peso";"alimentos para menopausa";"1000";"MEDIUM";"";"";"";"";"";"";"pauta antiga validada";"";"";"";"";"";"";"";"";"";"";"";"media";"30";"180";"media (2 palavras)";"0";"";""
"2 validada sem artigo";"Mulher e menopausa";"fogacho menopausa";"1000";"MEDIUM";"";"";"";"";"";"";"pauta antiga validada";"";"";"";"";"";"";"";"";"";"";"";"media";"30";"180";"media (2 palavras)";"0";"";""
"2 validada sem artigo";"Saúde geral";"fome emocional";"1000";"LOW";"estável";"";"";"";"";"";"validadas/alimentacao-peso.json";"";"";"";"";"";"";"";"";"";"";"";"media";"30";"180";"media (2 palavras)";"1";"140";"fome emocional como tratar (140)"
"2 validada sem artigo";"Saúde geral";"fome no mundo";"1000";"LOW";"estável";"";"";"";"";"";"validadas/alimentacao-peso.json";"";"";"";"";"";"";"";"";"";"";"";"media";"30";"180";"media (2 palavras)";"0";"";""
"2 validada sem artigo";"Alimentação e peso";"queimar gordura abdominal";"1000";"HIGH";"caindo";"";"";"";"";"";"validadas/alimentacao-peso.json";"";"";"";"";"";"";"";"";"";"";"";"media";"30";"180";"long tail";"4";"3520";"melhor suplemento para queimar gordura abdominal (1900) | queimar gordura abdominal rapidamente (880) | termogênico para queimar gordura abdominal (480) | suplemento para queimar gordura abdominal (260)"
"2 validada sem artigo";"Digestão e fígado";"alimentacao para perder barriga";"1000";"MEDIUM";"caindo";"";"";"";"";"";"validadas/alimentacao-peso.json";"";"";"";"";"";"";"";"";"";"";"";"media";"30";"180";"long tail";"0";"";""
"2 validada sem artigo";"Saúde geral";"compulsao alimentar o que é";"1000";"LOW";"estável";"";"";"";"";"";"validadas/alimentacao-peso.json";"";"";"";"";"";"";"";"";"";"";"";"media";"30";"180";"long tail";"3";"970";"tratamento compulsão alimentar (590) | compulsao alimentar tem cura (210) | compulsao alimentar infantil (170)"
"2 validada sem artigo";"Alimentação e peso";"contar calorias";"1000";"MEDIUM";"caindo";"";"";"";"";"";"validadas/alimentacao-peso.json";"";"";"";"";"";"";"";"";"";"";"";"media";"30";"180";"media (2 palavras)";"0";"";""
"2 validada sem artigo";"Saúde geral";"cardapio fitness";"1000";"HIGH";"caindo";"";"";"";"";"";"validadas/alimentacao-peso.json";"";"";"";"";"";"";"";"";"";"";"";"media";"30";"180";"media (2 palavras)";"1";"210";"marmita fitness cardápio semanal para emagrecer (210)"
"2 validada sem artigo";"Alimentação e peso";"treino para emagrecer na academia";"1000";"MEDIUM";"caindo";"";"";"";"";"";"validadas/alimentacao-peso.json";"";"";"";"";"";"";"";"";"";"";"";"media";"30";"180";"long tail";"1";"320";"treino para emagrecer na academia feminino (320)"
"2 validada sem artigo";"Alimentação e peso";"suplementos para emagrecer feminino";"1000";"HIGH";"caindo";"";"";"";"";"";"validadas/alimentacao-peso.json";"";"";"";"";"";"";"";"";"";"";"";"media";"30";"180";"long tail";"3";"610";"suplementos para emagrecer e definir o corpo feminino (260) | melhor suplemento para emagrecer feminino (210) | combo de suplementos para emagrecer feminino (140)"
"2 validada sem artigo";"Alimentação e peso";"suplementos que ajudam a emagrecer";"1000";"HIGH";"estável";"";"";"";"";"";"validadas/alimentacao-peso.json";"";"";"";"";"";"";"";"";"";"";"";"media";"30";"180";"long tail";"0";"";""
"2 validada sem artigo";"Alimentação e peso";"manipulados para emagrecer";"1000";"HIGH";"caindo";"";"";"";"";"";"validadas/alimentacao-peso.json";"";"";"";"";"";"";"";"";"";"";"";"media";"30";"180";"media (2 palavras)";"0";"";""
"2 validada sem artigo";"Saúde geral";"nutrição estética";"1000";"MEDIUM";"caindo";"";"";"";"";"";"validadas/alimentacao-peso.json";"";"";"";"";"";"";"";"";"";"";"";"media";"30";"180";"media (2 palavras)";"1";"110";"nutrição aplicada a estética (110)"
"2 validada sem artigo";"Alimentação e peso";"slim fit emagrecedor";"1000";"HIGH";"caindo";"";"";"";"";"";"validadas/alimentacao-peso.json";"";"";"";"";"";"";"";"";"";"";"";"media";"30";"180";"long tail";"0";"";""
"2 validada sem artigo";"Alimentação e peso";"suplemento para emagrecer rápido";"1000";"HIGH";"caindo";"";"";"";"";"";"validadas/alimentacao-peso.json";"";"";"";"";"";"";"";"";"";"";"";"media";"30";"180";"long tail";"0";"";""
"2 validada sem artigo";"Alimentação e peso";"academia para emagrecer";"1000";"LOW";"estável";"";"";"";"";"";"validadas/alimentacao-peso.json";"";"";"";"";"";"";"";"";"";"";"";"media";"30";"180";"media (2 palavras)";"3";"1640";"treino para emagrecer na academia (1000) | exercícios para emagrecer na academia (320) | treino para emagrecer na academia feminino (320)"
"2 validada sem artigo";"Alimentação e peso";"treino funcional emagrece";"1000";"LOW";"caindo";"";"";"";"";"";"validadas/alimentacao-peso.json";"";"";"";"";"";"";"";"";"";"";"";"media";"30";"180";"long tail";"0";"";""
"2 validada sem artigo";"Saúde geral";"saladas saudáveis";"1000";"LOW";"caindo";"";"";"";"";"";"validadas/alimentacao-peso.json";"";"";"";"";"";"";"";"";"";"";"";"media";"30";"180";"media (2 palavras)";"0";"";""
"2 validada sem artigo";"Alimentação e peso";"suplemento para ajudar a emagrecer";"1000";"HIGH";"estável";"";"";"";"";"";"validadas/alimentacao-peso.json";"";"";"";"";"";"";"";"";"";"";"";"media";"30";"180";"long tail";"0";"";""
"2 validada sem artigo";"Alimentação e peso";"academia emagrece";"1000";"LOW";"estável";"";"";"";"";"";"validadas/alimentacao-peso.json";"";"";"";"";"";"";"";"";"";"";"";"media";"30";"180";"media (2 palavras)";"0";"";""
"2 validada sem artigo";"Saúde geral";"nutri mulher equaliv";"1000";"HIGH";"estável";"";"";"";"";"";"validadas/alimentacao-peso.json";"";"";"";"";"";"";"";"";"";"";"";"media";"30";"180";"long tail";"0";"";""
"2 validada sem artigo";"Alimentação e peso";"chá que emagrece 1kg por dia";"1000";"HIGH";"caindo";"";"";"";"";"";"validadas/alimentacao-peso.json";"";"";"";"";"";"";"";"";"";"";"";"media";"30";"180";"long tail";"0";"";""
"2 validada sem artigo";"Saúde geral";"deionizador";"1000";"HIGH";"estável";"";"";"";"";"";"validadas/alimentacao-peso.json";"";"";"";"";"";"";"";"";"";"";"";"media";"30";"180";"cabeca";"1";"1300";"deionizador de água (1300)"
"2 validada sem artigo";"Saúde geral";"chá relaxante muscular e antiinflamatório";"1000";"LOW";"caindo";"";"";"";"";"";"validadas/alimentacao-peso.json";"";"";"";"";"";"";"";"";"";"";"";"media";"30";"180";"long tail";"0";"";""
"2 validada sem artigo";"Saúde geral";"cha sb";"1000";"HIGH";"caindo";"";"";"";"";"";"validadas/alimentacao-peso.json";"";"";"";"";"";"";"";"";"";"";"";"media";"30";"180";"media (2 palavras)";"65";"710870";"chá de cavalinha (74000) | cha emagrecedor (60500) | chá para emagrecer (60500) | chas emagrecedores (60500) | chas que emagrecem (60500) | chá de gengibre (49500) | chá verde (33100) | chá para desinchar (27100) | chá twinings (18100) | chá seca barriga (14800)"
"2 validada sem artigo";"Saúde geral";"bebidas ambev";"1000";"LOW";"caindo";"";"";"";"";"";"validadas/alimentacao-peso.json";"";"";"";"";"";"";"";"";"";"";"";"media";"30";"180";"media (2 palavras)";"0";"";""
"2 validada sem artigo";"Saúde geral";"jacu bird coffee";"1000";"HIGH";"estável";"";"";"";"";"";"validadas/alimentacao-peso.json";"";"";"";"";"";"";"";"";"";"";"";"media";"30";"180";"long tail";"0";"";""
"2 validada sem artigo";"Saúde geral";"chá poderoso para aumentar a imunidade";"1000";"HIGH";"estável";"";"";"";"";"";"validadas/alimentacao-peso.json";"";"";"";"";"";"";"";"";"";"";"";"media";"30";"180";"long tail";"0";"";""
"2 validada sem artigo";"Saúde geral";"isosource soya fiber";"1000";"HIGH";"estável";"";"";"";"";"";"validadas/alimentacao-peso.json";"";"";"";"";"";"";"";"";"";"";"";"media";"30";"180";"long tail";"0";"";""
"2 validada sem artigo";"Alimentação e peso";"quero emagrecer";"1000";"HIGH";"estável";"";"";"";"";"";"validadas/alimentacao-peso.json";"";"";"";"";"";"";"";"";"";"";"";"media";"30";"180";"media (2 palavras)";"2";"5280";"não quero emagrecer quero perder barriga (4400) | quero emagrecer urgente 10kg (880)"
"2 validada sem artigo";"Alimentação e peso";"calorias dos alimentos";"1000";"LOW";"caindo";"";"";"";"";"";"validadas/alimentacao-peso.json";"";"";"";"";"";"";"";"";"";"";"";"media";"30";"180";"media (2 palavras)";"8";"5290";"tabela de calorias dos alimentos (2400) | calcular calorias dos alimentos (880) | alimentos com baixa caloria (720) | alimentos com poucas calorias (480) | tabela de calorias dos alimentos completa (390) | contador de calorias alimentos (140) | medidor de calorias de alimentos (140) | tabela de alimentos e suas calorias (140)"
"2 validada sem artigo";"Alimentação e peso";"proteina pura";"1000";"HIGH";"subindo";"";"";"";"";"";"validadas/alimentacao-peso.json";"";"";"";"";"";"";"";"";"";"";"";"media";"30";"180";"media (2 palavras)";"4";"1540";"proteina de colageno pura vida (720) | proteina pura vida (390) | proteina vegana pura vida (260) | proteina vegetal pura vida (170)"
"2 validada sem artigo";"Saúde geral";"albumina 1kg";"1000";"HIGH";"estável";"";"";"";"";"";"validadas/alimentacao-peso.json";"";"";"";"";"";"";"";"";"";"";"";"media";"30";"180";"media (2 palavras)";"1";"590";"albumina naturovos 1kg (590)"
"2 validada sem artigo";"Alimentação e peso";"reeducação alimentar para emagrecer";"1000";"MEDIUM";"caindo";"";"";"";"";"";"validadas/alimentacao-peso.json";"";"";"";"";"";"";"";"";"";"";"";"media";"30";"180";"long tail";"0";"";""
"2 validada sem artigo";"Alimentação e peso";"dieta para secar";"1000";"MEDIUM";"caindo";"";"";"";"";"";"validadas/alimentacao-peso.json";"";"";"";"";"";"";"";"";"";"";"";"media";"30";"180";"media (2 palavras)";"2";"1690";"dieta para secar barriga (1300) | dieta para secar gordura (390)"
"2 validada sem artigo";"Saúde geral";"fiberlift";"1000";"HIGH";"estável";"";"";"";"";"";"validadas/alimentacao-peso.json";"";"";"";"";"";"";"";"";"";"";"";"media";"30";"180";"cabeca";"1";"480";"fiberlift essential (480)"
"2 validada sem artigo";"Alimentação e peso";"dieta simples para emagrecer";"1000";"MEDIUM";"caindo";"";"";"";"";"";"validadas/alimentacao-peso.json";"";"";"";"";"";"";"";"";"";"";"";"media";"30";"180";"long tail";"0";"";""
"2 validada sem artigo";"Alimentação e peso";"proteina dux";"1000";"HIGH";"estável";"";"";"";"";"";"validadas/alimentacao-peso.json";"";"";"";"";"";"";"";"";"";"";"";"media";"30";"180";"media (2 palavras)";"1";"320";"proteina dux isolada (320)"
"2 validada sem artigo";"Alimentação e peso";"suplemento de proteina";"1000";"HIGH";"estável";"";"";"";"";"";"validadas/alimentacao-peso.json";"";"";"";"";"";"";"";"";"";"";"";"media";"30";"180";"media (2 palavras)";"1";"210";"proteína vegetal suplemento (210)"
"2 validada sem artigo";"Saúde geral";"queima gordura";"1000";"HIGH";"caindo";"";"";"";"";"";"validadas/alimentacao-peso.json";"";"";"";"";"";"";"";"";"";"";"";"media";"30";"180";"media (2 palavras)";"7";"4670";"suplemento queima gordura (1300) | queima gordura abdominal (720) | abdominais queima gordura (720) | termogenico queima gordura (720) | abdominal queima gordura da barriga (590) | queima gordura da barriga (480) | suplemento para queima de gordura abdominal (140)"
"2 validada sem artigo";"Saúde geral";"cardapio para ganho de massa muscular";"1000";"MEDIUM";"caindo";"";"";"";"";"";"validadas/alimentacao-peso.json";"";"";"";"";"";"";"";"";"";"";"";"media";"30";"180";"long tail";"0";"";""
"2 validada sem artigo";"Alimentação e peso";"alimentos para perder barriga";"1000";"MEDIUM";"caindo";"";"";"";"";"";"validadas/alimentacao-peso.json";"";"";"";"";"";"";"";"";"";"";"";"media";"30";"180";"long tail";"0";"";""
"2 validada sem artigo";"Saúde geral";"alimentação para ganhar massa";"1000";"MEDIUM";"caindo";"";"";"";"";"";"validadas/alimentacao-peso.json";"";"";"";"";"";"";"";"";"";"";"";"media";"30";"180";"long tail";"0";"";""
"2 validada sem artigo";"Alimentação e peso";"lista de dieta para emagrecer";"1000";"HIGH";"estável";"";"";"";"";"";"validadas/alimentacao-peso.json";"";"";"";"";"";"";"";"";"";"";"";"media";"30";"180";"long tail";"0";"";""
"2 validada sem artigo";"Alimentação e peso";"alimentos sem lactose";"1000";"HIGH";"caindo";"";"";"";"";"";"validadas/alimentacao-peso.json";"";"";"";"";"";"";"";"";"";"";"";"media";"30";"180";"long tail";"5";"2350";"alimentos sem gluten e sem lactose (1000) | alimentos zero lactose (590) | alimentos que contém glúten e lactose (390) | alimentos que não contém glúten e lactose (260) | alimentos que nao tem lactose (110)"
"2 validada sem artigo";"Alimentação e peso";"jejum para emagrecer";"1000";"MEDIUM";"caindo";"";"";"";"";"";"validadas/alimentacao-peso.json";"";"";"";"";"";"";"";"";"";"";"";"media";"30";"180";"media (2 palavras)";"1";"1600";"jejum intermitente para emagrecer (1600)"
"2 validada sem artigo";"Pele";"proteina de colageno equaliv";"1000";"HIGH";"estável";"";"";"";"";"";"validadas/alimentacao-peso.json";"";"";"";"";"";"";"";"";"";"";"";"media";"30";"180";"long tail";"0";"";""
"2 validada sem artigo";"Alimentação e peso";"dieta para perder barriga e ganhar massa muscular";"1000";"MEDIUM";"caindo";"";"";"";"";"";"validadas/alimentacao-peso.json";"";"";"";"";"";"";"";"";"";"";"";"media";"30";"180";"long tail";"0";"";""
"2 validada sem artigo";"Alimentação e peso";"caloria dos alimentos";"1000";"LOW";"caindo";"";"";"";"";"";"validadas/alimentacao-peso.json";"";"";"";"";"";"";"";"";"";"";"";"media";"30";"180";"media (2 palavras)";"8";"5290";"tabela de calorias dos alimentos (2400) | calcular calorias dos alimentos (880) | alimentos com baixa caloria (720) | alimentos com poucas calorias (480) | tabela de calorias dos alimentos completa (390) | contador de calorias alimentos (140) | medidor de calorias de alimentos (140) | tabela de alimentos e suas calorias (140)"
"2 validada sem artigo";"Alimentação e peso";"dieta zero carboidrato";"1000";"LOW";"caindo";"";"";"";"";"";"validadas/alimentacao-peso.json";"";"";"";"";"";"";"";"";"";"";"";"media";"30";"180";"long tail";"1";"480";"dieta zero carboidrato 1 semana (480)"
"2 validada sem artigo";"Alimentação e peso";"alimentos que ajudam a ganhar massa muscular";"1000";"MEDIUM";"estável";"";"";"";"";"";"validadas/alimentacao-peso.json";"";"";"";"";"";"";"";"";"";"";"";"media";"30";"180";"long tail";"0";"";""
"2 validada sem artigo";"Saúde geral";"queimar gordura";"1000";"HIGH";"caindo";"";"";"";"";"";"validadas/alimentacao-peso.json";"";"";"";"";"";"";"";"";"";"";"";"media";"30";"180";"media (2 palavras)";"10";"7660";"melhor suplemento para queimar gordura abdominal (1900) | suplementos para queimar gordura (1300) | queimar gordura abdominal (1000) | queimar gordura abdominal rapidamente (880) | termogênico para queimar gordura (720) | queimar gordura da barriga (480) | termogênico para queimar gordura abdominal (480) | suplemento para acelerar o metabolismo e queimar gordura (320) | treino para queimar gordura (320) | suplemento para queimar gordura abdominal (260)"
"2 validada sem artigo";"Saúde geral";"engordar rapido";"1000";"HIGH";"caindo";"";"";"";"";"";"validadas/alimentacao-peso.json";"";"";"";"";"";"";"";"";"";"";"";"media";"30";"180";"media (2 palavras)";"0";"";""
"2 validada sem artigo";"Alimentação e peso";"proteina para emagrecer";"1000";"HIGH";"estável";"";"";"";"";"";"validadas/alimentacao-peso.json";"";"";"";"";"";"";"";"";"";"";"";"media";"30";"180";"media (2 palavras)";"1";"390";"dieta da proteína emagrecer 20 kg (390)"
"2 validada sem artigo";"Alimentação e peso";"reeducação alimentar emagrece";"1000";"MEDIUM";"caindo";"";"";"";"";"";"validadas/alimentacao-peso.json";"";"";"";"";"";"";"";"";"";"";"";"media";"30";"180";"long tail";"0";"";""
"2 validada sem artigo";"Saúde geral";"alimentação sem lactose";"1000";"HIGH";"caindo";"";"";"";"";"";"validadas/alimentacao-peso.json";"";"";"";"";"";"";"";"";"";"";"";"media";"30";"180";"long tail";"2";"620";"alimentacao sem gluten e lactose (480) | alimentação para intolerante a lactose (140)"
"2 validada sem artigo";"Digestão e fígado";"constipação intestinal o que fazer";"1000";"HIGH";"estável";"";"";"";"";"";"validadas/alimentacao-peso.json";"";"";"";"";"";"";"";"";"";"";"";"media";"30";"180";"long tail";"0";"";""
"2 validada sem artigo";"Alimentação e peso";"alimentos sem gluten e sem lactose";"1000";"HIGH";"estável";"";"";"";"";"";"validadas/alimentacao-peso.json";"";"";"";"";"";"";"";"";"";"";"";"media";"30";"180";"long tail";"2";"650";"alimentos que contém glúten e lactose (390) | alimentos que não contém glúten e lactose (260)"
"2 validada sem artigo";"Cabelo";"saw palmetto para cabelo";"1000";"HIGH";"caindo";"";"";"";"";"";"validadas/cabelo-arvore.json";"";"";"";"";"";"";"";"";"";"";"";"media";"30";"180";"long tail";"0";"";""
"2 validada sem artigo";"Cabelo";"azeite para cabelo";"1000";"LOW";"estável";"";"";"";"";"";"validadas/cabelo-arvore.json";"";"";"";"";"";"";"";"";"";"";"";"media";"30";"180";"media (2 palavras)";"0";"";""
"2 validada sem artigo";"Cabelo";"cisto no couro cabeludo";"1000";"LOW";"estável";"";"";"";"";"";"validadas/cabelo-arvore.json";"";"";"";"";"";"";"";"";"";"";"";"media";"30";"180";"long tail";"0";"";""
"2 validada sem artigo";"Cabelo";"kerastase queda de cabelo";"1000";"HIGH";"subindo";"";"";"";"";"";"validadas/cabelo-expandido.json";"";"";"";"";"";"";"";"";"";"";"";"media";"30";"180";"long tail";"0";"";""
"2 validada sem artigo";"Cabelo";"queda de cabelo masculino";"1000";"HIGH";"estável";"";"";"";"";"";"validadas/cabelo-expandido.json";"";"";"";"";"";"";"";"";"";"";"";"media";"30";"180";"long tail";"4";"1340";"vitamina para queda de cabelo masculino (590) | tratamento para queda de cabelo masculino (320) | queda de cabelo masculino o que pode ser (260) | queda de cabelo causas masculino (170)"
"2 validada sem artigo";"Cabelo";"especialista em cabelo";"1000";"MEDIUM";"estável";"";"";"";"";"";"validadas/cabelo-expandido.json";"";"";"";"";"";"";"";"";"";"";"";"media";"30";"180";"media (2 palavras)";"2";"760";"especialista em queda de cabelo (590) | especialista queda de cabelo feminino (170)"
"2 validada sem artigo";"Cabelo";"meu cabelo está caindo muito o que fazer";"1000";"HIGH";"subindo";"";"";"";"";"";"validadas/cabelo-expandido.json";"";"";"";"";"";"";"";"";"";"";"";"media";"30";"180";"long tail";"0";"";""
"2 validada sem artigo";"Cabelo";"cabelo caindo da raiz";"1000";"MEDIUM";"estável";"";"";"";"";"";"validadas/cabelo-expandido.json";"";"";"";"";"";"";"";"";"";"";"";"media";"30";"180";"long tail";"3";"780";"cabelo caindo muito da raiz (320) | cabelo caindo da raiz o que pode ser (320) | cabelo caindo da raiz o que fazer (140)"
"2 validada sem artigo";"Cabelo";"minoxidil solução capilar";"1000";"HIGH";"subindo";"";"";"sim";"";"";"validadas/cabelo-expandido.json";"";"";"";"";"";"";"";"";"";"";"";"media";"30";"180";"long tail";"1";"320";"minoxidil 5 solução capilar (320)"
"2 validada sem artigo";"Cabelo";"minoxidil spray cabelo";"1000";"HIGH";"subindo";"";"";"sim";"";"";"validadas/cabelo-expandido.json";"";"";"";"";"";"";"";"";"";"";"";"media";"30";"180";"long tail";"1";"480";"minoxidil spray cabelo feminino (480)"
"2 validada sem artigo";"Saúde geral";"remédio minoxidil";"1000";"HIGH";"subindo";"";"";"sim";"";"";"validadas/cabelo-expandido.json";"";"";"";"";"";"";"";"";"";"";"";"media";"30";"180";"media (2 palavras)";"2";"740";"remédio para crescer cabelo minoxidil (480) | remédio para queda de cabelo minoxidil (260)"
"2 validada sem artigo";"Cabelo";"alopecia por estresse";"1000";"LOW";"estável";"";"";"";"";"";"validadas/cabelo-expandido.json";"";"";"";"";"";"";"";"";"";"";"";"media";"30";"180";"long tail";"1";"140";"alopecia por estresse tem cura (140)"
"2 validada sem artigo";"Saúde geral";"biotina comprimido";"1000";"HIGH";"subindo";"";"";"";"";"";"validadas/cabelo-expandido.json";"";"";"";"";"";"";"";"";"";"";"";"media";"30";"180";"media (2 palavras)";"0";"";""
"2 validada sem artigo";"Saúde geral";"creme de babosa";"1000";"HIGH";"estável";"";"";"";"";"";"validadas/cabelo-expandido.json";"";"";"";"";"";"";"";"";"";"";"";"media";"30";"180";"media (2 palavras)";"2";"430";"creme de babosa para cabelo (320) | creme de pentear soul power babosa (110)"
"2 validada sem artigo";"Saúde geral";"biotina valor";"1000";"HIGH";"subindo";"";"";"";"";"";"validadas/cabelo-expandido.json";"";"";"";"";"";"";"";"";"";"";"";"media";"30";"180";"media (2 palavras)";"0";"";""
"2 validada sem artigo";"Cabelo";"biotina é bom para queda de cabelo";"1000";"HIGH";"subindo";"";"";"";"";"";"validadas/cabelo-expandido.json";"";"";"";"";"";"";"";"";"";"";"";"media";"30";"180";"long tail";"0";"";""
"2 validada sem artigo";"Cabelo";"cabelo esta caindo muito o que fazer";"1000";"HIGH";"estável";"";"";"";"";"";"validadas/cabelo-expandido.json";"";"";"";"";"";"";"";"";"";"";"";"media";"30";"180";"long tail";"1";"1000";"meu cabelo está caindo muito o que fazer (1000)"
"2 validada sem artigo";"Alimentação e peso";"vitamina biotina para que serve";"1000";"HIGH";"estável";"";"";"";"";"";"validadas/cabelo-expandido.json";"";"";"";"";"";"";"";"";"";"";"";"media";"30";"180";"long tail";"0";"";""
"2 validada sem artigo";"Cabelo";"a babosa serve para o cabelo";"1000";"LOW";"estável";"";"";"";"";"";"validadas/cabelo-expandido.json";"";"";"";"";"";"";"";"";"";"";"";"media";"30";"180";"long tail";"2";"740";"babosa no cabelo para que serve (480) | babosa serve para queda de cabelo (260)"
"2 validada sem artigo";"Cabelo";"alecrim benefícios para o cabelo";"1000";"LOW";"estável";"";"";"";"";"";"validadas/cabelo-expandido.json";"";"";"";"";"";"";"";"";"";"";"";"media";"30";"180";"long tail";"0";"";""
"2 validada sem artigo";"Cabelo";"massagem capilar";"1000";"HIGH";"estável";"";"";"";"";"";"validadas/cabelo.json";"";"";"";"";"";"";"";"";"";"";"";"media";"30";"180";"media (2 palavras)";"0";"";""
"2 validada sem artigo";"Cabelo";"pantenol para cabelo";"1000";"HIGH";"estável";"";"";"";"";"";"validadas/cabelo.json";"";"";"";"";"";"";"";"";"";"";"";"media";"30";"180";"media (2 palavras)";"0";"";""
"2 validada sem artigo";"Cabelo";"vitamina d para cabelo";"1000";"HIGH";"subindo";"";"";"";"";"";"validadas/cabelo.json";"";"";"";"";"";"";"";"";"";"";"";"media";"30";"180";"long tail";"44";"88330";"vitamina para queda de cabelo (33100) | vitaminas para o cabelo parar de cair (9900) | melhor vitamina para queda de cabelo (6600) | melhores vitaminas para queda de cabelo (6600) | vitaminas para queda de cabelo feminino (5400) | melhores vitaminas para queda de cabelo feminino (3600) | melhor vitamina para queda de cabelo feminino (3600) | queda de cabelo falta de qual vitamina (2400) | vitamina para fortalecer o cabelo (1900) | vitamina boa para queda de cabelo (1900)"
"2 validada sem artigo";"Pele";"vasinhos no rosto";"1000";"LOW";"";"";"";"";"";"";"pele-volumes.json";"";"";"";"";"";"";"";"";"";"";"";"media";"30";"180";"media (2 palavras)";"0";"";""
"2 validada sem artigo";"Saúde geral";"máscara de argila verde";"1000";"HIGH";"";"";"";"";"";"";"pele-volumes.json";"";"";"";"";"";"";"";"";"";"";"";"media";"30";"180";"long tail";"0";"";""
"2 validada sem artigo";"Saúde geral";"hidrafacial";"1000";"HIGH";"";"";"";"";"";"";"pele-volumes.json";"";"";"";"";"";"";"";"";"";"";"";"media";"30";"180";"cabeca";"0";"";""
"2 validada sem artigo";"Pele";"melasma na gravidez";"1000";"LOW";"";"";"";"";"";"";"pele-volumes.json";"";"";"";"";"";"";"";"";"";"";"";"media";"30";"180";"media (2 palavras)";"0";"";""
"2 validada sem artigo";"Sono";"o que comer antes de dormir";"1000";"LOW";"";"";"";"";"";"";"sono-volumes.json";"";"";"";"";"";"";"";"";"";"";"";"media";"30";"180";"long tail";"0";"";""
"2 validada sem artigo";"Sono";"acordar cansado";"1000";"LOW";"";"";"";"";"";"";"sono-volumes.json";"";"";"";"";"";"";"";"";"";"";"";"media";"30";"180";"media (2 palavras)";"0";"";""
"2 validada sem artigo";"Saúde geral";"acordar com falta de ar";"1000";"LOW";"";"";"";"";"";"";"sono-volumes.json";"";"";"";"";"";"";"";"";"";"";"";"media";"30";"180";"long tail";"0";"";""
"2 validada sem artigo";"Saúde geral";"magnésio efeitos colaterais";"1000";"LOW";"";"";"";"";"";"";"suplementos-volumes.json";"";"";"";"";"";"";"";"";"";"";"";"media";"30";"180";"long tail";"4";"3350";"magnésio dimalato efeitos colaterais (1300) | magnésio treonato efeitos colaterais (1000) | magnésio bisglicinato efeitos colaterais (880) | magnésio taurato efeitos colaterais (170)"
"2 validada sem artigo";"Saúde geral";"magnésio treonato efeitos colaterais";"1000";"LOW";"";"";"";"";"";"";"suplementos-volumes.json";"";"";"";"";"";"";"";"";"";"";"";"media";"30";"180";"long tail";"0";"";""
"2 validada sem artigo";"Saúde geral";"nmn para que serve";"1000";"HIGH";"";"";"";"";"";"";"suplementos-volumes.json";"";"";"";"";"";"";"";"";"";"";"";"media";"30";"180";"long tail";"0";"";""
"2 validada sem artigo";"Saúde geral";"glicina efeitos colaterais";"1000";"LOW";"";"";"";"";"";"";"suplementos-volumes.json";"";"";"";"";"";"";"";"";"";"";"";"media";"30";"180";"long tail";"0";"";""
"2 validada sem artigo";"Saúde geral";"gaba efeitos colaterais";"1000";"LOW";"";"";"";"";"";"";"suplementos-volumes.json";"";"";"";"";"";"";"";"";"";"";"";"media";"30";"180";"long tail";"0";"";""
"2 validada sem artigo";"Saúde geral";"valeriana efeitos colaterais";"1000";"LOW";"";"";"";"";"";"";"suplementos-volumes.json";"";"";"";"";"";"";"";"";"";"";"";"media";"30";"180";"long tail";"0";"";""
"2 validada sem artigo";"Saúde geral";"hmb efeitos colaterais";"1000";"LOW";"";"";"";"";"";"";"suplementos-volumes.json";"";"";"";"";"";"";"";"";"";"";"";"media";"30";"180";"long tail";"0";"";""
"2 validada sem artigo";"Saúde geral";"silimarina efeitos colaterais";"1000";"LOW";"";"";"";"";"";"";"suplementos-volumes.json";"";"";"";"";"";"";"";"";"";"";"";"media";"30";"180";"long tail";"0";"";""
"2 validada sem artigo";"Cabelo";"vitamina para cabelo caindo";"1000";"HIGH";"";"";"";"";"";"";"queda-de-cabelo-ideias-hypd.json";"";"";"";"";"";"";"";"";"";"";"";"media";"30";"180";"long tail";"1";"260";"cabelo caindo falta de qual vitamina (260)"
"2 validada sem artigo";"Cabelo";"vitamina de cavalo para cabelo";"1000";"HIGH";"";"";"";"";"";"";"queda-de-cabelo-ideias-hypd.json";"";"";"";"";"";"";"";"";"";"";"";"media";"30";"180";"long tail";"0";"";""
"2 validada sem artigo";"Cabelo";"alopecia estresse";"1000";"LOW";"";"";"";"";"";"";"queda-de-cabelo-ideias-hypd.json";"";"";"";"";"";"";"";"";"";"";"";"media";"30";"180";"media (2 palavras)";"2";"1140";"alopecia por estresse (1000) | alopecia por estresse tem cura (140)"
"2b ganha-pão (100-999)";"Pele";"manchas de resistencia a insulina";"880";"LOW";"subindo";"";"";"sim";"";"";"validadas/alimentacao-peso.json";"";"";"";"";"";"";"";"";"";"";"";"ganha-pao";"26";"158";"long tail";"0";"";""
"2b ganha-pão (100-999)";"Alimentação e peso";"dieta para diabetes tipo 2";"880";"MEDIUM";"estável";"";"";"sim";"";"";"validadas/alimentacao-peso.json";"";"";"";"";"";"";"";"";"";"";"";"ganha-pao";"26";"158";"long tail";"0";"";""
"2b ganha-pão (100-999)";"Alimentação e peso";"ajuda para emagrecer";"880";"MEDIUM";"estável";"";"";"";"";"";"validadas/alimentacao-peso.json";"";"";"";"";"";"";"";"";"";"";"";"ganha-pao";"26";"158";"media (2 palavras)";"3";"4420";"chá que ajuda a emagrecer (2400) | termogenico ajuda a emagrecer (1300) | suplemento que ajuda a emagrecer (720)"
"2b ganha-pão (100-999)";"Cabelo";"estresse faz cair cabelo";"880";"LOW";"estável";"";"";"";"";"";"validadas/cabelo-expandido.json";"";"";"";"";"";"";"";"";"";"";"";"ganha-pao";"26";"158";"long tail";"0";"";""
"2b ganha-pão (100-999)";"Saúde geral";"alergia a desodorante";"880";"LOW";"";"";"";"";"";"";"pele-volumes.json";"";"";"";"";"";"";"";"";"";"";"";"ganha-pao";"26";"158";"media (2 palavras)";"0";"";""
"2b ganha-pão (100-999)";"Cabelo";"tipos de calvície";"880";"LOW";"";"";"";"";"";"";"queda-de-cabelo-ideias-hypd.json";"";"";"";"";"";"";"";"";"";"";"";"ganha-pao";"26";"158";"media (2 palavras)";"0";"";""
"2b ganha-pão (100-999)";"Saúde geral";"hidratação de babosa";"720";"MEDIUM";"estável";"";"";"";"";"";"validadas/cabelo-expandido.json";"";"";"";"";"";"";"";"";"";"";"";"ganha-pao";"22";"130";"media (2 palavras)";"8";"5930";"hidratação com babosa (3600) | hidratação com babosa para cabelo ressecado (720) | hidratação para cabelo com babosa (480) | hidratação de babosa com açúcar (320) | hidratação caseira com babosa (320) | hidratação com babosa para cabelos cacheados (210) | hidratação com babosa para crescer o cabelo (170) | hidratação com babosa e maizena (110)"
"2b ganha-pão (100-999)";"Pele";"pele com rosácea";"720";"MEDIUM";"";"";"";"";"";"";"pele-volumes.json";"";"";"";"";"";"";"";"";"";"";"";"ganha-pao";"22";"130";"long tail";"0";"";""
"2b ganha-pão (100-999)";"Sono";"sono depois do almoço";"720";"LOW";"";"";"";"";"";"";"sono-volumes.json";"";"";"";"";"";"";"";"";"";"";"";"ganha-pao";"22";"130";"long tail";"0";"";""
"2b ganha-pão (100-999)";"Cabelo";"falta de vitamina d causa queda de cabelo";"720";"LOW";"";"";"";"";"";"";"queda-de-cabelo-ideias-hypd.json";"";"";"";"";"";"";"";"";"";"";"";"ganha-pao";"22";"130";"long tail";"0";"";""
"2b ganha-pão (100-999)";"Digestão e fígado";"abdominal queima gordura da barriga";"590";"LOW";"estável";"";"";"";"";"";"validadas/alimentacao-peso.json";"";"";"";"";"";"";"";"";"";"";"";"ganha-pao";"18";"106";"long tail";"0";"";""
"2b ganha-pão (100-999)";"Mente e memória";"ansiedade da fome";"590";"LOW";"estável";"";"";"";"";"";"validadas/alimentacao-peso.json";"";"";"";"";"";"";"";"";"";"";"";"ganha-pao";"18";"106";"media (2 palavras)";"0";"";""
"2b ganha-pão (100-999)";"Alimentação e peso";"frutas que contém vitamina c";"590";"LOW";"estável";"";"";"";"";"";"validadas/alimentacao-peso.json";"";"";"";"";"";"";"";"";"";"";"";"ganha-pao";"18";"106";"long tail";"0";"";""
"2b ganha-pão (100-999)";"Digestão e fígado";"flora intestinal desregulada";"590";"MEDIUM";"estável";"";"";"";"";"";"validadas/alimentacao-peso.json";"";"";"";"";"";"";"";"";"";"";"";"ganha-pao";"18";"106";"long tail";"0";"";""
"2b ganha-pão (100-999)";"Cabelo";"estresse causa queda de cabelo";"590";"LOW";"estável";"";"";"";"";"";"validadas/cabelo-expandido.json";"";"";"";"";"";"";"";"";"";"";"";"ganha-pao";"18";"106";"long tail";"0";"";""
"2b ganha-pão (100-999)";"Cabelo";"ansiedade causa queda de cabelo";"590";"LOW";"estável";"";"";"";"";"";"validadas/cabelo-expandido.json";"";"";"";"";"";"";"";"";"";"";"";"ganha-pao";"18";"106";"long tail";"0";"";""
"2b ganha-pão (100-999)";"Cabelo";"ardência no couro cabeludo";"590";"LOW";"estável";"";"";"";"";"";"validadas/cabelo.json";"";"";"";"";"";"";"";"";"";"";"";"ganha-pao";"18";"106";"long tail";"0";"";""
"2b ganha-pão (100-999)";"Saúde geral";"celulite grau 3";"590";"LOW";"";"";"";"";"";"";"pele-volumes.json";"";"";"";"";"";"";"";"";"";"";"";"ganha-pao";"18";"106";"long tail";"0";"";""
"2b ganha-pão (100-999)";"Pele";"laser para melasma";"590";"MEDIUM";"";"";"";"";"";"";"pele-volumes.json";"";"";"";"";"";"";"";"";"";"";"";"ganha-pao";"18";"106";"media (2 palavras)";"0";"";""
"2b ganha-pão (100-999)";"Sono";"sono e depressão";"590";"LOW";"";"";"";"";"";"";"sono-volumes.json";"";"";"";"";"";"";"";"";"";"";"";"ganha-pao";"18";"106";"media (2 palavras)";"0";"";""
"2b ganha-pão (100-999)";"Sono";"insônia e menopausa";"590";"MEDIUM";"";"";"";"";"";"";"sono-volumes.json";"";"";"";"";"";"";"";"";"";"";"";"ganha-pao";"18";"106";"media (2 palavras)";"0";"";""
"2b ganha-pão (100-999)";"Cabelo";"hidratação para cabelo com babosa";"480";"LOW";"estável";"";"";"";"";"";"validadas/cabelo-expandido.json";"";"";"";"";"";"";"";"";"";"";"";"ganha-pao";"14";"86";"long tail";"3";"1100";"hidratação com babosa para cabelo ressecado (720) | hidratação com babosa para cabelos cacheados (210) | hidratação com babosa para crescer o cabelo (170)"
"2b ganha-pão (100-999)";"Cabelo";"adeforte serve para queda de cabelo";"480";"MEDIUM";"subindo";"";"";"";"";"";"validadas/cabelo-expandido.json";"";"";"";"";"";"";"";"";"";"";"";"ganha-pao";"14";"86";"long tail";"0";"";""
"2b ganha-pão (100-999)";"Cabelo";"alopecia na sobrancelha";"480";"LOW";"";"";"";"";"";"";"queda-de-cabelo-ideias-hypd.json";"";"";"";"";"";"";"";"";"";"";"";"ganha-pao";"14";"86";"media (2 palavras)";"1";"210";"alopecia areata sobrancelha (210)"
"2b ganha-pão (100-999)";"Diabetes e exames";"intolerância a insulina";"390";"LOW";"estável";"";"";"sim";"";"";"validadas/alimentacao-peso.json";"";"";"";"";"";"";"";"";"";"";"";"ganha-pao";"12";"70";"media (2 palavras)";"0";"";""
"2b ganha-pão (100-999)";"Alimentação e peso";"lipomax cromo emagrece quantos quilos por semana";"390";"MEDIUM";"estável";"";"";"";"";"";"validadas/alimentacao-peso.json";"";"";"";"";"";"";"";"";"";"";"";"ganha-pao";"12";"70";"long tail";"0";"";""
"2b ganha-pão (100-999)";"Cabelo";"estresse causa cabelo branco";"390";"LOW";"estável";"";"";"";"";"";"validadas/cabelo-arvore.json";"";"";"";"";"";"";"";"";"";"";"";"ganha-pao";"12";"70";"long tail";"0";"";""
"2b ganha-pão (100-999)";"Cabelo";"estresse cai cabelo";"390";"LOW";"estável";"";"";"";"";"";"validadas/cabelo-expandido.json";"";"";"";"";"";"";"";"";"";"";"";"ganha-pao";"12";"70";"long tail";"0";"";""
"2b ganha-pão (100-999)";"Cabelo";"adeforte é bom para queda de cabelo";"390";"MEDIUM";"subindo";"";"";"";"";"";"validadas/cabelo-expandido.json";"";"";"";"";"";"";"";"";"";"";"";"ganha-pao";"12";"70";"long tail";"0";"";""
"2b ganha-pão (100-999)";"Cabelo";"ansiedade faz cair o cabelo";"390";"LOW";"";"";"";"";"";"";"queda-de-cabelo-ideias-hypd.json";"";"";"";"";"";"";"";"";"";"";"";"ganha-pao";"12";"70";"long tail";"0";"";""
"2b ganha-pão (100-999)";"Cabelo";"crostas no couro cabeludo";"390";"LOW";"estável";"";"";"";"";"";"validadas/cabelo.json";"";"";"";"";"";"";"";"";"";"";"";"ganha-pao";"12";"70";"long tail";"0";"";""
"2b ganha-pão (100-999)";"Cabelo";"eczema no couro cabeludo";"390";"LOW";"estável";"";"";"";"";"";"validadas/cabelo.json";"";"";"";"";"";"";"";"";"";"";"";"ganha-pao";"12";"70";"long tail";"0";"";""
"2b ganha-pão (100-999)";"Sono";"sono não reparador";"390";"LOW";"";"";"";"";"";"";"sono-volumes.json";"";"";"";"";"";"";"";"";"";"";"";"ganha-pao";"12";"70";"long tail";"0";"";""
"2b ganha-pão (100-999)";"Boca e dentes";"bruxismo do sono";"390";"LOW";"";"";"";"";"";"";"sono-volumes.json";"";"";"";"";"";"";"";"";"";"";"";"ganha-pao";"12";"70";"media (2 palavras)";"0";"";""
"2b ganha-pão (100-999)";"Diabetes e exames";"ferro na gravidez";"390";"LOW";"";"";"";"";"";"";"suplementos-volumes.json";"";"";"";"";"";"";"";"";"";"";"";"ganha-pao";"12";"70";"media (2 palavras)";"0";"";""
"2b ganha-pão (100-999)";"Diabetes e exames";"medicamento para resistencia insulina";"320";"MEDIUM";"subindo";"";"";"sim";"";"";"validadas/alimentacao-peso.json";"";"";"";"";"";"";"";"";"";"";"";"ganha-pao";"10";"58";"long tail";"0";"";""
"2b ganha-pão (100-999)";"Alimentação e peso";"composto emagrecedor extra forte";"320";"MEDIUM";"subindo";"";"";"";"";"";"validadas/alimentacao-peso.json";"";"";"";"";"";"";"";"";"";"";"";"ganha-pao";"10";"58";"long tail";"0";"";""
"2b ganha-pão (100-999)";"Cabelo";"falhas no couro cabeludo";"320";"MEDIUM";"estável";"";"";"";"";"";"validadas/cabelo.json";"";"";"";"";"";"";"";"";"";"";"";"ganha-pao";"10";"58";"long tail";"0";"";""
"2b ganha-pão (100-999)";"Cabelo";"vermelhidão no couro cabeludo";"320";"LOW";"estável";"";"";"";"";"";"validadas/cabelo.json";"";"";"";"";"";"";"";"";"";"";"";"ganha-pao";"10";"58";"long tail";"0";"";""
"2b ganha-pão (100-999)";"Pele";"zinco na pele";"320";"MEDIUM";"";"";"";"";"";"";"pele-volumes.json";"";"";"";"";"";"";"";"";"";"";"";"ganha-pao";"10";"58";"media (2 palavras)";"0";"";""
"2b ganha-pão (100-999)";"Sono";"diário do sono";"320";"LOW";"";"";"";"";"";"";"sono-volumes.json";"";"";"";"";"";"";"";"";"";"";"";"ganha-pao";"10";"58";"media (2 palavras)";"0";"";""
"2b ganha-pão (100-999)";"Sono";"idoso dormindo muito";"320";"LOW";"";"";"";"";"";"";"sono-volumes.json";"";"";"";"";"";"";"";"";"";"";"";"ganha-pao";"10";"58";"long tail";"0";"";""
"2b ganha-pão (100-999)";"Cabelo";"menopausa causa queda de cabelo";"320";"LOW";"";"";"";"";"";"";"queda-de-cabelo-ideias-hypd.json";"";"";"";"";"";"";"";"";"";"";"";"ganha-pao";"10";"58";"long tail";"0";"";""
"2b ganha-pão (100-999)";"Cabelo";"biotina ajuda na queda de cabelo";"320";"MEDIUM";"";"";"";"";"";"";"queda-de-cabelo-ideias-hypd.json";"";"";"";"";"";"";"";"";"";"";"";"ganha-pao";"10";"58";"long tail";"0";"";""
"2b ganha-pão (100-999)";"Digestão e fígado";"congelar gordura da barriga";"260";"MEDIUM";"estável";"";"";"";"";"";"validadas/alimentacao-peso.json";"";"";"";"";"";"";"";"";"";"";"";"ganha-pao";"8";"47";"long tail";"0";"";""
"2b ganha-pão (100-999)";"Digestão e fígado";"congelamento da gordura da barriga";"260";"MEDIUM";"estável";"";"";"";"";"";"validadas/alimentacao-peso.json";"";"";"";"";"";"";"";"";"";"";"";"ganha-pao";"8";"47";"long tail";"0";"";""
"2b ganha-pão (100-999)";"Saúde geral";"gordura subcutânea como eliminar";"260";"LOW";"estável";"";"";"";"";"";"validadas/alimentacao-peso.json";"";"";"";"";"";"";"";"";"";"";"";"ganha-pao";"8";"47";"long tail";"0";"";""
"2b ganha-pão (100-999)";"Alimentação e peso";"pratos saudáveis para emagrecer";"260";"MEDIUM";"estável";"";"";"";"";"";"validadas/alimentacao-peso.json";"";"";"";"";"";"";"";"";"";"";"";"ganha-pao";"8";"47";"long tail";"0";"";""
"2b ganha-pão (100-999)";"Alimentação e peso";"dieta plant based";"260";"LOW";"estável";"";"";"";"";"";"validadas/alimentacao-peso.json";"";"";"";"";"";"";"";"";"";"";"";"ganha-pao";"8";"47";"long tail";"0";"";""
"2b ganha-pão (100-999)";"Cabelo";"calvície na adolescência";"260";"LOW";"estável";"";"";"";"";"";"validadas/cabelo-expandido.json";"";"";"";"";"";"";"";"";"";"";"";"ganha-pao";"8";"47";"media (2 palavras)";"0";"";""
"2b ganha-pão (100-999)";"Cabelo";"calvície feminina frontal";"260";"MEDIUM";"estável";"";"";"";"";"";"validadas/cabelo-expandido.json";"";"";"";"";"";"";"";"";"";"";"";"ganha-pao";"8";"47";"long tail";"0";"";""
"2b ganha-pão (100-999)";"Cabelo";"minoxidil ajuda na calvície";"260";"MEDIUM";"estável";"";"";"sim";"";"";"validadas/cabelo-expandido.json";"";"";"";"";"";"";"";"";"";"";"";"ganha-pao";"8";"47";"long tail";"0";"";""
"2b ganha-pão (100-999)";"Cabelo";"alopecia fibrosante frontal tem cura";"260";"LOW";"subindo";"";"";"";"";"";"validadas/cabelo-expandido.json";"";"";"";"";"";"";"";"";"";"";"";"ganha-pao";"8";"47";"long tail";"0";"";""
"2b ganha-pão (100-999)";"Cabelo";"babosa serve para queda de cabelo";"260";"LOW";"estável";"";"";"";"";"";"validadas/cabelo-expandido.json";"";"";"";"";"";"";"";"";"";"";"";"ganha-pao";"8";"47";"long tail";"0";"";""
"2b ganha-pão (100-999)";"Pele";"pele na menopausa";"260";"LOW";"";"";"";"";"";"";"pele-volumes.json";"";"";"";"";"";"";"";"";"";"";"";"ganha-pao";"8";"47";"media (2 palavras)";"0";"";""
"2b ganha-pão (100-999)";"Sono";"como sair da paralisia do sono";"260";"LOW";"";"";"";"";"";"";"sono-volumes.json";"";"";"";"";"";"";"";"";"";"";"";"ganha-pao";"8";"47";"long tail";"0";"";""
"2b ganha-pão (100-999)";"Saúde geral";"uridina para que serve";"260";"LOW";"";"";"";"";"";"";"suplementos-volumes.json";"";"";"";"";"";"";"";"";"";"";"";"ganha-pao";"8";"47";"long tail";"0";"";""
"2b ganha-pão (100-999)";"Cabelo";"coceira e queda de cabelo";"260";"LOW";"";"";"";"";"";"";"queda-de-cabelo-ideias-hypd.json";"";"";"";"";"";"";"";"";"";"";"";"ganha-pao";"8";"47";"long tail";"0";"";""
"2b ganha-pão (100-999)";"Digestão e fígado";"acúmulo de gordura na barriga";"210";"LOW";"estável";"";"";"";"";"";"validadas/alimentacao-peso.json";"";"";"";"";"";"";"";"";"";"";"";"ganha-pao";"6";"38";"long tail";"0";"";""
"2b ganha-pão (100-999)";"Alimentação e peso";"alimentos bom para ansiedade";"210";"LOW";"estável";"";"";"";"";"";"validadas/alimentacao-peso.json";"";"";"";"";"";"";"";"";"";"";"";"ganha-pao";"6";"38";"long tail";"0";"";""
"2b ganha-pão (100-999)";"Alimentação e peso";"treinos para emagrecer";"210";"MEDIUM";"estável";"";"";"";"";"";"validadas/alimentacao-peso.json";"";"";"";"";"";"";"";"";"";"";"";"ganha-pao";"6";"38";"media (2 palavras)";"9";"4440";"melhor pré treino para emagrecer (1300) | treino para emagrecer na academia (1000) | pré treino para emagrecer (880) | treino de musculação para emagrecer (320) | treino para emagrecer na academia feminino (320) | treino para emagrecer em casas iniciantes (260) | pré treino feminino para emagrecer (140) | treino feminino para emagrecer (110) | melhor suplemento pré treino para emagrecer (110)"
"2b ganha-pão (100-999)";"Alimentação e peso";"emagrecedor extra forte";"210";"LOW";"subindo";"";"";"";"";"";"validadas/alimentacao-peso.json";"";"";"";"";"";"";"";"";"";"";"";"ganha-pao";"6";"38";"long tail";"1";"320";"composto emagrecedor extra forte (320)"
"2b ganha-pão (100-999)";"Cabelo";"queimadura química no couro cabeludo";"210";"LOW";"subindo";"";"";"";"";"";"validadas/cabelo-arvore.json";"";"";"";"";"";"";"";"";"";"";"";"ganha-pao";"6";"38";"long tail";"0";"";""
"2b ganha-pão (100-999)";"Cabelo";"queda acentuada de cabelo";"210";"MEDIUM";"estável";"";"";"";"";"";"validadas/cabelo-expandido.json";"";"";"";"";"";"";"";"";"";"";"";"ganha-pao";"6";"38";"long tail";"0";"";""
"2b ganha-pão (100-999)";"Cabelo";"dermatologista cuida de queda de cabelo";"210";"MEDIUM";"subindo";"";"";"";"";"";"validadas/cabelo-expandido.json";"";"";"";"";"";"";"";"";"";"";"";"ganha-pao";"6";"38";"long tail";"0";"";""
"2b ganha-pão (100-999)";"Cabelo";"alimentação para evitar queda de cabelo";"210";"MEDIUM";"estável";"";"";"";"";"";"validadas/cabelo.json";"";"";"";"";"";"";"";"";"";"";"";"ganha-pao";"6";"38";"long tail";"0";"";""
"2b ganha-pão (100-999)";"Sono";"dormir pouco emagrece";"210";"LOW";"";"";"";"";"";"";"sono-volumes.json";"";"";"";"";"";"";"";"";"";"";"";"ganha-pao";"6";"38";"long tail";"0";"";""
"2b ganha-pão (100-999)";"Cabelo";"alopecia em homem";"210";"LOW";"";"";"";"";"";"";"queda-de-cabelo-ideias-hypd.json";"";"";"";"";"";"";"";"";"";"";"";"ganha-pao";"6";"38";"media (2 palavras)";"0";"";""
"2b ganha-pão (100-999)";"Cabelo";"alopecia em homens";"210";"LOW";"";"";"";"";"";"";"queda-de-cabelo-ideias-hypd.json";"";"";"";"";"";"";"";"";"";"";"";"ganha-pao";"6";"38";"media (2 palavras)";"0";"";""
"2b ganha-pão (100-999)";"Cabelo";"ansiedade cai cabelo";"210";"LOW";"";"";"";"";"";"";"queda-de-cabelo-ideias-hypd.json";"";"";"";"";"";"";"";"";"";"";"";"ganha-pao";"6";"38";"long tail";"0";"";""
"2b ganha-pão (100-999)";"Cabelo";"arovit para queda de cabelo";"210";"LOW";"";"";"";"";"";"";"queda-de-cabelo-ideias-hypd.json";"";"";"";"";"";"";"";"";"";"";"";"ganha-pao";"6";"38";"long tail";"0";"";""
"2b ganha-pão (100-999)";"Alimentação e peso";"abdominal com peso na barriga";"170";"LOW";"estável";"";"";"";"";"";"validadas/alimentacao-peso.json";"";"";"";"";"";"";"";"";"";"";"";"ganha-pao";"5";"31";"long tail";"0";"";""
"2b ganha-pão (100-999)";"Digestão e fígado";"barriga com gordura visceral";"170";"LOW";"estável";"";"";"";"";"";"validadas/alimentacao-peso.json";"";"";"";"";"";"";"";"";"";"";"";"ganha-pao";"5";"31";"long tail";"0";"";""
"2b ganha-pão (100-999)";"Mente e memória";"comer por ansiedade";"170";"LOW";"estável";"";"";"";"";"";"validadas/alimentacao-peso.json";"";"";"";"";"";"";"";"";"";"";"";"ganha-pao";"5";"31";"long tail";"1";"140";"ansiedade faz comer muito (140)"
"2b ganha-pão (100-999)";"Músculos e movimento";"treino para perder gordura";"170";"LOW";"estável";"";"";"";"";"";"validadas/alimentacao-peso.json";"";"";"";"";"";"";"";"";"";"";"";"ganha-pao";"5";"31";"long tail";"0";"";""
"2b ganha-pão (100-999)";"Alimentação e peso";"dieta para quem tem intolerância a lactose";"170";"LOW";"estável";"";"";"";"";"";"validadas/alimentacao-peso.json";"";"";"";"";"";"";"";"";"";"";"";"ganha-pao";"5";"31";"long tail";"0";"";""
"2b ganha-pão (100-999)";"Cabelo";"perda de cabelo por estresse";"170";"LOW";"estável";"";"";"";"";"";"validadas/cabelo-expandido.json";"";"";"";"";"";"";"";"";"";"";"";"ganha-pao";"5";"31";"long tail";"0";"";""
"2b ganha-pão (100-999)";"Cabelo";"ferro para cabelo";"170";"MEDIUM";"subindo";"";"";"";"";"";"validadas/cabelo.json";"";"";"";"";"";"";"";"";"";"";"";"ganha-pao";"5";"31";"media (2 palavras)";"2";"490";"melhor ferro para queda de cabelo (320) | ferro para queda de cabelo (170)"
"2b ganha-pão (100-999)";"Pele";"pele de idoso";"170";"LOW";"";"";"";"";"";"";"pele-volumes.json";"";"";"";"";"";"";"";"";"";"";"";"ganha-pao";"5";"31";"media (2 palavras)";"0";"";""
"2b ganha-pão (100-999)";"Mente e memória";"ansiedade faz comer muito";"140";"LOW";"estável";"";"";"";"";"";"validadas/alimentacao-peso.json";"";"";"";"";"";"";"";"";"";"";"";"ganha-pao";"4";"25";"long tail";"0";"";""
"2b ganha-pão (100-999)";"Alimentação e peso";"diabete emagrece muito";"140";"LOW";"estável";"";"";"";"";"";"validadas/alimentacao-peso.json";"";"";"";"";"";"";"";"";"";"";"";"ganha-pao";"4";"25";"long tail";"1";"110";"diabetes que emagrece muito (110)"
"2b ganha-pão (100-999)";"Alimentação e peso";"diabetes emagrece muito";"140";"LOW";"estável";"";"";"sim";"";"";"validadas/alimentacao-peso.json";"";"";"";"";"";"";"";"";"";"";"";"ganha-pao";"4";"25";"long tail";"1";"110";"diabetes que emagrece muito (110)"
"2b ganha-pão (100-999)";"Alimentação e peso";"dificuldade para emagrecer mesmo fazendo dieta";"140";"LOW";"estável";"";"";"";"";"";"validadas/alimentacao-peso.json";"";"";"";"";"";"";"";"";"";"";"";"ganha-pao";"4";"25";"long tail";"0";"";""
"2b ganha-pão (100-999)";"Digestão e fígado";"gordura acumulada na barriga";"140";"LOW";"estável";"";"";"";"";"";"validadas/alimentacao-peso.json";"";"";"";"";"";"";"";"";"";"";"";"ganha-pao";"4";"25";"long tail";"0";"";""
"2b ganha-pão (100-999)";"Saúde geral";"gordura nas visceras";"140";"LOW";"estável";"";"";"";"";"";"validadas/alimentacao-peso.json";"";"";"";"";"";"";"";"";"";"";"";"ganha-pao";"4";"25";"long tail";"0";"";""
"2b ganha-pão (100-999)";"Digestão e fígado";"bacteria do intestino";"140";"LOW";"estável";"";"";"";"";"";"validadas/alimentacao-peso.json";"";"";"";"";"";"";"";"";"";"";"";"ganha-pao";"4";"25";"media (2 palavras)";"0";"";""
"2b ganha-pão (100-999)";"Cabelo";"exames para queda de cabelo feminino";"140";"LOW";"subindo";"";"";"";"";"";"validadas/cabelo.json";"";"";"";"";"";"";"";"";"";"";"";"ganha-pao";"4";"25";"long tail";"0";"";""
"2b ganha-pão (100-999)";"Cabelo";"oq causa queda de cabelo";"140";"LOW";"";"";"";"";"";"";"queda-de-cabelo-ideias-hypd.json";"";"";"";"";"";"";"";"";"";"";"";"ganha-pao";"4";"25";"long tail";"6";"2870";"falta de vitamina d causa queda de cabelo (720) | estresse causa queda de cabelo (590) | ansiedade causa queda de cabelo (590) | causas de queda de cabelo feminino (480) | menopausa causa queda de cabelo (320) | queda de cabelo causas masculino (170)"
"2b ganha-pão (100-999)";"Cabelo";"adeforte ajuda na queda de cabelo";"140";"LOW";"";"";"";"";"";"";"queda-de-cabelo-ideias-hypd.json";"";"";"";"";"";"";"";"";"";"";"";"ganha-pao";"4";"25";"long tail";"0";"";""
"2b ganha-pão (100-999)";"Cabelo";"alopecia padrao feminino";"140";"LOW";"";"";"";"";"";"";"queda-de-cabelo-ideias-hypd.json";"";"";"";"";"";"";"";"";"";"";"";"ganha-pao";"4";"25";"long tail";"0";"";""
"2b ganha-pão (100-999)";"Cabelo";"b12 queda de cabelo";"140";"LOW";"";"";"";"";"";"";"queda-de-cabelo-ideias-hypd.json";"";"";"";"";"";"";"";"";"";"";"";"ganha-pao";"4";"25";"long tail";"1";"260";"vitamina b12 para queda de cabelo (260)"
"2b ganha-pão (100-999)";"Alimentação e peso";"perda de peso inexplicável";"110";"LOW";"estável";"";"";"";"";"";"validadas/alimentacao-peso.json";"";"";"";"";"";"";"";"";"";"";"";"ganha-pao";"3";"20";"long tail";"0";"";""
"2b ganha-pão (100-999)";"Alimentação e peso";"abdominal emagrece a barriga";"110";"LOW";"estável";"";"";"";"";"";"validadas/alimentacao-peso.json";"";"";"";"";"";"";"";"";"";"";"";"ganha-pao";"3";"20";"long tail";"0";"";""
"2b ganha-pão (100-999)";"Digestão e fígado";"barriga de gordura visceral";"110";"LOW";"estável";"";"";"";"";"";"validadas/alimentacao-peso.json";"";"";"";"";"";"";"";"";"";"";"";"ganha-pao";"3";"20";"long tail";"1";"170";"barriga com gordura visceral (170)"
"2b ganha-pão (100-999)";"Cabelo";"aplicação de minoxidil no couro cabeludo";"110";"MEDIUM";"estável";"";"";"sim";"";"";"validadas/cabelo-expandido.json";"";"";"";"";"";"";"";"";"";"";"";"ganha-pao";"3";"20";"long tail";"0";"";""
"2b ganha-pão (100-999)";"Cabelo";"queda brusca de cabelo";"110";"MEDIUM";"estável";"";"";"";"";"";"validadas/cabelo-expandido.json";"";"";"";"";"";"";"";"";"";"";"";"ganha-pao";"3";"20";"long tail";"0";"";""
"2b ganha-pão (100-999)";"Cabelo";"como identificar alopecia";"110";"LOW";"subindo";"";"";"";"";"";"validadas/cabelo.json";"";"";"";"";"";"";"";"";"";"";"";"ganha-pao";"3";"20";"long tail";"0";"";""
"2b ganha-pão (100-999)";"Sono";"ansiedade e sono";"110";"LOW";"";"";"";"";"";"";"sono-volumes.json";"";"";"";"";"";"";"";"";"";"";"";"ganha-pao";"3";"20";"media (2 palavras)";"0";"";""
"3 rodar no Planner";"Cabelo";"queda de cabelo hereditaria";"";"";"";"";"";"";"";"";"sem dado em cabelo";"";"";"";"";"";"";"";"";"";"";"";"";"";"";"long tail";"0";"";""
"3 rodar no Planner";"Cabelo";"cápsóula para queda de cabelo";"";"";"";"";"";"";"";"";"sem dado em cabelo";"";"";"";"";"";"";"";"";"";"";"";"";"";"";"long tail";"0";"";""
"3 rodar no Planner";"Cabelo";"queda de cabelo por anemia";"";"";"";"";"";"";"";"";"sem dado em cabelo-arvore";"";"";"";"";"";"";"";"";"";"";"";"";"";"";"long tail";"0";"";""
"3 rodar no Planner";"Cabelo";"cabelo caindo por anemia";"";"";"";"";"";"";"";"";"sem dado em cabelo-arvore";"";"";"";"";"";"";"";"";"";"";"";"";"";"";"long tail";"0";"";""
"3 rodar no Planner";"Cabelo";"queda de cabelo por ferro baixo";"";"";"";"";"";"";"";"";"sem dado em cabelo-arvore";"";"";"";"";"";"";"";"";"";"";"";"";"";"";"long tail";"0";"";""
"3 rodar no Planner";"Cabelo";"cabelo caindo por ferro baixo";"";"";"";"";"";"";"";"";"sem dado em cabelo-arvore";"";"";"";"";"";"";"";"";"";"";"";"";"";"";"long tail";"0";"";""
"3 rodar no Planner";"Cabelo";"queda de cabelo por problema na tireoide";"";"";"";"";"";"";"";"";"sem dado em cabelo-arvore";"";"";"";"";"";"";"";"";"";"";"";"";"";"";"long tail";"0";"";""
"3 rodar no Planner";"Cabelo";"queda de cabelo por hipotireoidismo";"";"";"";"";"";"";"";"";"sem dado em cabelo-arvore";"";"";"";"";"";"";"";"";"";"";"";"";"";"";"long tail";"0";"";""
"3 rodar no Planner";"Cabelo";"queda de cabelo por menopausa";"";"";"";"";"";"";"";"";"sem dado em cabelo-arvore";"";"";"";"";"";"";"";"";"";"";"";"";"";"";"long tail";"5";"1200";"vitamina para queda de cabelo na menopausa (390) | menopausa causa queda de cabelo (320) | queda de cabelo na menopausa o que fazer (210) | remédio caseiro para queda de cabelo na menopausa (170) | shampoo para queda de cabelo na menopausa (110)"
"3 rodar no Planner";"Cabelo";"cabelo caindo por menopausa";"";"";"";"";"";"";"";"";"sem dado em cabelo-arvore";"";"";"";"";"";"";"";"";"";"";"";"";"";"";"long tail";"0";"";""
"3 rodar no Planner";"Cabelo";"queda de cabelo por gravidez";"";"";"";"";"";"";"";"";"sem dado em cabelo-arvore";"";"";"";"";"";"";"";"";"";"";"";"";"";"";"long tail";"0";"";""
"3 rodar no Planner";"Cabelo";"queda de cabelo por pós parto";"";"";"";"";"";"";"";"";"sem dado em cabelo-arvore";"";"";"";"";"";"";"";"";"";"";"";"";"";"";"long tail";"1";"480";"vitamina para queda de cabelo pós parto (480)"
"3 rodar no Planner";"Cabelo";"cabelo caindo por pós parto";"";"";"";"";"";"";"";"";"sem dado em cabelo-arvore";"";"";"";"";"";"";"";"";"";"";"";"";"";"";"long tail";"0";"";""
"3 rodar no Planner";"Cabelo";"cabelo caindo por anticoncepcional";"";"";"";"";"";"";"";"";"sem dado em cabelo-arvore";"";"";"";"";"";"";"";"";"";"";"";"";"";"";"long tail";"0";"";""
"3 rodar no Planner";"Cabelo";"queda de cabelo por dieta";"";"";"";"";"";"";"";"";"sem dado em cabelo-arvore";"";"";"";"";"";"";"";"";"";"";"";"";"";"";"long tail";"0";"";""
"3 rodar no Planner";"Cabelo";"cabelo caindo por dieta";"";"";"";"";"";"";"";"";"sem dado em cabelo-arvore";"";"";"";"";"";"";"";"";"";"";"";"";"";"";"long tail";"0";"";""
"3 rodar no Planner";"Cabelo";"queda de cabelo por emagrecimento rápido";"";"";"";"";"";"";"";"";"sem dado em cabelo-arvore";"";"";"";"";"";"";"";"";"";"";"";"";"";"";"long tail";"0";"";""
"3 rodar no Planner";"Cabelo";"cabelo caindo por emagrecimento rápido";"";"";"";"";"";"";"";"";"sem dado em cabelo-arvore";"";"";"";"";"";"";"";"";"";"";"";"";"";"";"long tail";"0";"";""
"3 rodar no Planner";"Cabelo";"queda de cabelo por cirurgia bariátrica";"";"";"";"";"";"";"";"";"sem dado em cabelo-arvore";"";"";"";"";"";"";"";"";"";"";"";"";"";"";"long tail";"0";"";""
"3 rodar no Planner";"Cabelo";"queda de cabelo por ozempic";"";"";"";"";"";"sim";"";"";"sem dado em cabelo-arvore";"";"";"";"";"";"";"";"";"";"";"";"";"";"";"long tail";"0";"";""
"3 rodar no Planner";"Cabelo";"cabelo caindo por quimioterapia";"";"";"";"";"";"sim";"";"";"sem dado em cabelo-arvore";"";"";"";"";"";"";"";"";"";"";"";"";"";"";"long tail";"0";"";""
"3 rodar no Planner";"Cabelo";"queda de cabelo por antidepressivo";"";"";"";"";"";"sim";"";"";"sem dado em cabelo-arvore";"";"";"";"";"";"";"";"";"";"";"";"";"";"";"long tail";"0";"";""
"3 rodar no Planner";"Cabelo";"queda de cabelo por falta de proteína";"";"";"";"";"";"";"";"";"sem dado em cabelo-arvore";"";"";"";"";"";"";"";"";"";"";"";"";"";"";"long tail";"0";"";""
"3 rodar no Planner";"Cabelo";"queda de cabelo por falta de zinco";"";"";"";"";"";"";"";"";"sem dado em cabelo-arvore";"";"";"";"";"";"";"";"";"";"";"";"";"";"";"long tail";"0";"";""
"3 rodar no Planner";"Cabelo";"queda de cabelo por falta de vitamina b12";"";"";"";"";"";"";"";"";"sem dado em cabelo-arvore";"";"";"";"";"";"";"";"";"";"";"";"";"";"";"long tail";"0";"";""
"3 rodar no Planner";"Cabelo";"queda de cabelo por síndrome dos ovários policísticos";"";"";"";"";"";"";"";"";"sem dado em cabelo-arvore";"";"";"";"";"";"";"";"";"";"";"";"";"";"";"long tail";"0";"";""
"3 rodar no Planner";"Cabelo";"queda de cabelo por diabetes";"";"";"";"";"";"sim";"";"";"sem dado em cabelo-arvore";"";"";"";"";"";"";"";"";"";"";"";"";"";"";"long tail";"0";"";""
"3 rodar no Planner";"Cabelo";"queda de cabelo por lúpus";"";"";"";"";"";"";"";"";"sem dado em cabelo-arvore";"";"";"";"";"";"";"";"";"";"";"";"";"";"";"long tail";"0";"";""
"3 rodar no Planner";"Cabelo";"queda de cabelo por genética";"";"";"";"";"";"";"";"";"sem dado em cabelo-arvore";"";"";"";"";"";"";"";"";"";"";"";"";"";"";"long tail";"0";"";""
"3 rodar no Planner";"Cabelo";"cabelo caindo por tração";"";"";"";"";"";"";"";"";"sem dado em cabelo-arvore";"";"";"";"";"";"";"";"";"";"";"";"";"";"";"long tail";"0";"";""
"3 rodar no Planner";"Cabelo";"queda de cabelo por chapinha";"";"";"";"";"";"";"";"";"sem dado em cabelo-arvore";"";"";"";"";"";"";"";"";"";"";"";"";"";"";"long tail";"0";"";""
"3 rodar no Planner";"Cabelo";"queda de cabelo por cirurgia";"";"";"";"";"";"";"";"";"sem dado em cabelo-arvore";"";"";"";"";"";"";"";"";"";"";"";"";"";"";"long tail";"1";"260";"vitamina para queda de cabelo após cirurgia (260)"
"3 rodar no Planner";"Cabelo";"queda de cabelo por febre";"";"";"";"";"";"";"";"";"sem dado em cabelo-arvore";"";"";"";"";"";"";"";"";"";"";"";"";"";"";"long tail";"0";"";""
"3 rodar no Planner";"Cabelo";"queda de cabelo por infecção";"";"";"";"";"";"";"";"";"sem dado em cabelo-arvore";"";"";"";"";"";"";"";"";"";"";"";"";"";"";"long tail";"0";"";""
"3 rodar no Planner";"Cabelo";"queda de cabelo por excesso de vitamina a";"";"";"";"";"";"";"";"";"sem dado em cabelo-arvore";"";"";"";"";"";"";"";"";"";"";"";"";"";"";"long tail";"0";"";""
"3 rodar no Planner";"Cabelo";"queda de cabelo por dermatite seborreica";"";"";"";"";"";"";"";"";"sem dado em cabelo-arvore";"";"";"";"";"";"";"";"";"";"";"";"";"";"";"long tail";"0";"";""
"3 rodar no Planner";"Cabelo";"queda de cabelo por depressão";"";"";"";"";"";"";"";"";"sem dado em cabelo-arvore";"";"";"";"";"";"";"";"";"";"";"";"";"";"";"long tail";"0";"";""
"3 rodar no Planner";"Cabelo";"queda de cabelo por menopausa precoce";"";"";"";"";"";"";"";"";"sem dado em cabelo-arvore";"";"";"";"";"";"";"";"";"";"";"";"";"";"";"long tail";"0";"";""
"3 rodar no Planner";"Cabelo";"queda de cabelo por reposição hormonal";"";"";"";"";"";"sim";"";"";"sem dado em cabelo-arvore";"";"";"";"";"";"";"";"";"";"";"";"";"";"";"long tail";"0";"";""
"3 rodar no Planner";"Cabelo";"queda de cabelo por anabolizantes";"";"";"";"";"";"";"";"";"sem dado em cabelo-arvore";"";"";"";"";"";"";"";"";"";"";"";"";"";"";"long tail";"0";"";""
"3 rodar no Planner";"Cabelo";"queda de cabelo por insônia";"";"";"";"";"";"";"";"";"sem dado em cabelo-arvore";"";"";"";"";"";"";"";"";"";"";"";"";"";"";"long tail";"0";"";""
"3 rodar no Planner";"Cabelo";"queda de cabelo por fumo";"";"";"";"";"";"";"";"";"sem dado em cabelo-arvore";"";"";"";"";"";"";"";"";"";"";"";"";"";"";"long tail";"0";"";""
"3 rodar no Planner";"Cabelo";"queda de cabelo por álcool";"";"";"";"";"";"";"";"";"sem dado em cabelo-arvore";"";"";"";"";"";"";"";"";"";"";"";"";"";"";"long tail";"0";"";""
"3 rodar no Planner";"Cabelo";"queda de cabelo masculina o que fazer";"";"";"";"";"";"";"";"";"sem dado em cabelo-arvore";"";"";"";"";"";"";"";"";"";"";"";"";"";"";"long tail";"0";"";""
"3 rodar no Planner";"Cabelo";"tratamento para queda de cabelo hereditária";"";"";"";"";"";"";"";"";"sem dado em cabelo-arvore";"";"";"";"";"";"";"";"";"";"";"";"";"";"";"long tail";"0";"";""
"3 rodar no Planner";"Cabelo";"queda de cabelo pós parto o que fazer";"";"";"";"";"";"";"";"";"sem dado em cabelo-arvore";"";"";"";"";"";"";"";"";"";"";"";"";"";"";"long tail";"0";"";""
"3 rodar no Planner";"Cabelo";"tratamento para queda de cabelo na menopausa";"";"";"";"";"";"";"";"";"sem dado em cabelo-arvore";"";"";"";"";"";"";"";"";"";"";"";"";"";"";"long tail";"0";"";""
"3 rodar no Planner";"Cabelo";"tratamento para queda de cabelo repentina";"";"";"";"";"";"";"";"";"sem dado em cabelo-arvore";"";"";"";"";"";"";"";"";"";"";"";"";"";"";"long tail";"0";"";""
"3 rodar no Planner";"Cabelo";"queda de cabelo repentina o que fazer";"";"";"";"";"";"";"";"";"sem dado em cabelo-arvore";"";"";"";"";"";"";"";"";"";"";"";"";"";"";"long tail";"0";"";""
"3 rodar no Planner";"Cabelo";"tratamento para queda de cabelo em jovens";"";"";"";"";"";"";"";"";"sem dado em cabelo-arvore";"";"";"";"";"";"";"";"";"";"";"";"";"";"";"long tail";"0";"";""
"3 rodar no Planner";"Cabelo";"tratamento para queda de cabelo depois dos 40";"";"";"";"";"";"";"";"";"sem dado em cabelo-arvore";"";"";"";"";"";"";"";"";"";"";"";"";"";"";"long tail";"0";"";""
"3 rodar no Planner";"Cabelo";"queda de cabelo depois dos 40 o que fazer";"";"";"";"";"";"";"";"";"sem dado em cabelo-arvore";"";"";"";"";"";"";"";"";"";"";"";"";"";"";"long tail";"0";"";""
"3 rodar no Planner";"Cabelo";"tratamento para queda de cabelo depois dos 50";"";"";"";"";"";"";"";"";"sem dado em cabelo-arvore";"";"";"";"";"";"";"";"";"";"";"";"";"";"";"long tail";"0";"";""
"3 rodar no Planner";"Cabelo";"queda de cabelo em mulheres o que fazer";"";"";"";"";"";"";"";"";"sem dado em cabelo-arvore";"";"";"";"";"";"";"";"";"";"";"";"";"";"";"long tail";"0";"";""
"3 rodar no Planner";"Cabelo";"queda de cabelo em homens o que fazer";"";"";"";"";"";"";"";"";"sem dado em cabelo-arvore";"";"";"";"";"";"";"";"";"";"";"";"";"";"";"long tail";"0";"";""
"3 rodar no Planner";"Cabelo";"tratamento para queda de cabelo na adolescência";"";"";"";"";"";"";"";"";"sem dado em cabelo-arvore";"";"";"";"";"";"";"";"";"";"";"";"";"";"";"long tail";"0";"";""
"3 rodar no Planner";"Cabelo";"escovar o cabelo molhado";"";"";"";"";"";"";"";"";"sem dado em cabelo-arvore";"";"";"";"";"";"";"";"";"";"";"";"";"";"";"long tail";"0";"";""
"3 rodar no Planner";"Cabelo";"cabelo e sol proteção";"";"";"";"";"";"";"";"";"sem dado em cabelo-arvore";"";"";"";"";"";"";"";"";"";"";"";"";"";"";"long tail";"0";"";""
"3 rodar no Planner";"Cabelo";"cabelo na piscina cuidados";"";"";"";"";"";"";"";"";"sem dado em cabelo-arvore";"";"";"";"";"";"";"";"";"";"";"";"";"";"";"long tail";"0";"";""
"3 rodar no Planner";"Cabelo";"massagem no couro cabeludo funciona";"";"";"";"";"";"";"";"";"sem dado em cabelo-arvore";"";"";"";"";"";"";"";"";"";"";"";"";"";"";"long tail";"0";"";""
"3 rodar no Planner";"Cabelo";"cuidados com o cabelo depois dos 40";"";"";"";"";"";"";"";"";"sem dado em cabelo-arvore";"";"";"";"";"";"";"";"";"";"";"";"";"";"";"long tail";"0";"";""
"3 rodar no Planner";"Cabelo";"cuidados com o cabelo depois dos 50";"";"";"";"";"";"";"";"";"sem dado em cabelo-arvore";"";"";"";"";"";"";"";"";"";"";"";"";"";"";"long tail";"0";"";""
"3 rodar no Planner";"Cabelo";"cuidados com o cabelo na menopausa";"";"";"";"";"";"";"";"";"sem dado em cabelo-arvore";"";"";"";"";"";"";"";"";"";"";"";"";"";"";"long tail";"0";"";""
"3 rodar no Planner";"Cabelo";"ressecamento do cabelo causas";"";"";"";"";"";"";"";"";"sem dado em cabelo-arvore";"";"";"";"";"";"";"";"";"";"";"";"";"";"";"long tail";"0";"";""
"3 rodar no Planner";"Cabelo";"cabelo elástico causa";"";"";"";"";"";"";"";"";"sem dado em cabelo-arvore";"";"";"";"";"";"";"";"";"";"";"";"";"";"";"long tail";"0";"";""
"3 rodar no Planner";"Cabelo";"cabelo danificado sinais";"";"";"";"";"";"";"";"";"sem dado em cabelo-arvore";"";"";"";"";"";"";"";"";"";"";"";"";"";"";"long tail";"0";"";""
"3 rodar no Planner";"Cabelo";"cabelo sem brilho causas";"";"";"";"";"";"";"";"";"sem dado em cabelo-arvore";"";"";"";"";"";"";"";"";"";"";"";"";"";"";"long tail";"0";"";""
"3 rodar no Planner";"Cabelo";"cabelo ralo causas";"";"";"";"";"";"";"";"";"sem dado em cabelo-arvore";"";"";"";"";"";"";"";"";"";"";"";"";"";"";"long tail";"0";"";""
"3 rodar no Planner";"Cabelo";"cabelo cai muito ao pentear";"";"";"";"";"";"";"";"";"sem dado em cabelo-arvore";"";"";"";"";"";"";"";"";"";"";"";"";"";"";"long tail";"0";"";""
"3 rodar no Planner";"Cabelo";"cabelo caindo aos poucos";"";"";"";"";"";"";"";"";"sem dado em cabelo-arvore";"";"";"";"";"";"";"";"";"";"";"";"";"";"";"long tail";"0";"";""
"3 rodar no Planner";"Cabelo";"plasma rico em plaquetas para cabelo";"";"";"";"";"";"";"";"";"sem dado em cabelo-arvore";"";"";"";"";"";"";"";"";"";"";"";"";"";"";"long tail";"0";"";""
"3 rodar no Planner";"Cabelo";"fenogrego para cabelo";"";"";"";"";"";"";"";"";"sem dado em cabelo-arvore";"";"";"";"";"";"";"";"";"";"";"";"";"";"";"media (2 palavras)";"0";"";""
"3 rodar no Planner";"Cabelo";"vinagre de arroz para cabelo";"";"";"";"";"";"";"";"";"sem dado em cabelo-arvore";"";"";"";"";"";"";"";"";"";"";"";"";"";"";"long tail";"0";"";""
"3 rodar no Planner";"Cabelo";"tinta de cabelo e câncer";"";"";"";"";"";"sim";"";"";"sem dado em cabelo-arvore";"";"";"";"";"";"";"";"";"";"";"";"";"";"";"long tail";"0";"";""
"3 rodar no Planner";"Cabelo";"descoloração do cabelo danos";"";"";"";"";"";"";"";"";"sem dado em cabelo-arvore";"";"";"";"";"";"";"";"";"";"";"";"";"";"";"long tail";"0";"";""
"3 rodar no Planner";"Saúde geral";"tinta sem amônia faz mal";"";"";"";"";"";"";"";"";"sem dado em cabelo-arvore";"";"";"";"";"";"";"";"";"";"";"";"";"";"";"long tail";"0";"";""
"3 rodar no Planner";"Cabelo";"tinta de cabelo na amamentação";"";"";"";"";"";"";"";"";"sem dado em cabelo-arvore";"";"";"";"";"";"";"";"";"";"";"";"";"";"";"long tail";"0";"";""
"3 rodar no Planner";"Cabelo";"dermatite por tinta de cabelo";"";"";"";"";"";"";"";"";"sem dado em cabelo-arvore";"";"";"";"";"";"";"";"";"";"";"";"";"";"";"long tail";"0";"";""
"3 rodar no Planner";"Cabelo";"tinta de cabelo com ppd";"";"";"";"";"";"";"";"";"sem dado em cabelo-arvore";"";"";"";"";"";"";"";"";"";"";"";"";"";"";"long tail";"0";"";""
"3 rodar no Planner";"Saúde geral";"como diminuir danos da tinta";"";"";"";"";"";"";"";"";"sem dado em cabelo-arvore";"";"";"";"";"";"";"";"";"";"";"";"";"";"";"long tail";"0";"";""
"3 rodar no Planner";"Cabelo";"pintar cabelo grisalho aos 40";"";"";"";"";"";"";"";"";"sem dado em cabelo-arvore";"";"";"";"";"";"";"";"";"";"";"";"";"";"";"long tail";"0";"";""
"3 rodar no Planner";"Cabelo";"por que o cabelo fica grisalho";"";"";"";"";"";"";"";"";"sem dado em cabelo-arvore";"";"";"";"";"";"";"";"";"";"";"";"";"";"";"long tail";"0";"";""
"3 rodar no Planner";"Cabelo";"grisalho precoce causas";"";"";"";"";"";"";"";"";"sem dado em cabelo-arvore";"";"";"";"";"";"";"";"";"";"";"";"";"";"";"long tail";"0";"";""
"3 rodar no Planner";"Cabelo";"cabelo branco reverte";"";"";"";"";"";"";"";"";"sem dado em cabelo-arvore";"";"";"";"";"";"";"";"";"";"";"";"";"";"";"long tail";"0";"";""
"3 rodar no Planner";"Cabelo";"hormônios e cabelo";"";"";"";"";"";"";"";"";"sem dado em cabelo-arvore";"";"";"";"";"";"";"";"";"";"";"";"";"";"";"media (2 palavras)";"0";"";""
"3 rodar no Planner";"Cabelo";"cabelo e genética";"";"";"";"";"";"";"";"";"sem dado em cabelo-arvore";"";"";"";"";"";"";"";"";"";"";"";"";"";"";"media (2 palavras)";"0";"";""
"3 rodar no Planner";"Cabelo";"cabelo e idade";"";"";"";"";"";"";"";"";"sem dado em cabelo-arvore";"";"";"";"";"";"";"";"";"";"";"";"";"";"";"media (2 palavras)";"0";"";""
"3 rodar no Planner";"Cabelo";"exercício e cabelo";"";"";"";"";"";"";"";"";"sem dado em cabelo-arvore";"";"";"";"";"";"";"";"";"";"";"";"";"";"";"media (2 palavras)";"0";"";""
"3 rodar no Planner";"Cabelo";"água e cabelo";"";"";"";"";"";"";"";"";"sem dado em cabelo-arvore";"";"";"";"";"";"";"";"";"";"";"";"";"";"";"media (2 palavras)";"0";"";""
"3 rodar no Planner";"Cabelo";"tireoide e cabelo";"";"";"";"";"";"";"";"";"sem dado em cabelo-arvore";"";"";"";"";"";"";"";"";"";"";"";"";"";"";"media (2 palavras)";"0";"";""
"3 rodar no Planner";"Cabelo";"diabetes e cabelo";"";"";"";"";"";"sim";"";"";"sem dado em cabelo-arvore";"";"";"";"";"";"";"";"";"";"";"";"";"";"";"media (2 palavras)";"0";"";""
"3 rodar no Planner";"Pele";"dermatite seborreica causas";"";"";"";"";"";"";"";"";"sem dado em cabelo-arvore";"";"";"";"";"";"";"";"";"";"";"";"";"";"";"long tail";"0";"";""
"3 rodar no Planner";"Cabelo";"psoríase no couro cabeludo tratamento";"";"";"";"";"";"";"";"";"sem dado em cabelo-arvore";"";"";"";"";"";"";"";"";"";"";"";"";"";"";"long tail";"0";"";""
"3 rodar no Planner";"Cabelo";"psoríase no couro cabeludo sintomas";"";"";"";"";"";"";"";"";"sem dado em cabelo-arvore";"";"";"";"";"";"";"";"";"";"";"";"";"";"";"long tail";"0";"";""
"3 rodar no Planner";"Cabelo";"micose no couro cabeludo sintomas";"";"";"";"";"";"";"";"";"sem dado em cabelo-arvore";"";"";"";"";"";"";"";"";"";"";"";"";"";"";"long tail";"0";"";""
"3 rodar no Planner";"Saúde geral";"líquen plano pilar";"";"";"";"";"";"";"";"";"sem dado em cabelo-arvore";"";"";"";"";"";"";"";"";"";"";"";"";"";"";"long tail";"0";"";""
"3 rodar no Planner";"Cabelo";"couro cabeludo com caspa e queda";"";"";"";"";"";"";"";"";"sem dado em cabelo-arvore";"";"";"";"";"";"";"";"";"";"";"";"";"";"";"long tail";"0";"";""
"3 rodar no Planner";"Cabelo";"couro cabeludo com crostas amareladas";"";"";"";"";"";"";"";"";"sem dado em cabelo-arvore";"";"";"";"";"";"";"";"";"";"";"";"";"";"";"long tail";"0";"";""
"3 rodar no Planner";"Cabelo";"couro cabeludo vermelho causas";"";"";"";"";"";"";"";"";"sem dado em cabelo-arvore";"";"";"";"";"";"";"";"";"";"";"";"";"";"";"long tail";"0";"";""
"3 rodar no Planner";"Cabelo";"dor de cabeça e couro cabeludo";"";"";"";"";"";"";"";"";"sem dado em cabelo-arvore";"";"";"";"";"";"";"";"";"";"";"";"";"";"";"long tail";"0";"";""
"3 rodar no Planner";"Cabelo";"alergia de couro cabeludo";"";"";"";"";"";"";"";"";"sem dado em cabelo-arvore";"";"";"";"";"";"";"";"";"";"";"";"";"";"";"long tail";"0";"";""
"3 rodar no Planner";"Cabelo";"alopecia androgenética";"";"";"";"";"";"";"";"";"sem dado em cabelo-arvore";"";"";"";"";"";"";"";"";"";"";"";"";"";"";"media (2 palavras)";"0";"";""
"3 rodar no Planner";"Cabelo";"alopecia androgenética feminina";"";"";"";"";"";"";"";"";"sem dado em cabelo-arvore";"";"";"";"";"";"";"";"";"";"";"";"";"";"";"long tail";"0";"";""
"3 rodar no Planner";"Cabelo";"alopecia androgenética masculina";"";"";"";"";"";"";"";"";"sem dado em cabelo-arvore";"";"";"";"";"";"";"";"";"";"";"";"";"";"";"long tail";"0";"";""
"3 rodar no Planner";"Cabelo";"alopecia areata sintomas";"";"";"";"";"";"";"";"";"sem dado em cabelo-arvore";"";"";"";"";"";"";"";"";"";"";"";"";"";"";"long tail";"0";"";""
"3 rodar no Planner";"Cabelo";"alopecia cicatricial";"";"";"";"";"";"";"";"";"sem dado em cabelo-arvore";"";"";"";"";"";"";"";"";"";"";"";"";"";"";"media (2 palavras)";"0";"";""
"3 rodar no Planner";"Cabelo";"alopecia feminina causas";"";"";"";"";"";"";"";"";"sem dado em cabelo-arvore";"";"";"";"";"";"";"";"";"";"";"";"";"";"";"long tail";"0";"";""
"3 rodar no Planner";"Cabelo";"alopecia feminina tratamento";"";"";"";"";"";"";"";"";"sem dado em cabelo-arvore";"";"";"";"";"";"";"";"";"";"";"";"";"";"";"long tail";"0";"";""
"3 rodar no Planner";"Cabelo";"calvície feminina";"";"";"";"";"";"";"";"";"sem dado em cabelo-arvore";"";"";"";"";"";"";"";"";"";"";"";"";"";"";"media (2 palavras)";"2";"520";"tratamento calvície feminina (260) | calvície feminina frontal (260)"
"3 rodar no Planner";"Cabelo";"entradas no cabelo causas";"";"";"";"";"";"";"";"";"sem dado em cabelo-arvore";"";"";"";"";"";"";"";"";"";"";"";"";"";"";"long tail";"0";"";""
"3 rodar no Planner";"Saúde geral";"coroa rala";"";"";"";"";"";"";"";"";"sem dado em cabelo-arvore";"";"";"";"";"";"";"";"";"";"";"";"";"";"";"media (2 palavras)";"0";"";""
"3 rodar no Planner";"Cabelo";"transplante capilar quanto tempo";"";"";"";"";"";"";"";"";"sem dado em cabelo-arvore";"";"";"";"";"";"";"";"";"";"";"";"";"";"";"long tail";"0";"";""
"3 rodar no Planner";"Saúde geral";"minoxidil oral quem pode usar";"";"";"";"";"";"sim";"";"";"sem dado em cabelo-arvore";"";"";"";"";"";"";"";"";"";"";"";"";"";"";"long tail";"0";"";""
"3 rodar no Planner";"Idosos e longevidade";"minoxidil causa queda inicial";"";"";"";"";"";"sim";"";"";"sem dado em cabelo-arvore";"";"";"";"";"";"";"";"";"";"";"";"";"";"";"long tail";"0";"";""
"3 rodar no Planner";"Coração e colesterol";"minoxidil e pressão";"";"";"";"";"";"sim";"";"";"sem dado em cabelo-arvore";"";"";"";"";"";"";"";"";"";"";"";"";"";"";"media (2 palavras)";"0";"";""
"3 rodar no Planner";"Coração e colesterol";"minoxidil e coração";"";"";"";"";"";"sim";"";"";"sem dado em cabelo-arvore";"";"";"";"";"";"";"";"";"";"";"";"";"";"";"media (2 palavras)";"0";"";""
"3 rodar no Planner";"Saúde geral";"minoxidil crescimento de pelos no rosto";"";"";"";"";"";"sim";"";"";"sem dado em cabelo-arvore";"";"";"";"";"";"";"";"";"";"";"";"";"";"";"long tail";"0";"";""
"3 rodar no Planner";"Saúde geral";"minoxidil e álcool";"";"";"";"";"";"sim";"";"";"sem dado em cabelo-arvore";"";"";"";"";"";"";"";"";"";"";"";"";"";"";"media (2 palavras)";"1";"720";"minoxidil sem álcool (720)"
"3 rodar no Planner";"Pele";"ceramidas da pele";"";"";"";"";"";"";"";"";"sem dado em pele";"";"";"";"";"";"";"";"";"";"";"";"";"";"";"media (2 palavras)";"0";"";""
"3 rodar no Planner";"Pele";"peptídeos antimicrobianos da pele";"";"";"";"";"";"";"";"";"sem dado em pele";"";"";"";"";"";"";"";"";"";"";"";"";"";"";"long tail";"0";"";""
"3 rodar no Planner";"Saúde geral";"composição do sebo";"";"";"";"";"";"";"";"";"sem dado em pele";"";"";"";"";"";"";"";"";"";"";"";"";"";"";"media (2 palavras)";"0";"";""
"3 rodar no Planner";"Pele";"microcirculação da pele";"";"";"";"";"";"";"";"";"sem dado em pele";"";"";"";"";"";"";"";"";"";"";"";"";"";"";"media (2 palavras)";"0";"";""
"3 rodar no Planner";"Pele";"mastócitos na pele";"";"";"";"";"";"";"";"";"sem dado em pele";"";"";"";"";"";"";"";"";"";"";"";"";"";"";"media (2 palavras)";"0";"";""
"3 rodar no Planner";"Pele";"sistema imunológico da pele";"";"";"";"";"";"";"";"";"sem dado em pele";"";"";"";"";"";"";"";"";"";"";"";"";"";"";"long tail";"0";"";""
"3 rodar no Planner";"Pele";"receptores de estrogênio na pele";"";"";"";"";"";"";"";"";"sem dado em pele";"";"";"";"";"";"";"";"";"";"";"";"";"";"";"long tail";"0";"";""
"3 rodar no Planner";"Pele";"andrógenos e pele";"";"";"";"";"";"";"";"";"sem dado em pele";"";"";"";"";"";"";"";"";"";"";"";"";"";"";"media (2 palavras)";"0";"";""
"3 rodar no Planner";"Pele";"cortisol e pele";"";"";"";"";"";"";"";"";"sem dado em pele";"";"";"";"";"";"";"";"";"";"";"";"";"";"";"media (2 palavras)";"0";"";""
"3 rodar no Planner";"Pele";"ages na pele";"";"";"";"";"";"";"";"";"sem dado em pele";"";"";"";"";"";"";"";"";"";"";"";"";"";"";"media (2 palavras)";"0";"";""
"3 rodar no Planner";"Pele";"sebo e acne";"";"";"";"";"";"";"";"";"sem dado em pele";"";"";"";"";"";"";"";"";"";"";"";"";"";"";"media (2 palavras)";"0";"";""
"3 rodar no Planner";"Pele";"pele e hormônios";"";"";"";"";"";"";"";"";"sem dado em pele";"";"";"";"";"";"";"";"";"";"";"";"";"";"";"media (2 palavras)";"0";"";""
"3 rodar no Planner";"Pele";"septos fibrosos da pele";"";"";"";"";"";"";"";"";"sem dado em pele";"";"";"";"";"";"";"";"";"";"";"";"";"";"";"long tail";"0";"";""
"3 rodar no Planner";"Saúde geral";"adipócitos da hipoderme";"";"";"";"";"";"";"";"";"sem dado em pele";"";"";"";"";"";"";"";"";"";"";"";"";"";"";"media (2 palavras)";"0";"";""
"3 rodar no Planner";"Pele";"pele seca com a idade";"";"";"";"";"";"";"";"";"sem dado em pele";"";"";"";"";"";"";"";"";"";"";"";"";"";"";"long tail";"0";"";""
"3 rodar no Planner";"Pele";"pele desidratada por ácidos";"";"";"";"";"";"";"";"";"sem dado em pele";"";"";"";"";"";"";"";"";"";"";"";"";"";"";"long tail";"0";"";""
"3 rodar no Planner";"Pele";"pele pós procedimento";"";"";"";"";"";"";"";"";"sem dado em pele";"";"";"";"";"";"";"";"";"";"";"";"";"";"";"long tail";"0";"";""
"3 rodar no Planner";"Pele";"pele depois dos 50";"";"";"";"";"";"";"";"";"sem dado em pele";"";"";"";"";"";"";"";"";"";"";"";"";"";"";"long tail";"0";"";""
"3 rodar no Planner";"Pele";"pele com cravos fechados";"";"";"";"";"";"";"";"";"sem dado em pele";"";"";"";"";"";"";"";"";"";"";"";"";"";"";"long tail";"0";"";""
"3 rodar no Planner";"Pele";"pele com acne inflamatória";"";"";"";"";"";"";"";"";"sem dado em pele";"";"";"";"";"";"";"";"";"";"";"";"";"";"";"long tail";"0";"";""
"3 rodar no Planner";"Pele";"pele de quem treina";"";"";"";"";"";"";"";"";"sem dado em pele";"";"";"";"";"";"";"";"";"";"";"";"";"";"";"long tail";"0";"";""
"3 rodar no Planner";"Pele";"pele de quem trabalha à noite";"";"";"";"";"";"";"";"";"sem dado em pele";"";"";"";"";"";"";"";"";"";"";"";"";"";"";"long tail";"0";"";""
"3 rodar no Planner";"Pele";"pele e poluição";"";"";"";"";"";"";"";"";"sem dado em pele";"";"";"";"";"";"";"";"";"";"";"";"";"";"";"media (2 palavras)";"0";"";""
"3 rodar no Planner";"Pele";"pele com ar seco";"";"";"";"";"";"";"";"";"sem dado em pele";"";"";"";"";"";"";"";"";"";"";"";"";"";"";"long tail";"0";"";""
"3 rodar no Planner";"Pele";"pele alérgica a fragrância";"";"";"";"";"";"";"";"";"sem dado em pele";"";"";"";"";"";"";"";"";"";"";"";"";"";"";"long tail";"0";"";""
"3 rodar no Planner";"Pele";"pele alérgica a protetor solar";"";"";"";"";"";"";"";"";"sem dado em pele";"";"";"";"";"";"";"";"";"";"";"";"";"";"";"long tail";"0";"";""
"3 rodar no Planner";"Pele";"pele inchada ao acordar";"";"";"";"";"";"";"";"";"sem dado em pele";"";"";"";"";"";"";"";"";"";"";"";"";"";"";"long tail";"0";"";""
"3 rodar no Planner";"Pele";"pele alérgica ao frio";"";"";"";"";"";"";"";"";"sem dado em pele";"";"";"";"";"";"";"";"";"";"";"";"";"";"";"long tail";"0";"";""
"3 rodar no Planner";"Pele";"acne comedônica";"";"";"";"";"";"";"";"";"sem dado em pele";"";"";"";"";"";"";"";"";"";"";"";"";"";"";"media (2 palavras)";"0";"";""
"3 rodar no Planner";"Pele";"acne inflamatória";"";"";"";"";"";"";"";"";"sem dado em pele";"";"";"";"";"";"";"";"";"";"";"";"";"";"";"media (2 palavras)";"0";"";""
"3 rodar no Planner";"Pele";"acne cística";"";"";"";"";"";"";"";"";"sem dado em pele";"";"";"";"";"";"";"";"";"";"";"";"";"";"";"media (2 palavras)";"0";"";""
"3 rodar no Planner";"Pele";"acne conglobata";"";"";"";"";"";"";"";"";"sem dado em pele";"";"";"";"";"";"";"";"";"";"";"";"";"";"";"media (2 palavras)";"0";"";""
"3 rodar no Planner";"Pele";"acne hormonal adulta";"";"";"";"";"";"";"";"";"sem dado em pele";"";"";"";"";"";"";"";"";"";"";"";"";"";"";"long tail";"0";"";""
"3 rodar no Planner";"Pele";"acne e síndrome dos ovários policísticos";"";"";"";"";"";"";"";"";"sem dado em pele";"";"";"";"";"";"";"";"";"";"";"";"";"";"";"long tail";"0";"";""
"3 rodar no Planner";"Pele";"acne fúngica";"";"";"";"";"";"";"";"";"sem dado em pele";"";"";"";"";"";"";"";"";"";"";"";"";"";"";"media (2 palavras)";"0";"";""
"3 rodar no Planner";"Pele";"acne cosmética";"";"";"";"";"";"";"";"";"sem dado em pele";"";"";"";"";"";"";"";"";"";"";"";"";"";"";"media (2 palavras)";"0";"";""
"3 rodar no Planner";"Pele";"acne por medicamento";"";"";"";"";"";"";"";"";"sem dado em pele";"";"";"";"";"";"";"";"";"";"";"";"";"";"";"long tail";"0";"";""
"3 rodar no Planner";"Pele";"rosácea ocular";"";"";"";"";"";"";"";"";"sem dado em pele";"";"";"";"";"";"";"";"";"";"";"";"";"";"";"media (2 palavras)";"0";"";""
"3 rodar no Planner";"Pele";"dermatite atópica";"";"";"";"";"";"";"";"";"sem dado em pele";"";"";"";"";"";"";"";"";"";"";"";"";"";"";"media (2 palavras)";"0";"";""
"3 rodar no Planner";"Pele";"dermatite atópica em adultos";"";"";"";"";"";"";"";"";"sem dado em pele";"";"";"";"";"";"";"";"";"";"";"";"";"";"";"long tail";"0";"";""
"3 rodar no Planner";"Pele";"dermatite seborreica";"";"";"";"";"";"";"";"";"sem dado em pele";"";"";"";"";"";"";"";"";"";"";"";"";"";"";"media (2 palavras)";"3";"22280";"shampoo para dermatite seborreica (14800) | dermatite seborreica tratamento (6600) | dermatite seborreica no couro cabeludo (880)"
"3 rodar no Planner";"Pele";"dermatite seborreica no rosto";"";"";"";"";"";"";"";"";"sem dado em pele";"";"";"";"";"";"";"";"";"";"";"";"";"";"";"long tail";"0";"";""
"3 rodar no Planner";"Saúde geral";"psoríase gutata";"";"";"";"";"";"";"";"";"sem dado em pele";"";"";"";"";"";"";"";"";"";"";"";"";"";"";"media (2 palavras)";"0";"";""
"3 rodar no Planner";"Saúde geral";"vitiligo";"";"";"";"";"";"";"";"";"sem dado em pele";"";"";"";"";"";"";"";"";"";"";"";"";"";"";"cabeca";"0";"";""
"3 rodar no Planner";"Pele";"micose de pele";"";"";"";"";"";"";"";"";"sem dado em pele";"";"";"";"";"";"";"";"";"";"";"";"";"";"";"media (2 palavras)";"0";"";""
"3 rodar no Planner";"Saúde geral";"herpes labial";"";"";"";"";"";"sim";"";"";"sem dado em pele";"";"";"";"";"";"";"";"";"";"";"";"";"";"";"media (2 palavras)";"0";"";""
"3 rodar no Planner";"Saúde geral";"herpes zoster";"";"";"";"";"";"sim";"";"";"sem dado em pele";"";"";"";"";"";"";"";"";"";"";"";"";"";"";"media (2 palavras)";"0";"";""
"3 rodar no Planner";"Saúde geral";"carcinoma basocelular";"";"";"";"";"";"";"";"";"sem dado em pele";"";"";"";"";"";"";"";"";"";"";"";"";"";"";"media (2 palavras)";"0";"";""
"3 rodar no Planner";"Saúde geral";"eczema";"";"";"";"";"";"";"";"";"sem dado em pele";"";"";"";"";"";"";"";"";"";"";"";"";"";"";"cabeca";"1";"390";"eczema no couro cabeludo (390)"
"3 rodar no Planner";"Pele";"cicatriz de acne";"";"";"";"";"";"";"";"";"sem dado em pele";"";"";"";"";"";"";"";"";"";"";"";"";"";"";"media (2 palavras)";"0";"";""
"3 rodar no Planner";"Saúde geral";"código de barras no lábio";"";"";"";"";"";"";"";"";"sem dado em pele";"";"";"";"";"";"";"";"";"";"";"";"";"";"";"long tail";"0";"";""
"3 rodar no Planner";"Saúde geral";"como misturar ácidos";"";"";"";"";"";"";"";"";"sem dado em pele";"";"";"";"";"";"";"";"";"";"";"";"";"";"";"long tail";"0";"";""
"3 rodar no Planner";"Pele";"skincare à noite";"";"";"";"";"";"";"";"";"sem dado em pele";"";"";"";"";"";"";"";"";"";"";"";"";"";"";"media (2 palavras)";"0";"";""
"3 rodar no Planner";"Saúde geral";"guardar cosméticos na geladeira";"";"";"";"";"";"";"";"";"sem dado em pele";"";"";"";"";"";"";"";"";"";"";"";"";"";"";"long tail";"0";"";""
"3 rodar no Planner";"Saúde geral";"botox preventivo";"";"";"";"";"";"";"";"";"sem dado em pele";"";"";"";"";"";"";"";"";"";"";"";"";"";"";"media (2 palavras)";"0";"";""
"3 rodar no Planner";"Saúde geral";"preenchimento facial";"";"";"";"";"";"";"";"";"sem dado em pele";"";"";"";"";"";"";"";"";"";"";"";"";"";"";"media (2 palavras)";"0";"";""
"3 rodar no Planner";"Saúde geral";"lipo de papada";"";"";"";"";"";"";"";"";"sem dado em pele";"";"";"";"";"";"";"";"";"";"";"";"";"";"";"media (2 palavras)";"0";"";""
"3 rodar no Planner";"Saúde geral";"bichectomia";"";"";"";"";"";"";"";"";"sem dado em pele";"";"";"";"";"";"";"";"";"";"";"";"";"";"";"cabeca";"0";"";""
"3 rodar no Planner";"Pele";"açúcar e pele";"";"";"";"";"";"";"";"";"sem dado em pele";"";"";"";"";"";"";"";"";"";"";"";"";"";"";"media (2 palavras)";"0";"";""
"3 rodar no Planner";"Pele";"dieta e acne";"";"";"";"";"";"";"";"";"sem dado em pele";"";"";"";"";"";"";"";"";"";"";"";"";"";"";"media (2 palavras)";"0";"";""
"3 rodar no Planner";"Pele";"estresse e acne";"";"";"";"";"";"";"";"";"sem dado em pele";"";"";"";"";"";"";"";"";"";"";"";"";"";"";"media (2 palavras)";"0";"";""
"3 rodar no Planner";"Pele";"cigarro e pele";"";"";"";"";"";"";"";"";"sem dado em pele";"";"";"";"";"";"";"";"";"";"";"";"";"";"";"media (2 palavras)";"0";"";""
"3 rodar no Planner";"Pele";"álcool e pele";"";"";"";"";"";"";"";"";"sem dado em pele";"";"";"";"";"";"";"";"";"";"";"";"";"";"";"media (2 palavras)";"0";"";""
"3 rodar no Planner";"Pele";"dieta de baixo índice glicêmico e acne";"";"";"";"";"";"";"";"";"sem dado em pele";"";"";"";"";"";"";"";"";"";"";"";"";"";"";"long tail";"0";"";""
"3 rodar no Planner";"Pele";"leite e acne";"";"";"";"";"";"";"";"";"sem dado em pele";"";"";"";"";"";"";"";"";"";"";"";"";"";"";"media (2 palavras)";"0";"";""
"3 rodar no Planner";"Pele";"ômega 3 e pele";"";"";"";"";"";"";"";"";"sem dado em pele";"";"";"";"";"";"";"";"";"";"";"";"";"";"";"long tail";"0";"";""
"3 rodar no Planner";"Pele";"zinco para acne";"";"";"";"";"";"";"";"";"sem dado em pele";"";"";"";"";"";"";"";"";"";"";"";"";"";"";"media (2 palavras)";"0";"";""
"3 rodar no Planner";"Alimentação e peso";"vitamina de psoríase";"";"";"";"";"";"";"";"";"sem dado em pele";"";"";"";"";"";"";"";"";"";"";"";"";"";"";"media (2 palavras)";"0";"";""
"3 rodar no Planner";"Pele";"exercício e pele";"";"";"";"";"";"";"";"";"sem dado em pele";"";"";"";"";"";"";"";"";"";"";"";"";"";"";"media (2 palavras)";"0";"";""
"3 rodar no Planner";"Músculos e movimento";"lavar o rosto depois do treino";"";"";"";"";"";"";"";"";"sem dado em pele";"";"";"";"";"";"";"";"";"";"";"";"";"";"";"long tail";"0";"";""
"3 rodar no Planner";"Pele";"ar condicionado e pele";"";"";"";"";"";"";"";"";"sem dado em pele";"";"";"";"";"";"";"";"";"";"";"";"";"";"";"long tail";"0";"";""
"3 rodar no Planner";"Pele";"banho quente e pele";"";"";"";"";"";"";"";"";"sem dado em pele";"";"";"";"";"";"";"";"";"";"";"";"";"";"";"long tail";"0";"";""
"3 rodar no Planner";"Pele";"sauna e pele";"";"";"";"";"";"";"";"";"sem dado em pele";"";"";"";"";"";"";"";"";"";"";"";"";"";"";"media (2 palavras)";"0";"";""
"3 rodar no Planner";"Mente e memória";"ansiedade e psoríase";"";"";"";"";"";"";"";"";"sem dado em pele";"";"";"";"";"";"";"";"";"";"";"";"";"";"";"media (2 palavras)";"0";"";""
"3 rodar no Planner";"Pele";"jejum intermitente e pele";"";"";"";"";"";"";"";"";"sem dado em pele";"";"";"";"";"";"";"";"";"";"";"";"";"";"";"long tail";"0";"";""
"3 rodar no Planner";"Pele";"chá verde e pele";"";"";"";"";"";"";"";"";"sem dado em pele";"";"";"";"";"";"";"";"";"";"";"";"";"";"";"long tail";"0";"";""
"3 rodar no Planner";"Pele";"deficiência de ferro e pele";"";"";"";"";"";"";"";"";"sem dado em pele";"";"";"";"";"";"";"";"";"";"";"";"";"";"";"long tail";"0";"";""
"3 rodar no Planner";"Pele";"vasinhos e genética";"";"";"";"";"";"";"";"";"sem dado em pele";"";"";"";"";"";"";"";"";"";"";"";"";"";"";"media (2 palavras)";"0";"";""
"3 rodar no Planner";"Pele";"mindfulness e acne";"";"";"";"";"";"";"";"";"sem dado em pele";"";"";"";"";"";"";"";"";"";"";"";"";"";"";"media (2 palavras)";"0";"";""
"3 rodar no Planner";"Pele";"alimentos que causam acne";"";"";"";"";"";"";"";"";"sem dado em pele";"";"";"";"";"";"";"";"";"";"";"";"";"";"";"long tail";"0";"";""
"3 rodar no Planner";"Pele";"luz visível e pele";"";"";"";"";"";"";"";"";"sem dado em pele";"";"";"";"";"";"";"";"";"";"";"";"";"";"";"long tail";"0";"";""
"3 rodar no Planner";"Pele";"infravermelho e pele";"";"";"";"";"";"";"";"";"sem dado em pele";"";"";"";"";"";"";"";"";"";"";"";"";"";"";"media (2 palavras)";"0";"";""
"3 rodar no Planner";"Saúde geral";"selo uva";"";"";"";"";"";"";"";"";"sem dado em pele";"";"";"";"";"";"";"";"";"";"";"";"";"";"";"media (2 palavras)";"0";"";""
"3 rodar no Planner";"Saúde geral";"regra dos dois dedos";"";"";"";"";"";"";"";"";"sem dado em pele";"";"";"";"";"";"";"";"";"";"";"";"";"";"";"long tail";"0";"";""
"3 rodar no Planner";"Pele";"medicamento que dá mancha no sol";"";"";"";"";"";"";"";"";"sem dado em pele";"";"";"";"";"";"";"";"";"";"";"";"";"";"";"long tail";"0";"";""
"3 rodar no Planner";"Saúde geral";"chapéu e óculos com proteção uv";"";"";"";"";"";"";"";"";"sem dado em pele";"";"";"";"";"";"";"";"";"";"";"";"";"";"";"long tail";"0";"";""
"3 rodar no Planner";"Saúde geral";"guarda sol protege";"";"";"";"";"";"";"";"";"sem dado em pele";"";"";"";"";"";"";"";"";"";"";"";"";"";"";"long tail";"0";"";""
"3 rodar no Planner";"Saúde geral";"rebote do sol";"";"";"";"";"";"";"";"";"sem dado em pele";"";"";"";"";"";"";"";"";"";"";"";"";"";"";"media (2 palavras)";"0";"";""
"3 rodar no Planner";"Visão e audição";"cafeína nos olhos";"";"";"";"";"";"";"";"";"sem dado em pele";"";"";"";"";"";"";"";"";"";"";"";"";"";"";"long tail";"0";"";""
"3 rodar no Planner";"Pele";"acne neonatal";"";"";"";"";"";"";"";"";"sem dado em pele";"";"";"";"";"";"";"";"";"";"";"";"";"";"";"media (2 palavras)";"0";"";""
"3 rodar no Planner";"Pele";"acne na adolescência";"";"";"";"";"";"";"";"";"sem dado em pele";"";"";"";"";"";"";"";"";"";"";"";"";"";"";"media (2 palavras)";"0";"";""
"3 rodar no Planner";"Pele";"skincare na amamentação";"";"";"";"";"";"";"";"";"sem dado em pele";"";"";"";"";"";"";"";"";"";"";"";"";"";"";"media (2 palavras)";"0";"";""
"3 rodar no Planner";"Pele";"pele depois de barbear";"";"";"";"";"";"";"";"";"sem dado em pele";"";"";"";"";"";"";"";"";"";"";"";"";"";"";"long tail";"0";"";""
"3 rodar no Planner";"Pele";"pele depois de depilação a laser";"";"";"";"";"";"";"";"";"sem dado em pele";"";"";"";"";"";"";"";"";"";"";"";"";"";"";"long tail";"0";"";""
"3 rodar no Planner";"Pele";"pele em tratamento oncológico";"";"";"";"";"";"";"";"";"sem dado em pele";"";"";"";"";"";"";"";"";"";"";"";"";"";"";"long tail";"0";"";""
"3 rodar no Planner";"Sono";"sono depois dos 40";"";"";"";"";"";"";"";"";"sem dado em sono";"";"";"";"";"";"";"";"";"";"";"";"";"";"";"long tail";"1";"720";"sono depois do almoço (720)"
"3 rodar no Planner";"Sono";"sono depois dos 50";"";"";"";"";"";"";"";"";"sem dado em sono";"";"";"";"";"";"";"";"";"";"";"";"";"";"";"long tail";"1";"720";"sono depois do almoço (720)"
"3 rodar no Planner";"Sono";"insônia crônica";"";"";"";"";"";"";"";"";"sem dado em sono";"";"";"";"";"";"";"";"";"";"";"";"";"";"";"media (2 palavras)";"0";"";""
"3 rodar no Planner";"Sono";"insônia e ansiedade";"";"";"";"";"";"";"";"";"sem dado em sono";"";"";"";"";"";"";"";"";"";"";"";"";"";"";"media (2 palavras)";"0";"";""
"3 rodar no Planner";"Sono";"insônia e estresse";"";"";"";"";"";"";"";"";"sem dado em sono";"";"";"";"";"";"";"";"";"";"";"";"";"";"";"media (2 palavras)";"0";"";""
"3 rodar no Planner";"Sono";"terapia para insônia";"";"";"";"";"";"";"";"";"sem dado em sono";"";"";"";"";"";"";"";"";"";"";"";"";"";"";"media (2 palavras)";"0";"";""
"3 rodar no Planner";"Sono";"ronco e pressão alta";"";"";"";"";"";"sim";"";"";"sem dado em sono";"";"";"";"";"";"";"";"";"";"";"";"";"";"";"long tail";"0";"";""
"3 rodar no Planner";"Sono";"apneia do sono sintomas";"";"";"";"";"";"";"";"";"sem dado em sono";"";"";"";"";"";"";"";"";"";"";"";"";"";"";"long tail";"0";"";""
"3 rodar no Planner";"Sono";"exame do sono";"";"";"";"";"";"";"";"";"sem dado em sono";"";"";"";"";"";"";"";"";"";"";"";"";"";"";"media (2 palavras)";"0";"";""
"3 rodar no Planner";"Boca e dentes";"boca seca ao acordar";"";"";"";"";"";"";"";"";"sem dado em sono";"";"";"";"";"";"";"";"";"";"";"";"";"";"";"long tail";"0";"";""
"3 rodar no Planner";"Sono";"sonolência excessiva";"";"";"";"";"";"";"";"";"sem dado em sono";"";"";"";"";"";"";"";"";"";"";"";"";"";"";"media (2 palavras)";"0";"";""
"3 rodar no Planner";"Sono";"cansaço mesmo dormindo";"";"";"";"";"";"";"";"";"sem dado em sono";"";"";"";"";"";"";"";"";"";"";"";"";"";"";"long tail";"0";"";""
"3 rodar no Planner";"Saúde geral";"síndrome das pernas inquietas";"";"";"";"";"";"";"";"";"sem dado em sono";"";"";"";"";"";"";"";"";"";"";"";"";"";"";"long tail";"0";"";""
"3 rodar no Planner";"Sono";"espasmos ao dormir";"";"";"";"";"";"";"";"";"sem dado em sono";"";"";"";"";"";"";"";"";"";"";"";"";"";"";"long tail";"0";"";""
"3 rodar no Planner";"Alimentação e peso";"jantar pesado";"";"";"";"";"";"";"";"";"sem dado em sono";"";"";"";"";"";"";"";"";"";"";"";"";"";"";"media (2 palavras)";"0";"";""
"3 rodar no Planner";"Saúde geral";"cansaço constante";"";"";"";"";"";"";"";"";"sem dado em sono";"";"";"";"";"";"";"";"";"";"";"";"";"";"";"media (2 palavras)";"0";"";""
"3 rodar no Planner";"Sono";"sono e pressão alta";"";"";"";"";"";"sim";"";"";"sem dado em sono";"";"";"";"";"";"";"";"";"";"";"";"";"";"";"long tail";"0";"";""
"3 rodar no Planner";"Sono";"sono e diabetes";"";"";"";"";"";"sim";"";"";"sem dado em sono";"";"";"";"";"";"";"";"";"";"";"";"";"";"";"media (2 palavras)";"0";"";""
"3 rodar no Planner";"Sono";"sono e peso";"";"";"";"";"";"";"";"";"sem dado em sono";"";"";"";"";"";"";"";"";"";"";"";"";"";"";"media (2 palavras)";"0";"";""
"3 rodar no Planner";"Sono";"sono e colesterol";"";"";"";"";"";"sim";"";"";"sem dado em sono";"";"";"";"";"";"";"";"";"";"";"";"";"";"";"media (2 palavras)";"0";"";""
"3 rodar no Planner";"Sono";"sono e tireoide";"";"";"";"";"";"";"";"";"sem dado em sono";"";"";"";"";"";"";"";"";"";"";"";"";"";"";"media (2 palavras)";"0";"";""
"3 rodar no Planner";"Sono";"sono na menopausa";"";"";"";"";"";"";"";"";"sem dado em sono";"";"";"";"";"";"";"";"";"";"";"";"";"";"";"media (2 palavras)";"0";"";""
"3 rodar no Planner";"Saúde geral";"ondas de calor à noite";"";"";"";"";"";"";"";"";"sem dado em sono";"";"";"";"";"";"";"";"";"";"";"";"";"";"";"long tail";"0";"";""
"3 rodar no Planner";"Sono";"por que mulheres dormem pior";"";"";"";"";"";"";"";"";"sem dado em sono";"";"";"";"";"";"";"";"";"";"";"";"";"";"";"long tail";"0";"";""
"3 rodar no Planner";"Próstata e vias urinárias";"próstata e levantar à noite";"";"";"";"";"";"sim";"";"";"sem dado em sono";"";"";"";"";"";"";"";"";"";"";"";"";"";"";"long tail";"0";"";""
"3 rodar no Planner";"Sono";"testosterona baixa e sono";"";"";"";"";"";"";"";"";"sem dado em sono";"";"";"";"";"";"";"";"";"";"";"";"";"";"";"long tail";"0";"";""
"3 rodar no Planner";"Sono";"apneia em homens";"";"";"";"";"";"";"";"";"sem dado em sono";"";"";"";"";"";"";"";"";"";"";"";"";"";"";"media (2 palavras)";"0";"";""
"3 rodar no Planner";"Saúde geral";"pensamentos acelerados ao deitar";"";"";"";"";"";"";"";"";"sem dado em sono";"";"";"";"";"";"";"";"";"";"";"";"";"";"";"long tail";"0";"";""
"3 rodar no Planner";"Sono";"burnout e sono";"";"";"";"";"";"";"";"";"sem dado em sono";"";"";"";"";"";"";"";"";"";"";"";"";"";"";"media (2 palavras)";"0";"";""
"3 rodar no Planner";"Sono";"idoso dormindo pouco";"";"";"";"";"";"";"";"";"sem dado em sono";"";"";"";"";"";"";"";"";"";"";"";"";"";"";"long tail";"0";"";""
"3 rodar no Planner";"Sono";"sono invertido no idoso";"";"";"";"";"";"";"";"";"sem dado em sono";"";"";"";"";"";"";"";"";"";"";"";"";"";"";"long tail";"0";"";""
"3 rodar no Planner";"Sono";"sono e demência";"";"";"";"";"";"";"";"";"sem dado em sono";"";"";"";"";"";"";"";"";"";"";"";"";"";"";"media (2 palavras)";"0";"";""
"3 rodar no Planner";"Idosos e longevidade";"levantar à noite e queda";"";"";"";"";"";"";"";"";"sem dado em sono";"";"";"";"";"";"";"";"";"";"";"";"";"";"";"long tail";"0";"";""
"3 rodar no Planner";"Sono";"dependência de remédio para dormir";"";"";"";"";"";"";"";"";"sem dado em sono";"";"";"";"";"";"";"";"";"";"";"";"";"";"";"long tail";"0";"";""
"3 rodar no Planner";"Sono";"quantas horas dormir depois dos 40";"";"";"";"";"";"";"";"";"sem dado em sono";"";"";"";"";"";"";"";"";"";"";"";"";"";"";"long tail";"0";"";""
"3 rodar no Planner";"Sono";"dormir de dia é ruim";"";"";"";"";"";"";"";"";"sem dado em sono";"";"";"";"";"";"";"";"";"";"";"";"";"";"";"long tail";"0";"";""
"3 rodar no Planner";"Saúde geral";"por que durmo mal";"";"";"";"";"";"";"";"";"sem dado em sono";"";"";"";"";"";"";"";"";"";"";"";"";"";"";"long tail";"0";"";""
"3 rodar no Planner";"Sono";"por que tenho sono o dia todo";"";"";"";"";"";"";"";"";"sem dado em sono";"";"";"";"";"";"";"";"";"";"";"";"";"";"";"long tail";"0";"";""
"3 rodar no Planner";"Sono";"dá para compensar o sono perdido";"";"";"";"";"";"";"";"";"sem dado em sono";"";"";"";"";"";"";"";"";"";"";"";"";"";"";"long tail";"0";"";""
"3 rodar no Planner";"Saúde geral";"acordar várias vezes à noite";"";"";"";"";"";"";"";"";"sem dado em sono";"";"";"";"";"";"";"";"";"";"";"";"";"";"";"long tail";"0";"";""
"3 rodar no Planner";"Sono";"falta de sono sintomas";"";"";"";"";"";"";"";"";"sem dado em sono";"";"";"";"";"";"";"";"";"";"";"";"";"";"";"long tail";"0";"";""
"3 rodar no Planner";"Sono";"exercício e sono";"";"";"";"";"";"";"";"";"sem dado em sono";"";"";"";"";"";"";"";"";"";"";"";"";"";"";"media (2 palavras)";"0";"";""
"3 rodar no Planner";"Sono";"luz do dia e sono";"";"";"";"";"";"";"";"";"sem dado em sono";"";"";"";"";"";"";"";"";"";"";"";"";"";"";"long tail";"0";"";""
"3 rodar no Planner";"Sono";"ar condicionado e sono";"";"";"";"";"";"";"";"";"sem dado em sono";"";"";"";"";"";"";"";"";"";"";"";"";"";"";"long tail";"0";"";""
"3 rodar no Planner";"Saúde geral";"magnésio óxido efeitos colaterais";"";"";"";"";"";"";"";"";"sem dado em suplementos";"";"";"";"";"";"";"";"";"";"";"";"";"";"";"long tail";"0";"";""
"3 rodar no Planner";"Pele";"ácido hialurônico oral efeitos colaterais";"";"";"";"";"";"";"";"";"sem dado em suplementos";"";"";"";"";"";"";"";"";"";"";"";"";"";"";"long tail";"0";"";""
"3 rodar no Planner";"Saúde geral";"prebióticos efeitos colaterais";"";"";"";"";"";"";"";"";"sem dado em suplementos";"";"";"";"";"";"";"";"";"";"";"";"";"";"";"long tail";"0";"";""
"3 rodar no Planner";"Saúde geral";"bromelaína efeitos colaterais";"";"";"";"";"";"";"";"";"sem dado em suplementos";"";"";"";"";"";"";"";"";"";"";"";"";"";"";"long tail";"0";"";""
"3 rodar no Planner";"Alimentação e peso";"proteína vegetal efeitos colaterais";"";"";"";"";"";"";"";"";"sem dado em suplementos";"";"";"";"";"";"";"";"";"";"";"";"";"";"";"long tail";"0";"";""
"3 rodar no Planner";"Saúde geral";"tongkat ali";"";"";"";"";"";"";"";"";"sem dado em suplementos";"";"";"";"";"";"";"";"";"";"";"";"";"";"";"media (2 palavras)";"0";"";""
"3 rodar no Planner";"Saúde geral";"tongkat ali para que serve";"";"";"";"";"";"";"";"";"sem dado em suplementos";"";"";"";"";"";"";"";"";"";"";"";"";"";"";"long tail";"0";"";""
"3 rodar no Planner";"Saúde geral";"tongkat ali efeitos colaterais";"";"";"";"";"";"";"";"";"sem dado em suplementos";"";"";"";"";"";"";"";"";"";"";"";"";"";"";"long tail";"0";"";""
"3 rodar no Planner";"Saúde geral";"dim diindolilmetano efeitos colaterais";"";"";"";"";"";"";"";"";"sem dado em suplementos";"";"";"";"";"";"";"";"";"";"";"";"";"";"";"long tail";"0";"";""
"3 rodar no Planner";"Saúde geral";"chá verde extrato para que serve";"";"";"";"";"";"";"";"";"sem dado em suplementos";"";"";"";"";"";"";"";"";"";"";"";"";"";"";"long tail";"0";"";""
"3 rodar no Planner";"Saúde geral";"chá verde extrato efeitos colaterais";"";"";"";"";"";"";"";"";"sem dado em suplementos";"";"";"";"";"";"";"";"";"";"";"";"";"";"";"long tail";"0";"";""
"3 rodar no Planner";"Saúde geral";"uridina efeitos colaterais";"";"";"";"";"";"";"";"";"sem dado em suplementos";"";"";"";"";"";"";"";"";"";"";"";"";"";"";"long tail";"0";"";""
"3 rodar no Planner";"Saúde geral";"urolitina efeitos colaterais";"";"";"";"";"";"";"";"";"sem dado em suplementos";"";"";"";"";"";"";"";"";"";"";"";"";"";"";"long tail";"0";"";""
"3 rodar no Planner";"Saúde geral";"betaína tmg efeitos colaterais";"";"";"";"";"";"";"";"";"sem dado em suplementos";"";"";"";"";"";"";"";"";"";"";"";"";"";"";"long tail";"0";"";""
"3 rodar no Planner";"Saúde geral";"ômega 3 vegano efeitos colaterais";"";"";"";"";"";"";"";"";"sem dado em suplementos";"";"";"";"";"";"";"";"";"";"";"";"";"";"";"long tail";"0";"";""
"3 rodar no Planner";"Saúde geral";"monacolina para que serve";"";"";"";"";"";"";"";"";"sem dado em suplementos";"";"";"";"";"";"";"";"";"";"";"";"";"";"";"long tail";"0";"";""
"3 rodar no Planner";"Saúde geral";"monacolina efeitos colaterais";"";"";"";"";"";"";"";"";"sem dado em suplementos";"";"";"";"";"";"";"";"";"";"";"";"";"";"";"long tail";"0";"";""
"3 rodar no Planner";"Saúde geral";"arroz vermelho fermentado efeitos colaterais";"";"";"";"";"";"";"";"";"sem dado em suplementos";"";"";"";"";"";"";"";"";"";"";"";"";"";"";"long tail";"0";"";""
"3 rodar no Planner";"Saúde geral";"nitrato beterraba para que serve";"";"";"";"";"";"";"";"";"sem dado em suplementos";"";"";"";"";"";"";"";"";"";"";"";"";"";"";"long tail";"0";"";""
"3 rodar no Planner";"Saúde geral";"nitrato beterraba efeitos colaterais";"";"";"";"";"";"";"";"";"sem dado em suplementos";"";"";"";"";"";"";"";"";"";"";"";"";"";"";"long tail";"0";"";""
"3 rodar no Planner";"Saúde geral";"bicarbonato de sódio suplemento para que serve";"";"";"";"";"";"";"";"";"sem dado em suplementos";"";"";"";"";"";"";"";"";"";"";"";"";"";"";"long tail";"0";"";""
"3 rodar no Planner";"Saúde geral";"bicarbonato de sódio suplemento efeitos colaterais";"";"";"";"";"";"";"";"";"sem dado em suplementos";"";"";"";"";"";"";"";"";"";"";"";"";"";"";"long tail";"0";"";""
"3 rodar no Planner";"Saúde geral";"eletrólitos efeitos colaterais";"";"";"";"";"";"";"";"";"sem dado em suplementos";"";"";"";"";"";"";"";"";"";"";"";"";"";"";"long tail";"0";"";""
"3 rodar no Planner";"Saúde geral";"sais minerais efeitos colaterais";"";"";"";"";"";"";"";"";"sem dado em suplementos";"";"";"";"";"";"";"";"";"";"";"";"";"";"";"long tail";"0";"";""
"3 rodar no Planner";"Hormônios e tireoide";"iodo e tireoide";"";"";"";"";"";"";"";"";"sem dado em suplementos";"";"";"";"";"";"";"";"";"";"";"";"";"";"";"media (2 palavras)";"0";"";""
"3 rodar no Planner";"Hormônios e tireoide";"selênio e tireoide";"";"";"";"";"";"";"";"";"sem dado em suplementos";"";"";"";"";"";"";"";"";"";"";"";"";"";"";"media (2 palavras)";"0";"";""
"3 rodar no Planner";"Mente e memória";"magnésio para ansiedade";"";"";"";"";"";"";"";"";"sem dado em suplementos";"";"";"";"";"";"";"";"";"";"";"";"";"";"";"media (2 palavras)";"0";"";""
"3 rodar no Planner";"Alimentação e peso";"vitamina d para depressão";"";"";"";"";"";"";"";"";"sem dado em suplementos";"";"";"";"";"";"";"";"";"";"";"";"";"";"";"long tail";"0";"";""
"3 rodar no Planner";"Alimentação e peso";"caneta emagrecedora e jejum";"";"";"";"";"";"";"";"";"caneta+jejum (mapa-mestre, não medido)";"";"";"";"";"";"";"";"";"";"";"";"";"";"";"long tail";"0";"";""
"3 rodar no Planner";"Saúde geral";"caneta funciona";"";"";"";"";"";"";"";"";"caneta+jejum (mapa-mestre, não medido)";"";"";"";"";"";"";"";"";"";"";"";"";"";"";"media (2 palavras)";"0";"";""
"3 rodar no Planner";"Alimentação e peso";"jejum e perda de peso";"";"";"";"";"";"";"";"";"caneta+jejum (mapa-mestre, não medido)";"";"";"";"";"";"";"";"";"";"";"";"";"";"";"long tail";"0";"";""
"3 rodar no Planner";"Alimentação e peso";"caneta emagrecedora e déficit calórico";"";"";"";"";"";"";"";"";"caneta+jejum (mapa-mestre, não medido)";"";"";"";"";"";"";"";"";"";"";"";"";"";"";"long tail";"0";"";""
"3 rodar no Planner";"Saúde geral";"apetite e jejum";"";"";"";"";"";"";"";"";"caneta+jejum (mapa-mestre, não medido)";"";"";"";"";"";"";"";"";"";"";"";"";"";"";"media (2 palavras)";"0";"";""
"3 rodar no Planner";"Saúde geral";"janela alimentar";"";"";"";"";"";"";"";"";"caneta+jejum (mapa-mestre, não medido)";"";"";"";"";"";"";"";"";"";"";"";"";"";"";"media (2 palavras)";"0";"";""
"3 rodar no Planner";"Saúde geral";"quebra do jejum";"";"";"";"";"";"";"";"";"caneta+jejum (mapa-mestre, não medido)";"";"";"";"";"";"";"";"";"";"";"";"";"";"";"media (2 palavras)";"0";"";""
"3 rodar no Planner";"Saúde geral";"jejum prolongado";"";"";"";"";"";"";"";"";"caneta+jejum (mapa-mestre, não medido)";"";"";"";"";"";"";"";"";"";"";"";"";"";"";"media (2 palavras)";"0";"";""
"3 rodar no Planner";"Saúde geral";"em jejum";"";"";"";"";"";"";"";"";"caneta+jejum (mapa-mestre, não medido)";"";"";"";"";"";"";"";"";"";"";"";"";"";"";"cabeca";"12";"123140";"jejum intermitente (90500) | jejum intermitente como fazer (12100) | jejum intermitente emagrece (6600) | jejum intermitente como funciona (6600) | benefícios do jejum intermitente (2400) | jejum intermitente para emagrecer (1600) | jejum para emagrecer (1000) | dieta jejum intermitente (720) | jejum intermitente resultados 1 semana (720) | jejum intermitente para iniciantes (320)"
"3 rodar no Planner";"Alimentação e peso";"perda de peso";"";"";"";"";"";"";"";"";"caneta+jejum (mapa-mestre, não medido)";"";"";"";"";"";"";"";"";"";"";"";"";"";"";"media (2 palavras)";"4";"1100";"dieta para perda de peso (590) | suplemento para perda de peso (260) | diabetes e perda de peso (140) | perda de peso inexplicável (110)"
"3 rodar no Planner";"Saúde geral";"Ozempic e jejum";"";"";"";"";"";"sim";"";"";"caneta+jejum (mapa-mestre, não medido)";"";"";"";"";"";"";"";"";"";"";"";"";"";"";"media (2 palavras)";"0";"";""
"3 rodar no Planner";"Saúde geral";"Wegovy e jejum";"";"";"";"";"";"sim";"";"";"caneta+jejum (mapa-mestre, não medido)";"";"";"";"";"";"";"";"";"";"";"";"";"";"";"media (2 palavras)";"0";"";""
"3 rodar no Planner";"Saúde geral";"e café";"";"";"";"";"";"";"";"";"caneta+jejum (mapa-mestre, não medido)";"";"";"";"";"";"";"";"";"";"";"";"";"";"";"cabeca";"3";"11680";"cafés especiais (5400) | melhores cafés (5400) | net cafes (880)"
"3 rodar no Planner";"Saúde geral";"e alimentação";"";"";"";"";"";"";"";"";"caneta+jejum (mapa-mestre, não medido)";"";"";"";"";"";"";"";"";"";"";"";"";"";"";"cabeca";"56";"96050";"alimentação saudável (40500) | alimentação compulsiva (22200) | alimentação enteral (3600) | alimentação para emagrecer (3600) | alimentação pré treino (2900) | alimentação cetogênica (1600) | alimentação saudavel para crianças (1300) | alimentacao para perder barriga (1000) | alimentação para ganhar massa (1000) | alimentação sem lactose (1000)"
"3 rodar no Planner";"Alimentação e peso";"e proteína";"";"";"";"";"";"";"";"";"caneta+jejum (mapa-mestre, não medido)";"";"";"";"";"";"";"";"";"";"";"";"";"";"";"cabeca";"50";"126400";"proteina de soja (27100) | proteínas alimentos (14800) | proteina vegetal (9900) | proteina isolada de soja (9900) | proteina de colageno (8100) | proteina vegana (6600) | quanto de proteína por dia (5400) | proteina isolada (4400) | proteina da carne (4400) | molico proteina (4400)"
"3 rodar no Planner";"Músculos e movimento";"e exercícios";"";"";"";"";"";"";"";"";"caneta+jejum (mapa-mestre, não medido)";"";"";"";"";"";"";"";"";"";"";"";"";"";"";"cabeca";"3";"7120";"exercícios para idosos (4400) | 7 exercícios para perder barriga (2400) | exercícios para emagrecer na academia (320)"
"3 rodar no Planner";"Saúde geral";"e manutenção";"";"";"";"";"";"";"";"";"caneta+jejum (mapa-mestre, não medido)";"";"";"";"";"";"";"";"";"";"";"";"";"";"";"cabeca";"0";"";""
"3 rodar no Planner";"Saúde geral";"tirzepatida e jejum";"";"";"";"";"";"sim";"";"";"caneta+jejum (mapa-mestre, não medido)";"";"";"";"";"";"";"";"";"";"";"";"";"";"";"media (2 palavras)";"0";"";""
"3 rodar no Planner";"Músculos e movimento";"academia";"";"";"";"";"";"";"";"";"caneta+jejum (mapa-mestre, não medido)";"";"";"";"";"";"";"";"";"";"";"";"";"";"";"cabeca";"6";"3960";"treino para emagrecer na academia (1000) | academia para emagrecer (1000) | academia emagrece (1000) | exercícios para emagrecer na academia (320) | treino para perder barriga na academia (320) | treino para emagrecer na academia feminino (320)"
"3 rodar no Planner";"Digestão e fígado";"efeitos gastrointestinais";"";"";"";"";"";"";"";"";"caneta+jejum (mapa-mestre, não medido)";"";"";"";"";"";"";"";"";"";"";"";"";"";"";"media (2 palavras)";"0";"";""
"3 rodar no Planner";"Saúde geral";"Ozempic x Mounjaro";"";"";"";"";"";"sim";"";"";"caneta+jejum (mapa-mestre, não medido)";"";"";"";"";"";"";"";"";"";"";"";"";"";"";"long tail";"0";"";""
"3 rodar no Planner";"Saúde geral";"Wegovy x Mounjaro";"";"";"";"";"";"sim";"";"";"caneta+jejum (mapa-mestre, não medido)";"";"";"";"";"";"";"";"";"";"";"";"";"";"";"long tail";"0";"";""
"3 rodar no Planner";"Saúde geral";"Ozempic x Wegovy";"";"";"";"";"";"sim";"";"";"caneta+jejum (mapa-mestre, não medido)";"";"";"";"";"";"";"";"";"";"";"";"";"";"";"long tail";"0";"";""
"3 rodar no Planner";"Saúde geral";"semaglutida x tirzepatida";"";"";"";"";"";"sim";"";"";"caneta+jejum (mapa-mestre, não medido)";"";"";"";"";"";"";"";"";"";"";"";"";"";"";"long tail";"0";"";""
"3 rodar no Planner";"Saúde geral";"canetas semanais";"";"";"";"";"";"";"";"";"caneta+jejum (mapa-mestre, não medido)";"";"";"";"";"";"";"";"";"";"";"";"";"";"";"media (2 palavras)";"0";"";""
"3 rodar no Planner";"Saúde geral";"canetas e jejum";"";"";"";"";"";"";"";"";"caneta+jejum (mapa-mestre, não medido)";"";"";"";"";"";"";"";"";"";"";"";"";"";"";"media (2 palavras)";"0";"";""
"3 rodar no Planner";"Saúde geral";"apetite";"";"";"";"";"";"";"";"";"caneta+jejum (mapa-mestre, não medido)";"";"";"";"";"";"";"";"";"";"";"";"";"";"";"cabeca";"13";"144630";"inibidor de apetite (60500) | inibidores de apetite (60500) | inibidor de apetite natural (14800) | melhor inibidor de apetite e queimador de gordura (2900) | inibidor de apetite forte (1300) | melhor inibidor de apetite (1300) | redutor de apetite (720) | inibidor de apetite extra forte (720) | melhores inibidores de apetite (590) | suplemento inibidor de apetite (480)"
"3 rodar no Planner";"Saúde geral";"efeitos colaterais";"";"";"";"";"";"";"";"";"caneta+jejum (mapa-mestre, não medido)";"";"";"";"";"";"";"";"";"";"";"";"";"";"";"media (2 palavras)";"84";"103190";"melatonina efeitos colaterais (9900) | finasterida efeitos colaterais (8100) | creatina efeitos colaterais (8100) | maca peruana efeitos colaterais (8100) | efeitos colaterais do minoxidil (6600) | picolinato de cromo efeitos colaterais (6600) | coenzima q10 efeitos colaterais (4400) | vitamina b12 efeitos colaterais (3600) | biotina efeitos colaterais (2900) | ômega 3 efeitos colaterais (2400)"
"3 rodar no Planner";"Saúde geral";"massa muscular";"";"";"";"";"";"";"";"";"caneta+jejum (mapa-mestre, não medido)";"";"";"";"";"";"";"";"";"";"";"";"";"";"";"media (2 palavras)";"14";"31260";"alimentos para ganhar massa muscular (9900) | dieta para ganhar massa muscular (5400) | perda de massa muscular (4400) | dieta para ganho de massa muscular (2400) | comidas para ganhar massa muscular (1600) | alimentos para ganho de massa muscular (1600) | melhores alimentos para ganhar massa muscular (1600) | cardapio para ganho de massa muscular (1000) | dieta para perder barriga e ganhar massa muscular (1000) | alimentos que ajudam a ganhar massa muscular (1000)"
"3 rodar no Planner";"Saúde geral";"reganho";"";"";"";"";"";"";"";"";"caneta+jejum (mapa-mestre, não medido)";"";"";"";"";"";"";"";"";"";"";"";"";"";"";"cabeca";"0";"";""
"3 rodar no Planner";"Saúde geral";"o que comer";"";"";"";"";"";"";"";"";"caneta+jejum (mapa-mestre, não medido)";"";"";"";"";"";"";"";"";"";"";"";"";"";"";"media (2 palavras)";"8";"24460";"comer saudavel (22200) | o que comer antes de dormir (1000) | comer compulsivamente (260) | comer compulsivo (260) | sonolência depois de comer (260) | comer por ansiedade (170) | comer por compulsão (170) | ansiedade faz comer muito (140)"
"3 rodar no Planner";"Alimentação e peso";"café da manhã";"";"";"";"";"";"";"";"";"caneta+jejum (mapa-mestre, não medido)";"";"";"";"";"";"";"";"";"";"";"";"";"";"";"media (2 palavras)";"0";"";""
"3 rodar no Planner";"Saúde geral";"hidratação";"";"";"";"";"";"";"";"";"caneta+jejum (mapa-mestre, não medido)";"";"";"";"";"";"";"";"";"";"";"";"";"";"";"cabeca";"10";"18140";"hidratação caseira para cabelo (12100) | hidratação com babosa (3600) | hidratação com babosa para cabelo ressecado (720) | hidratação para cabelo com babosa (480) | hidratação de babosa com açúcar (320) | hidratação caseira com babosa (320) | hidratação com babosa para cabelos cacheados (210) | hidratação com babosa para crescer o cabelo (170) | diferença entre hidratação nutrição e reconstrução (110) | hidratação com babosa e maizena (110)"
"3 rodar no Planner";"Saúde geral";"12/12";"";"";"";"";"";"";"";"";"caneta+jejum (mapa-mestre, não medido)";"";"";"";"";"";"";"";"";"";"";"";"";"";"";"media (2 palavras)";"0";"";""
"3 rodar no Planner";"Saúde geral";"14/10";"";"";"";"";"";"";"";"";"caneta+jejum (mapa-mestre, não medido)";"";"";"";"";"";"";"";"";"";"";"";"";"";"";"media (2 palavras)";"0";"";""
"3 rodar no Planner";"Saúde geral";"16/8";"";"";"";"";"";"";"";"";"caneta+jejum (mapa-mestre, não medido)";"";"";"";"";"";"";"";"";"";"";"";"";"";"";"media (2 palavras)";"0";"";""
"3 rodar no Planner";"Saúde geral";"18/6";"";"";"";"";"";"";"";"";"caneta+jejum (mapa-mestre, não medido)";"";"";"";"";"";"";"";"";"";"";"";"";"";"";"media (2 palavras)";"0";"";""
"3 rodar no Planner";"Saúde geral";"20/4";"";"";"";"";"";"";"";"";"caneta+jejum (mapa-mestre, não medido)";"";"";"";"";"";"";"";"";"";"";"";"";"";"";"media (2 palavras)";"0";"";""
"3 rodar no Planner";"Saúde geral";"24 horas";"";"";"";"";"";"";"";"";"caneta+jejum (mapa-mestre, não medido)";"";"";"";"";"";"";"";"";"";"";"";"";"";"";"media (2 palavras)";"2";"350";"lanches 24 horas entrega (210) | quantas horas dormir (140)"
"3 rodar no Planner";"Saúde geral";"noturno";"";"";"";"";"";"";"";"";"caneta+jejum (mapa-mestre, não medido)";"";"";"";"";"";"";"";"";"";"";"";"";"";"";"cabeca";"2";"22000";"terror noturno (12100) | suor noturno (9900)"
"3 rodar no Planner";"Saúde geral";"dias alternados";"";"";"";"";"";"";"";"";"caneta+jejum (mapa-mestre, não medido)";"";"";"";"";"";"";"";"";"";"";"";"";"";"";"media (2 palavras)";"0";"";""
"3 rodar no Planner";"Saúde geral";"rotina de trabalho";"";"";"";"";"";"";"";"";"caneta+jejum (mapa-mestre, não medido)";"";"";"";"";"";"";"";"";"";"";"";"";"";"";"media (2 palavras)";"0";"";""
"3 rodar no Planner";"Saúde geral";"vida social";"";"";"";"";"";"";"";"";"caneta+jejum (mapa-mestre, não medido)";"";"";"";"";"";"";"";"";"";"";"";"";"";"";"media (2 palavras)";"0";"";""
"3 rodar no Planner";"Saúde geral";"náusea";"";"";"";"";"";"";"";"";"caneta+jejum (mapa-mestre, não medido)";"";"";"";"";"";"";"";"";"";"";"";"";"";"";"cabeca";"0";"";""
"3 rodar no Planner";"Saúde geral";"diarreia";"";"";"";"";"";"";"";"";"caneta+jejum (mapa-mestre, não medido)";"";"";"";"";"";"";"";"";"";"";"";"";"";"";"cabeca";"0";"";""
"3 rodar no Planner";"Saúde geral";"vômitos";"";"";"";"";"";"";"";"";"caneta+jejum (mapa-mestre, não medido)";"";"";"";"";"";"";"";"";"";"";"";"";"";"";"cabeca";"0";"";""
"3 rodar no Planner";"Saúde geral";"dor abdominal";"";"";"";"";"";"";"";"";"caneta+jejum (mapa-mestre, não medido)";"";"";"";"";"";"";"";"";"";"";"";"";"";"";"media (2 palavras)";"0";"";""
"3 rodar no Planner";"Digestão e fígado";"azia/refluxo";"";"";"";"";"";"";"";"";"caneta+jejum (mapa-mestre, não medido)";"";"";"";"";"";"";"";"";"";"";"";"";"";"";"media (2 palavras)";"0";"";""
"3 rodar no Planner";"Visão e audição";"tontura";"";"";"";"";"";"";"";"";"caneta+jejum (mapa-mestre, não medido)";"";"";"";"";"";"";"";"";"";"";"";"";"";"";"cabeca";"1";"9900";"tontura ao levantar (9900)"
"3 rodar no Planner";"Saúde geral";"fraqueza";"";"";"";"";"";"";"";"";"caneta+jejum (mapa-mestre, não medido)";"";"";"";"";"";"";"";"";"";"";"";"";"";"";"cabeca";"0";"";""
"3 rodar no Planner";"Mente e memória";"dor de cabeça";"";"";"";"";"";"";"";"";"caneta+jejum (mapa-mestre, não medido)";"";"";"";"";"";"";"";"";"";"";"";"";"";"";"media (2 palavras)";"3";"31200";"chá para dor de cabeça (14800) | dor de cabeça ao acordar (14800) | chá para dor de cabeça forte (1600)"
"3 rodar no Planner";"Alimentação e peso";"quanto emagrece";"";"";"";"";"";"";"";"";"caneta+jejum (mapa-mestre, não medido)";"";"";"";"";"";"";"";"";"";"";"";"";"";"";"media (2 palavras)";"2";"1270";"spirulina emagrece quantos quilos por mês (880) | lipomax cromo emagrece quantos quilos por semana (390)"
"3 rodar no Planner";"Saúde geral";"primeiras semanas";"";"";"";"";"";"";"";"";"caneta+jejum (mapa-mestre, não medido)";"";"";"";"";"";"";"";"";"";"";"";"";"";"";"media (2 palavras)";"0";"";""
"3 rodar no Planner";"Saúde geral";"platô";"";"";"";"";"";"";"";"";"caneta+jejum (mapa-mestre, não medido)";"";"";"";"";"";"";"";"";"";"";"";"";"";"";"cabeca";"0";"";""
"3 rodar no Planner";"Saúde geral";"perda de gordura";"";"";"";"";"";"";"";"";"caneta+jejum (mapa-mestre, não medido)";"";"";"";"";"";"";"";"";"";"";"";"";"";"";"media (2 palavras)";"2";"430";"perda de gordura abdominal (260) | dieta para perda de gordura (170)"
"3 rodar no Planner";"Saúde geral";"circunferência abdominal";"";"";"";"";"";"";"";"";"caneta+jejum (mapa-mestre, não medido)";"";"";"";"";"";"";"";"";"";"";"";"";"";"";"media (2 palavras)";"1";"110";"circunferência abdominal feminina (110)"
"3 rodar no Planner";"Saúde geral";"balança";"";"";"";"";"";"";"";"";"caneta+jejum (mapa-mestre, não medido)";"";"";"";"";"";"";"";"";"";"";"";"";"";"";"cabeca";"0";"";""
"3 rodar no Planner";"Saúde geral";"fotos e medidas";"";"";"";"";"";"";"";"";"caneta+jejum (mapa-mestre, não medido)";"";"";"";"";"";"";"";"";"";"";"";"";"";"";"media (2 palavras)";"0";"";""
"3 rodar no Planner";"Saúde geral";"metas";"";"";"";"";"";"";"";"";"caneta+jejum (mapa-mestre, não medido)";"";"";"";"";"";"";"";"";"";"";"";"";"";"";"cabeca";"0";"";""
"3 rodar no Planner";"Músculos e movimento";"musculação";"";"";"";"";"";"";"";"";"caneta+jejum (mapa-mestre, não medido)";"";"";"";"";"";"";"";"";"";"";"";"";"";"";"cabeca";"4";"16520";"musculação e emagrecimento (5400) | musculação emagrece (5400) | musculação para emagrecer (5400) | treino de musculação para emagrecer (320)"
"3 rodar no Planner";"Coração e colesterol";"cardio";"";"";"";"";"";"";"";"";"caneta+jejum (mapa-mestre, não medido)";"";"";"";"";"";"";"";"";"";"";"";"";"";"";"cabeca";"3";"1680";"cardio emagrece (880) | treino cardio para secar (480) | cardio para emagrecer (320)"
"3 rodar no Planner";"Músculos e movimento";"caminhada";"";"";"";"";"";"";"";"";"caneta+jejum (mapa-mestre, não medido)";"";"";"";"";"";"";"";"";"";"";"";"";"";"";"cabeca";"4";"28700";"caminhada para emagrecer (12100) | caminhada emagrece (12100) | fazer caminhada emagrece (2900) | simulador de caminhada emagrece (1600)"
"3 rodar no Planner";"Sono";"sono";"";"";"";"";"";"";"";"";"caneta+jejum (mapa-mestre, não medido)";"";"";"";"";"";"";"";"";"";"";"";"";"";"";"cabeca";"20";"135880";"paralisia do sono (74000) | sono rem (18100) | higiene do sono (12100) | ciclo do sono (8100) | médico do sono (5400) | fases do sono (4400) | privação de sono (3600) | sono profundo (2400) | maca peruana tira o sono (1900) | sono leve (1600)"
"3 rodar no Planner";"Mente e memória";"estresse";"";"";"";"";"";"";"";"";"caneta+jejum (mapa-mestre, não medido)";"";"";"";"";"";"";"";"";"";"";"";"";"";"";"cabeca";"10";"5420";"queda de cabelo por estresse (1300) | alopecia por estresse (1000) | estresse faz cair cabelo (880) | estresse causa queda de cabelo (590) | cabelo caindo por estresse (390) | estresse causa cabelo branco (390) | estresse cai cabelo (390) | perda de cabelo por estresse (170) | queda de cabelo por estresse voltam a crescer (170) | alopecia por estresse tem cura (140)"
"3 rodar no Planner";"Saúde geral";"alimentação emocional";"";"";"";"";"";"";"";"";"caneta+jejum (mapa-mestre, não medido)";"";"";"";"";"";"";"";"";"";"";"";"";"";"";"media (2 palavras)";"0";"";""
"3 rodar no Planner";"Saúde geral";"hábitos";"";"";"";"";"";"";"";"";"caneta+jejum (mapa-mestre, não medido)";"";"";"";"";"";"";"";"";"";"";"";"";"";"";"cabeca";"0";"";""
"3 rodar no Planner";"Saúde geral";"adesão";"";"";"";"";"";"";"";"";"caneta+jejum (mapa-mestre, não medido)";"";"";"";"";"";"";"";"";"";"";"";"";"";"";"cabeca";"0";"";""
"3 rodar no Planner";"Saúde geral";"quem pode usar";"";"";"";"";"";"";"";"";"caneta+jejum (mapa-mestre, não medido)";"";"";"";"";"";"";"";"";"";"";"";"";"";"";"long tail";"0";"";""
"3 rodar no Planner";"Saúde geral";"quem não deve usar";"";"";"";"";"";"";"";"";"caneta+jejum (mapa-mestre, não medido)";"";"";"";"";"";"";"";"";"";"";"";"";"";"";"long tail";"0";"";""
"3 rodar no Planner";"Diabetes e exames";"exames";"";"";"";"";"";"";"";"";"caneta+jejum (mapa-mestre, não medido)";"";"";"";"";"";"";"";"";"";"";"";"";"";"";"cabeca";"1";"140";"exames para queda de cabelo feminino (140)"
"3 rodar no Planner";"Saúde geral";"preço";"";"";"";"";"";"";"";"";"caneta+jejum (mapa-mestre, não medido)";"";"";"";"";"";"";"";"";"";"";"";"";"";"";"cabeca";"0";"";""
"3 rodar no Planner";"Alimentação e peso";"receita";"";"";"";"";"";"";"";"";"caneta+jejum (mapa-mestre, não medido)";"";"";"";"";"";"";"";"";"";"";"";"";"";"";"cabeca";"20";"19570";"receitas saudáveis (5400) | 30 receitas de marmitas saudáveis (1900) | receita de panetone fofinho e úmido (1900) | receitas saudáveis para crianças (1600) | receitas saudaveis faceis (1300) | receitas de lanches saudaveis (1300) | receitas de marmitas fit para congelar (880) | receitas saudáveis para o dia a dia (720) | receitas saudáveis para jantar (720) | receita saudavel facil (590)"
"3 rodar no Planner";"Saúde geral";"onde comprar";"";"";"";"";"";"";"";"";"caneta+jejum (mapa-mestre, não medido)";"";"";"";"";"";"";"";"";"";"";"";"";"";"";"media (2 palavras)";"0";"";""
"3 rodar no Planner";"Saúde geral";"canetas nacionais";"";"";"";"";"";"";"";"";"caneta+jejum (mapa-mestre, não medido)";"";"";"";"";"";"";"";"";"";"";"";"";"";"";"media (2 palavras)";"0";"";""
"3 rodar no Planner";"Saúde geral";"caneta falsificada/manipulada";"";"";"";"";"";"";"";"";"caneta+jejum (mapa-mestre, não medido)";"";"";"";"";"";"";"";"";"";"";"";"";"";"";"long tail";"0";"";""
"3 rodar no Planner";"Saúde geral";"guia definitivo";"";"";"";"";"";"";"";"";"caneta+jejum (mapa-mestre, não medido)";"";"";"";"";"";"";"";"";"";"";"";"";"";"";"media (2 palavras)";"0";"";""
"3 rodar no Planner";"Alimentação e peso";"caneta emagrecedora";"";"";"";"";"";"";"";"";"caneta+jejum (cabeças)";"";"";"";"";"";"";"";"";"";"";"";"";"";"";"media (2 palavras)";"0";"";""
"3 rodar no Planner";"Saúde geral";"ozempic";"";"";"";"";"";"sim";"";"";"caneta+jejum (cabeças)";"";"";"";"";"";"";"";"";"";"";"";"";"";"";"cabeca";"0";"";""
"3 rodar no Planner";"Saúde geral";"mounjaro";"";"";"";"";"";"sim";"";"";"caneta+jejum (cabeças)";"";"";"";"";"";"";"";"";"";"";"";"";"";"";"cabeca";"0";"";""
"3 rodar no Planner";"Saúde geral";"wegovy";"";"";"";"";"";"sim";"";"";"caneta+jejum (cabeças)";"";"";"";"";"";"";"";"";"";"";"";"";"";"";"cabeca";"0";"";""
"3 rodar no Planner";"Saúde geral";"semaglutida";"";"";"";"";"";"sim";"";"";"caneta+jejum (cabeças)";"";"";"";"";"";"";"";"";"";"";"";"";"";"";"cabeca";"0";"";""
"3 rodar no Planner";"Saúde geral";"tirzepatida";"";"";"";"";"";"sim";"";"";"caneta+jejum (cabeças)";"";"";"";"";"";"";"";"";"";"";"";"";"";"";"cabeca";"0";"";""
"3 rodar no Planner";"Saúde geral";"ozempic ou mounjaro";"";"";"";"";"";"sim";"";"";"caneta+jejum (cabeças)";"";"";"";"";"";"";"";"";"";"";"";"";"";"";"long tail";"0";"";""
"3 rodar no Planner";"Saúde geral";"wegovy ou mounjaro";"";"";"";"";"";"sim";"";"";"caneta+jejum (cabeças)";"";"";"";"";"";"";"";"";"";"";"";"";"";"";"long tail";"0";"";""
"3 rodar no Planner";"Alimentação e peso";"quanto emagrece com caneta";"";"";"";"";"";"";"";"";"caneta+jejum (cabeças)";"";"";"";"";"";"";"";"";"";"";"";"";"";"";"long tail";"0";"";""
"3 rodar no Planner";"Alimentação e peso";"caneta emagrecedora efeitos colaterais";"";"";"";"";"";"";"";"";"caneta+jejum (cabeças)";"";"";"";"";"";"";"";"";"";"";"";"";"";"";"long tail";"0";"";""
