Keyword cabelos,,,,,,,,,,,,,,,,,,,,,,,,,
,,,,,,,,,,,,,,,,,,,,,,,,,
Keyword,Currency,Segmentation,Avg. monthly searches,Three month change,YoY change,Competition,Competition (indexed value),Top of page bid (low range),Top of page bid (high range),Ad impression share,Organic average position,Organic impression share,In Account,Searches: Sep 2025,Searches: Oct 2025,Searches: Nov 2025,Searches: Dec 2025,Searches: Jan 2026,Searches: Feb 2026,Searches: Mar 2026,Searches: Apr 2026,Searches: May 2026,Searches: Jun 2026,Searches: Jul 2026,Searches: Aug 2026
,,Todos,7756350.0,,,,,,,,,,,,,,,,,,,,,,
,,Brasil,7756350.0,,,,,,,,,,,,,,,,,,,,,,
morena iluminada,BRL,,500000.0,0%,0%,Médio,59,"0,45","2,47",,,,,,,,,,,,,,,,
cortes de cabelo feminino,BRL,,500000.0,0%,0%,Baixo,2,"0,3","2,26",,,,,,,,,,,,,,,,
cortes de cabelo masculino,BRL,,500000.0,0%,0%,Baixo,1,"1,16","3,04",,,,,,,,,,,,,,,,
penteados para cabelos cacheados,BRL,,500000.0,0%,0%,Baixo,0,"0,41","2,17",,,,,,,,,,,,,,,,
tranças nagô,BRL,,500000.0,0%,0%,Baixo,4,"0,32","3,48",,,,,,,,,,,,,,,,
babosa para cabelo,BRL,,50000.0,0%,-90%,Médio,57,"0,07","0,44",,,,,,,,,,,,,,,,
cabelo castanho,BRL,,50000.0,900%,0%,Médio,34,"0,69","2,36",,,,,,,,,,,,,,,,
cabelo castanho claro,BRL,,50000.0,0%,0%,Médio,64,"0,72","2,13",,,,,,,,,,,,,,,,
cabelo grisalho,BRL,,50000.0,-90%,-90%,Médio,40,"0,2","2,04",,,,,,,,,,,,,,,,
cabelo loiro escuro,BRL,,50000.0,0%,0%,Médio,51,"0,55","2,16",,,,,,,,,,,,,,,,
cabelo platinado,BRL,,50000.0,900%,0%,Médio,38,"0,37","1,43",,,,,,,,,,,,,,,,
cabelo preto azulado,BRL,,50000.0,0%,0%,Médio,61,"0,43","2,2",,,,,,,,,,,,,,,,
cabelo ruivo,BRL,,50000.0,0%,0%,Médio,64,"0,45","3,15",,,,,,,,,,,,,,,,
vinagre de maçã para cabelo,BRL,,50000.0,0%,-90%,Médio,52,"0,09","0,61",,,,,,,,,,,,,,,,
alopecia areata,BRL,,50000.0,0%,0%,Baixo,8,"0,14","4,25",,,,,,,,,,,,,,,,
botóx capilar,BRL,,50000.0,0%,0%,Baixo,1,"0,23","0,98",,,,,,,,,,,,,,,,
cabelo azul,BRL,,50000.0,0%,0%,Baixo,24,,,,,,,,,,,,,,,,,,
cabelo branco,BRL,,50000.0,0%,0%,Baixo,22,"0,11","2,2",,,,,,,,,,,,,,,,
cabelo loiro,BRL,,50000.0,0%,0%,Baixo,33,"0,61","2,53",,,,,,,,,,,,,,,,
cabelo preto,BRL,,50000.0,0%,0%,Baixo,11,"0,7","2,95",,,,,,,,,,,,,,,,
cabelo roxo,BRL,,50000.0,900%,900%,Baixo,25,"0,36","1,79",,,,,,,,,,,,,,,,
causas,BRL,,50000.0,0%,0%,Baixo,0,,,,,,,,,,,,,,,,,,
corte butterfly,BRL,,50000.0,0%,0%,Baixo,0,1,"2,74",,,,,,,,,,,,,,,,
corte chanel,BRL,,50000.0,0%,0%,Baixo,0,"0,25","1,85",,,,,,,,,,,,,,,,
corte em v,BRL,,50000.0,0%,0%,Baixo,0,,,,,,,,,,,,,,,,,,
corte italiano,BRL,,50000.0,0%,0%,Baixo,0,,,,,,,,,,,,,,,,,,
corte long bob,BRL,,50000.0,0%,0%,Baixo,0,"0,19","1,9",,,,,,,,,,,,,,,,
corte mullet,BRL,,50000.0,0%,0%,Baixo,0,,,,,,,,,,,,,,,,,,
corte pixie,BRL,,50000.0,900%,0%,Baixo,2,"0,3","1,64",,,,,,,,,,,,,,,,
cortes de cabelo em camadas,BRL,,50000.0,0%,-90%,Baixo,0,"0,69","3,17",,,,,,,,,,,,,,,,
cortes de cabelo para rosto redondo,BRL,,50000.0,0%,0%,Baixo,1,"0,4","2,55",,,,,,,,,,,,,,,,
cortes para cabelo cacheado,BRL,,50000.0,0%,0%,Baixo,2,"0,44","2,35",,,,,,,,,,,,,,,,
cortes para cabelo curto,BRL,,50000.0,0%,0%,Baixo,1,"0,18","1,64",,,,,,,,,,,,,,,,
cortes para cabelo liso,BRL,,50000.0,0%,0%,Baixo,0,"0,31","2,32",,,,,,,,,,,,,,,,
cortes para cabelo ondulado,BRL,,50000.0,0%,-90%,Baixo,1,"0,33","2,41",,,,,,,,,,,,,,,,
eflúvio telógeno,BRL,,50000.0,0%,0%,Baixo,14,"0,13",4,,,,,,,,,,,,,,,,
hidratação caseira para cabelo,BRL,,50000.0,0%,-90%,Baixo,20,"0,01","1,19",,,,,,,,,,,,,,,,
loiro iluminado,BRL,,50000.0,0%,-90%,Baixo,17,"0,62","2,34",,,,,,,,,,,,,,,,
luzes no cabelo,BRL,,50000.0,0%,0%,Baixo,9,"0,63","2,96",,,,,,,,,,,,,,,,
o que é alopecia,BRL,,50000.0,0%,0%,Baixo,11,"0,07","1,76",,,,,,,,,,,,,,,,
ombré hair,BRL,,50000.0,0%,0%,Baixo,13,"0,51","2,07",,,,,,,,,,,,,,,,
penteados com tranças,BRL,,50000.0,0%,0%,Baixo,1,"0,29","3,76",,,,,,,,,,,,,,,,
penteados fáceis,BRL,,50000.0,0%,-90%,Baixo,0,,,,,,,,,,,,,,,,,,
penteados para cabelos crespos,BRL,,50000.0,0%,0%,Baixo,0,"0,37","1,42",,,,,,,,,,,,,,,,
penteados para cabelos curtos,BRL,,50000.0,0%,0%,Baixo,1,"0,26","1,66",,,,,,,,,,,,,,,,
penteados para cabelos lisos,BRL,,50000.0,0%,0%,Baixo,0,"0,34","3,09",,,,,,,,,,,,,,,,
penteados para cabelos médios,BRL,,50000.0,0%,-90%,Baixo,0,"0,73","3,28",,,,,,,,,,,,,,,,
penteados para casamento,BRL,,50000.0,0%,0%,Baixo,8,"0,39","1,85",,,,,,,,,,,,,,,,
penteados para formatura,BRL,,50000.0,900%,0%,Baixo,1,"0,46","2,4",,,,,,,,,,,,,,,,
penteados presos,BRL,,50000.0,0%,0%,Baixo,0,"0,22","2,19",,,,,,,,,,,,,,,,
prevenção,BRL,,50000.0,0%,0%,Baixo,0,"1,11","12,01",,,,,,,,,,,,,,,,
problemas,BRL,,50000.0,0%,0%,Baixo,0,,,,,,,,,,,,,,,,,,
psoríase no couro cabeludo,BRL,,50000.0,0%,0%,Baixo,28,"0,09","0,84",,,,,,,,,,,,,,,,
soluções,BRL,,50000.0,0%,0%,Baixo,1,"0,01","0,84",,,,,,,,,,,,,,,,
tipos de cabelo,BRL,,50000.0,0%,0%,Baixo,1,"0,22","1,89",,,,,,,,,,,,,,,,
tranças para cabelo curto,BRL,,50000.0,-90%,-90%,Baixo,2,"0,32","1,59",,,,,,,,,,,,,,,,
tratamentos,BRL,,50000.0,0%,0%,Baixo,2,"1,22","3,39",,,,,,,,,,,,,,,,
ativador de cachos,BRL,,50000.0,0%,0%,Alto,100,"0,2","1,61",,,,,,,,,,,,,,,,
biotina para cabelo,BRL,,50000.0,0%,0%,Alto,100,"0,3","2,3",,,,,,,,,,,,,,,,
cabelo castanho escuro,BRL,,50000.0,0%,0%,Alto,76,"0,7","2,66",,,,,,,,,,,,,,,,
cabelo marsala,BRL,,50000.0,0%,0%,Alto,84,"0,57","3,06",,,,,,,,,,,,,,,,
cabelo vermelho cereja,BRL,,50000.0,0%,0%,Alto,69,"0,46","2,32",,,,,,,,,,,,,,,,
creme para pentear,BRL,,50000.0,900%,0%,Alto,100,"0,25","2,54",,,,,,,,,,,,,,,,
cronograma capilar,BRL,,50000.0,0%,-90%,Alto,100,"0,29","1,41",,,,,,,,,,,,,,,,
leave in para cabelo,BRL,,50000.0,0%,0%,Alto,100,"0,22","1,42",,,,,,,,,,,,,,,,
minoxidil para cabelo,BRL,,50000.0,0%,0%,Alto,100,"0,26","2,67",,,,,,,,,,,,,,,,
mousse para cabelo,BRL,,50000.0,0%,0%,Alto,100,"0,17","0,97",,,,,,,,,,,,,,,,
máscara de hidratação,BRL,,50000.0,0%,0%,Alto,100,"0,28","1,62",,,,,,,,,,,,,,,,
máscara de nutrição,BRL,,50000.0,0%,0%,Alto,100,"0,23","1,57",,,,,,,,,,,,,,,,
máscara matizadora,BRL,,50000.0,0%,0%,Alto,100,"0,2","1,2",,,,,,,,,,,,,,,,
progressiva sem formol,BRL,,50000.0,0%,0%,Alto,100,"0,26","1,97",,,,,,,,,,,,,,,,
queda de cabelo,BRL,,50000.0,0%,0%,Alto,98,"0,42","4,83",,,,,,,,,,,,,,,,
reconstrução capilar,BRL,,50000.0,0%,0%,Alto,100,"0,28","1,65",,,,,,,,,,,,,,,,
selagem capilar,BRL,,50000.0,0%,0%,Alto,100,"0,2","1,11",,,,,,,,,,,,,,,,
shampoo a seco,BRL,,50000.0,0%,0%,Alto,100,"0,17","1,11",,,,,,,,,,,,,,,,
shampoo anticaspa,BRL,,50000.0,0%,0%,Alto,100,"0,25","2,33",,,,,,,,,,,,,,,,
shampoo detox,BRL,,50000.0,0%,0%,Alto,100,"0,19","2,11",,,,,,,,,,,,,,,,
shampoo hidratante,BRL,,50000.0,0%,0%,Alto,100,"0,26","2,5",,,,,,,,,,,,,,,,
shampoo infantil,BRL,,50000.0,0%,0%,Alto,100,"0,79","6,78",,,,,,,,,,,,,,,,
shampoo matizador,BRL,,50000.0,0%,0%,Alto,100,"0,24","1,24",,,,,,,,,,,,,,,,
shampoo para dermatite seborreica,BRL,,50000.0,0%,0%,Alto,100,"0,28","1,55",,,,,,,,,,,,,,,,
shampoo sem sal,BRL,,50000.0,900%,0%,Alto,94,"0,15","1,52",,,,,,,,,,,,,,,,
shampoo sem sulfato,BRL,,50000.0,900%,0%,Alto,100,"0,14","1,75",,,,,,,,,,,,,,,,
tonalizante para cabelo,BRL,,50000.0,0%,0%,Alto,100,"0,36","1,68",,,,,,,,,,,,,,,,
tônico capilar,BRL,,50000.0,0%,0%,Alto,100,"0,39","4,25",,,,,,,,,,,,,,,,
vitaminas para cabelo,BRL,,50000.0,0%,0%,Alto,100,"0,86","4,62",,,,,,,,,,,,,,,,
óleo de alecrim para cabelo,BRL,,50000.0,900%,0%,Alto,100,"0,16","1,65",,,,,,,,,,,,,,,,
óleo de coco para cabelo,BRL,,50000.0,0%,0%,Alto,100,"0,11","0,91",,,,,,,,,,,,,,,,
óleo reparador de pontas,BRL,,50000.0,0%,0%,Alto,100,"0,19","1,79",,,,,,,,,,,,,,,,
cabelo acaju,BRL,,5000.0,0%,0%,Médio,45,"0,44","2,38",,,,,,,,,,,,,,,,
cabelo castanho iluminado,BRL,,5000.0,0%,0%,Médio,42,"0,69","1,56",,,,,,,,,,,,,,,,
cabelo fino,BRL,,5000.0,0%,0%,Médio,49,"0,64","7,32",,,,,,,,,,,,,,,,
cabelo loiro dourado,BRL,,5000.0,0%,0%,Médio,66,"0,42","1,25",,,,,,,,,,,,,,,,
cabelo loiro mel,BRL,,5000.0,0%,0%,Médio,56,"0,74","3,5",,,,,,,,,,,,,,,,
cabelo loiro platinado,BRL,,5000.0,900%,0%,Médio,49,,,,,,,,,,,,,,,,,,
cabelo oleoso,BRL,,5000.0,0%,0%,Médio,38,"0,24","1,72",,,,,,,,,,,,,,,,
cabelo ondulado natural,BRL,,5000.0,0%,0%,Médio,60,"0,4","1,54",,,,,,,,,,,,,,,,
cabelo prata,BRL,,5000.0,0%,0%,Médio,34,"0,51","2,55",,,,,,,,,,,,,,,,
cabelo ralo,BRL,,5000.0,0%,0%,Médio,34,"1,49","8,01",,,,,,,,,,,,,,,,
cabelo ruivo claro,BRL,,5000.0,0%,0%,Médio,53,"0,42","1,42",,,,,,,,,,,,,,,,
cabelo ruivo escuro,BRL,,5000.0,0%,0%,Médio,61,"0,48","1,34",,,,,,,,,,,,,,,,
cabelo ruivo natural,BRL,,5000.0,0%,0%,Médio,40,"0,39","2,16",,,,,,,,,,,,,,,,
cabelo seco,BRL,,5000.0,0%,0%,Médio,43,"0,31","1,59",,,,,,,,,,,,,,,,
causas da queda de cabelo,BRL,,5000.0,0%,0%,Médio,48,"0,1","1,75",,,,,,,,,,,,,,,,
como fazer luzes em casa,BRL,,5000.0,0%,0%,Médio,35,"0,24","0,6",,,,,,,,,,,,,,,,
como fazer o cabelo crescer mais rápido,BRL,,5000.0,0%,0%,Médio,65,"0,2","1,44",,,,,,,,,,,,,,,,
como pintar o cabelo em casa,BRL,,5000.0,0%,0%,Médio,36,"0,17","0,77",,,,,,,,,,,,,,,,
como tirar o laranja do cabelo,BRL,,5000.0,0%,0%,Médio,59,"0,3","1,78",,,,,,,,,,,,,,,,
corte bordado,BRL,,5000.0,0%,0%,Médio,54,"0,22","1,12",,,,,,,,,,,,,,,,
couro cabeludo inflamado,BRL,,5000.0,0%,0%,Médio,47,"0,2","2,55",,,,,,,,,,,,,,,,
descamação do couro cabeludo,BRL,,5000.0,0%,0%,Médio,66,"0,1","0,84",,,,,,,,,,,,,,,,
queda de cabelo por estresse,BRL,,5000.0,0%,-90%,Médio,35,"0,21","3,84",,,,,,,,,,,,,,,,
queda de cabelo pós parto,BRL,,5000.0,0%,0%,Médio,42,"0,06","0,59",,,,,,,,,,,,,,,,
rabo de cavalo alto,BRL,,5000.0,0%,0%,Médio,46,"0,12","1,06",,,,,,,,,,,,,,,,
rabo de cavalo elegante,BRL,,5000.0,0%,0%,Médio,47,"0,1","4,02",,,,,,,,,,,,,,,,
tranças africanas,BRL,,5000.0,0%,0%,Médio,43,,,,,,,,,,,,,,,,,,
alopecia areata causas,BRL,,5000.0,0%,0%,Baixo,16,"0,06","2,18",,,,,,,,,,,,,,,,
alopecia frontal fibrosante,BRL,,5000.0,0%,0%,Baixo,7,"0,57","4,03",,,,,,,,,,,,,,,,
alopecia por tração,BRL,,5000.0,0%,0%,Baixo,4,"0,29","3,58",,,,,,,,,,,,,,,,
alopecia universal,BRL,,5000.0,0%,0%,Baixo,3,"0,77","4,85",,,,,,,,,,,,,,,,
big chop,BRL,,5000.0,0%,0%,Baixo,0,"0,24","1,81",,,,,,,,,,,,,,,,
cabelo arco íris,BRL,,5000.0,0%,0%,Baixo,12,,,,,,,,,,,,,,,,,,
cabelo crespo curto,BRL,,5000.0,0%,0%,Baixo,8,"0,38","1,71",,,,,,,,,,,,,,,,
cabelo grosso,BRL,,5000.0,0%,-90%,Baixo,2,,,,,,,,,,,,,,,,,,
cabelo liso natural,BRL,,5000.0,0%,-90%,Baixo,27,,,,,,,,,,,,,,,,,,
cabelo loiro natural,BRL,,5000.0,0%,0%,Baixo,23,"0,54","2,4",,,,,,,,,,,,,,,,
cabelo opaco,BRL,,5000.0,0%,0%,Baixo,24,"0,21","1,76",,,,,,,,,,,,,,,,
cabelo preto natural,BRL,,5000.0,0%,0%,Baixo,13,,,,,,,,,,,,,,,,,,
cabelo rosa,BRL,,5000.0,0%,0%,Baixo,21,"0,27","2,47",,,,,,,,,,,,,,,,
cabelo verde,BRL,,5000.0,0%,0%,Baixo,4,,,,,,,,,,,,,,,,,,
cabelo volumoso,BRL,,5000.0,0%,0%,Baixo,4,"0,39","3,85",,,,,,,,,,,,,,,,
chá de alecrim para cabelo,BRL,,5000.0,0%,0%,Baixo,27,"0,09","1,49",,,,,,,,,,,,,,,,
colorimetria capilar,BRL,,5000.0,0%,0%,Baixo,28,"0,45","1,95",,,,,,,,,,,,,,,,
como cortar o cabelo em casa,BRL,,5000.0,0%,0%,Baixo,4,"0,3","2,03",,,,,,,,,,,,,,,,
como lavar o cabelo corretamente,BRL,,5000.0,0%,0%,Baixo,12,"0,1","0,99",,,,,,,,,,,,,,,,
como usar babyliss,BRL,,5000.0,0%,0%,Baixo,21,"0,1","1,38",,,,,,,,,,,,,,,,
como usar minoxidil,BRL,,5000.0,0%,0%,Baixo,20,"0,05","2,05",,,,,,,,,,,,,,,,
como usar óleo de alecrim no cabelo,BRL,,5000.0,0%,0%,Baixo,22,"0,04","1,44",,,,,,,,,,,,,,,,
comparações,BRL,,5000.0,0%,0%,Baixo,1,"0,84","5,85",,,,,,,,,,,,,,,,
coque alto,BRL,,5000.0,0%,0%,Baixo,10,,,,,,,,,,,,,,,,,,
coque baixo,BRL,,5000.0,0%,0%,Baixo,8,,,,,,,,,,,,,,,,,,
coque despojado,BRL,,5000.0,0%,0%,Baixo,21,"0,86","4,03",,,,,,,,,,,,,,,,
corte bob,BRL,,5000.0,0%,0%,Baixo,0,"0,19","1,71",,,,,,,,,,,,,,,,
corte chanel de bico,BRL,,5000.0,0%,0%,Baixo,0,"0,29","1,81",,,,,,,,,,,,,,,,
corte desfiado,BRL,,5000.0,0%,0%,Baixo,0,,,,,,,,,,,,,,,,,,
corte em camadas longas,BRL,,5000.0,0%,0%,Baixo,0,,,,,,,,,,,,,,,,,,
corte em u,BRL,,5000.0,0%,0%,Baixo,0,,,,,,,,,,,,,,,,,,
corte repicado,BRL,,5000.0,0%,-90%,Baixo,0,"0,21","2,02",,,,,,,,,,,,,,,,
corte reto,BRL,,5000.0,0%,0%,Baixo,0,,,,,,,,,,,,,,,,,,
corte shaggy,BRL,,5000.0,0%,0%,Baixo,0,"0,27","1,67",,,,,,,,,,,,,,,,
corte wolf cut,BRL,,5000.0,0%,0%,Baixo,0,,,,,,,,,,,,,,,,,,
cortes de cabelo para rosto oval,BRL,,5000.0,0%,-90%,Baixo,1,"0,37","1,92",,,,,,,,,,,,,,,,
cortes de cabelo para rosto quadrado,BRL,,5000.0,0%,0%,Baixo,1,"0,55","2,4",,,,,,,,,,,,,,,,
cortes modernos femininos,BRL,,5000.0,0%,0%,Baixo,1,"0,21","1,94",,,,,,,,,,,,,,,,
cortes modernos masculinos,BRL,,5000.0,0%,0%,Baixo,1,"1,23","2,58",,,,,,,,,,,,,,,,
cortes para cabelo crespo,BRL,,5000.0,0%,-90%,Baixo,1,"0,4","2,06",,,,,,,,,,,,,,,,
cortes para cabelo longo,BRL,,5000.0,0%,0%,Baixo,0,"0,53","4,28",,,,,,,,,,,,,,,,
cortes para cabelo médio,BRL,,5000.0,0%,0%,Baixo,0,"0,31","3,07",,,,,,,,,,,,,,,,
efeitos colaterais do minoxidil,BRL,,5000.0,0%,0%,Baixo,6,"0,04","0,33",,,,,,,,,,,,,,,,
entradas no cabelo,BRL,,5000.0,0%,0%,Baixo,31,"3,12","14,97",,,,,,,,,,,,,,,,
feridas no couro cabeludo,BRL,,5000.0,0%,0%,Baixo,13,"0,22","1,31",,,,,,,,,,,,,,,,
foliculite capilar,BRL,,5000.0,0%,0%,Baixo,15,"0,16","1,11",,,,,,,,,,,,,,,,
foliculite no couro cabeludo,BRL,,5000.0,0%,-90%,Baixo,24,"0,11","0,88",,,,,,,,,,,,,,,,
fundo de clareamento,BRL,,5000.0,0%,0%,Baixo,0,,,,,,,,,,,,,,,,,,
hidratação com babosa,BRL,,5000.0,0%,0%,Baixo,20,"0,03","0,51",,,,,,,,,,,,,,,,
mechas californianas,BRL,,5000.0,0%,0%,Baixo,6,,,,,,,,,,,,,,,,,,
mechas invertidas,BRL,,5000.0,0%,-90%,Baixo,0,,,,,,,,,,,,,,,,,,
mechas no cabelo,BRL,,5000.0,0%,0%,Baixo,10,"0,62","2,15",,,,,,,,,,,,,,,,
micose no couro cabeludo,BRL,,5000.0,0%,0%,Baixo,1,"0,13","3,12",,,,,,,,,,,,,,,,
penteado com cabelo solto,BRL,,5000.0,0%,0%,Baixo,0,"0,33","3,71",,,,,,,,,,,,,,,,
penteados para cabelos longos,BRL,,5000.0,0%,-90%,Baixo,1,"0,6","2,6",,,,,,,,,,,,,,,,
penteados para cabelos ondulados,BRL,,5000.0,0%,0%,Baixo,0,,,,,,,,,,,,,,,,,,
penteados para escola,BRL,,5000.0,0%,0%,Baixo,0,,,,,,,,,,,,,,,,,,
penteados para festas,BRL,,5000.0,0%,-90%,Baixo,4,"0,42","2,18",,,,,,,,,,,,,,,,
penteados para trabalho,BRL,,5000.0,0%,0%,Baixo,0,,,,,,,,,,,,,,,,,,
quanto o cabelo cresce por mês,BRL,,5000.0,0%,0%,Baixo,4,"0,14","0,5",,,,,,,,,,,,,,,,
quanto tempo deixar a tinta no cabelo,BRL,,5000.0,0%,0%,Baixo,3,"0,24","0,97",,,,,,,,,,,,,,,,
rabo de cavalo baixo,BRL,,5000.0,0%,0%,Baixo,4,,,,,,,,,,,,,,,,,,
ruivo iluminado,BRL,,5000.0,0%,0%,Baixo,8,,,,,,,,,,,,,,,,,,
tipos de alopecia,BRL,,5000.0,0%,0%,Baixo,10,"0,12","3,82",,,,,,,,,,,,,,,,
tranças boxeadoras,BRL,,5000.0,0%,0%,Baixo,1,,,,,,,,,,,,,,,,,,
tranças embutidas,BRL,,5000.0,0%,0%,Baixo,1,,,,,,,,,,,,,,,,,,
tranças para cabelo cacheado,BRL,,5000.0,0%,0%,Baixo,8,"1,42","3,54",,,,,,,,,,,,,,,,
acessórios para cabelo,BRL,,5000.0,0%,0%,Alto,100,"0,19","1,35",,,,,,,,,,,,,,,,
alecrim para cabelo,BRL,,5000.0,0%,0%,Alto,96,"0,18","1,95",,,,,,,,,,,,,,,,
alta frequência capilar,BRL,,5000.0,0%,0%,Alto,100,"0,29","2,19",,,,,,,,,,,,,,,,
aminoácidos para cabelo,BRL,,5000.0,0%,0%,Alto,98,"0,22","1,75",,,,,,,,,,,,,,,,
aminoácidos para o cabelo,BRL,,5000.0,0%,0%,Alto,98,"0,22","1,75",,,,,,,,,,,,,,,,
banho de brilho,BRL,,5000.0,0%,0%,Alto,97,"0,18","1,03",,,,,,,,,,,,,,,,
cabelo borgonha,BRL,,5000.0,0%,0%,Alto,89,"0,53","1,98",,,,,,,,,,,,,,,,
cabelo castanho acobreado,BRL,,5000.0,0%,0%,Alto,78,"0,7","2,39",,,,,,,,,,,,,,,,
cabelo castanho chocolate,BRL,,5000.0,0%,0%,Alto,93,"0,6","2,39",,,,,,,,,,,,,,,,
cabelo castanho dourado,BRL,,5000.0,0%,0%,Alto,93,"0,7","1,91",,,,,,,,,,,,,,,,
cabelo castanho médio,BRL,,5000.0,0%,-90%,Alto,92,"0,72","2,61",,,,,,,,,,,,,,,,
cabelo cobre,BRL,,5000.0,0%,0%,Alto,78,,,,,,,,,,,,,,,,,,
cabelo elástico,BRL,,5000.0,0%,0%,Alto,75,"0,17","0,99",,,,,,,,,,,,,,,,
cabelo emborrachado,BRL,,5000.0,0%,0%,Alto,100,"0,25","1,13",,,,,,,,,,,,,,,,
cabelo loiro acinzentado,BRL,,5000.0,0%,0%,Alto,81,"0,46","2,01",,,,,,,,,,,,,,,,
cabelo loiro claro,BRL,,5000.0,0%,0%,Alto,74,"0,25","0,96",,,,,,,,,,,,,,,,
cabelo loiro perolado,BRL,,5000.0,0%,0%,Alto,94,"0,46","1,43",,,,,,,,,,,,,,,,
cabelo quebradiço,BRL,,5000.0,0%,0%,Alto,89,"0,15","1,41",,,,,,,,,,,,,,,,
cabelo ressecado,BRL,,5000.0,0%,0%,Alto,78,"0,3","1,79",,,,,,,,,,,,,,,,
cabelo ruivo acobreado,BRL,,5000.0,0%,0%,Alto,85,"0,35","1,46",,,,,,,,,,,,,,,,
calvície masculina,BRL,,5000.0,0%,0%,Alto,91,"2,22","11,98",,,,,,,,,,,,,,,,
coceira no couro cabeludo,BRL,,5000.0,0%,0%,Alto,81,"0,09","1,44",,,,,,,,,,,,,,,,
coloração sem amônia,BRL,,5000.0,0%,0%,Alto,100,"0,6","1,83",,,,,,,,,,,,,,,,
como clarear o cabelo,BRL,,5000.0,0%,0%,Alto,97,"0,15","0,94",,,,,,,,,,,,,,,,
como recuperar cabelo quebrado,BRL,,5000.0,900%,0%,Alto,100,"0,15","1,42",,,,,,,,,,,,,,,,
como tirar o amarelo do cabelo,BRL,,5000.0,0%,0%,Alto,99,"0,22","0,8",,,,,,,,,,,,,,,,
condicionador para cabelo cacheado,BRL,,5000.0,0%,0%,Alto,100,"0,27","2,64",,,,,,,,,,,,,,,,
creme para cabelo crespo,BRL,,5000.0,0%,0%,Alto,100,"0,4","2,41",,,,,,,,,,,,,,,,
creme para cabelo ondulado,BRL,,5000.0,0%,0%,Alto,100,"0,24","1,5",,,,,,,,,,,,,,,,
creme para cabelo ressecado,BRL,,5000.0,0%,0%,Alto,100,"0,29","1,52",,,,,,,,,,,,,,,,
cronograma capilar para cabelo cacheado,BRL,,5000.0,0%,-90%,Alto,99,"0,35","1,41",,,,,,,,,,,,,,,,
detox capilar,BRL,,5000.0,0%,0%,Alto,100,,,,,,,,,,,,,,,,,,
escova progressiva,BRL,,5000.0,0%,0%,Alto,100,"0,29","2,7",,,,,,,,,,,,,,,,
esfoliação do couro cabeludo,BRL,,5000.0,0%,0%,Alto,100,"0,22","1,79",,,,,,,,,,,,,,,,
faixas para cabelo,BRL,,5000.0,0%,0%,Alto,100,"0,19","1,47",,,,,,,,,,,,,,,,
gel para cabelo cacheado,BRL,,5000.0,0%,0%,Alto,100,"0,23","2,24",,,,,,,,,,,,,,,,
gelatina capilar,BRL,,5000.0,0%,0%,Alto,100,"0,2","1,54",,,,,,,,,,,,,,,,
glicerina para cabelo,BRL,,5000.0,0%,0%,Alto,87,"0,11","0,7",,,,,,,,,,,,,,,,
henna para cabelo,BRL,,5000.0,0%,0%,Alto,100,"0,1","0,74",,,,,,,,,,,,,,,,
hidratação capilar,BRL,,5000.0,0%,0%,Alto,100,"0,22","1,79",,,,,,,,,,,,,,,,
hidratação para cabelos cacheados,BRL,,5000.0,0%,0%,Alto,100,"0,31","2,01",,,,,,,,,,,,,,,,
hidratação para cabelos ressecados,BRL,,5000.0,0%,0%,Alto,100,"0,17","1,37",,,,,,,,,,,,,,,,
laser capilar,BRL,,5000.0,0%,0%,Alto,100,"0,31","4,1",,,,,,,,,,,,,,,,
massagem capilar,BRL,,5000.0,0%,-90%,Alto,81,"0,49","2,49",,,,,,,,,,,,,,,,
melhor shampoo para cabelo cacheado,BRL,,5000.0,0%,0%,Alto,100,"0,17","1,95",,,,,,,,,,,,,,,,
melhor shampoo para cabelo oleoso,BRL,,5000.0,0%,0%,Alto,100,"0,16","1,81",,,,,,,,,,,,,,,,
melhor shampoo para queda de cabelo,BRL,,5000.0,0%,0%,Alto,100,"0,3","3,08",,,,,,,,,,,,,,,,
microagulhamento capilar,BRL,,5000.0,0%,0%,Alto,97,"1,61","6,95",,,,,,,,,,,,,,,,
máscara de reconstrução,BRL,,5000.0,900%,900%,Alto,100,"0,22","1,58",,,,,,,,,,,,,,,,
máscara para cabelo ressecado,BRL,,5000.0,900%,900%,Alto,100,"0,26","1,79",,,,,,,,,,,,,,,,
máscara para cabelos cacheados,BRL,,5000.0,0%,0%,Alto,100,"0,37","2,49",,,,,,,,,,,,,,,,
nutrição capilar,BRL,,5000.0,0%,0%,Alto,100,"0,27","1,91",,,,,,,,,,,,,,,,
pantenol para cabelo,BRL,,5000.0,900%,0%,Alto,99,"0,28","1,91",,,,,,,,,,,,,,,,
presilhas para cabelo,BRL,,5000.0,0%,0%,Alto,100,"0,18","1,56",,,,,,,,,,,,,,,,
progressiva no cabelo,BRL,,5000.0,0%,0%,Alto,92,"0,22","1,97",,,,,,,,,,,,,,,,
protetor solar capilar,BRL,,5000.0,900%,0%,Alto,100,"0,22","2,54",,,,,,,,,,,,,,,,
protetor térmico capilar,BRL,,5000.0,0%,0%,Alto,100,"0,18","1,05",,,,,,,,,,,,,,,,
proteína capilar,BRL,,5000.0,0%,0%,Alto,100,"0,19","1,48",,,,,,,,,,,,,,,,
queda de cabelo excessiva,BRL,,5000.0,0%,0%,Alto,98,"0,12","2,42",,,,,,,,,,,,,,,,
queda de cabelo feminino,BRL,,5000.0,0%,0%,Alto,100,"0,3","2,65",,,,,,,,,,,,,,,,
queda de cabelo masculino,BRL,,5000.0,0%,0%,Alto,99,"1,09","5,96",,,,,,,,,,,,,,,,
queratina líquida,BRL,,5000.0,0%,0%,Alto,98,"0,14","0,84",,,,,,,,,,,,,,,,
reconstrução capilar caseira,BRL,,5000.0,0%,0%,Alto,75,"0,12",1,,,,,,,,,,,,,,,,
relaxamento capilar,BRL,,5000.0,0%,0%,Alto,99,"0,18","1,26",,,,,,,,,,,,,,,,
shampoo antirresíduos,BRL,,5000.0,0%,0%,Alto,100,"0,17","1,59",,,,,,,,,,,,,,,,
shampoo azul,BRL,,5000.0,0%,0%,Alto,100,"0,23","1,68",,,,,,,,,,,,,,,,
shampoo com biotina,BRL,,5000.0,0%,-90%,Alto,100,"0,21","2,72",,,,,,,,,,,,,,,,
shampoo de cetoconazol,BRL,,5000.0,0%,900%,Alto,100,"0,17","1,03",,,,,,,,,,,,,,,,
shampoo nutritivo,BRL,,5000.0,0%,0%,Alto,100,"0,29","2,6",,,,,,,,,,,,,,,,
shampoo para couro cabeludo sensível,BRL,,5000.0,0%,0%,Alto,100,"0,34","2,32",,,,,,,,,,,,,,,,
shampoo para crescimento capilar,BRL,,5000.0,0%,0%,Alto,100,"0,91","5,04",,,,,,,,,,,,,,,,
shampoo roxo,BRL,,5000.0,0%,0%,Alto,100,"0,28","2,27",,,,,,,,,,,,,,,,
suplementos para cabelo,BRL,,5000.0,0%,0%,Alto,100,"0,95","5,3",,,,,,,,,,,,,,,,
sérum capilar,BRL,,5000.0,900%,900%,Alto,100,"0,37","3,36",,,,,,,,,,,,,,,,
terapia capilar,BRL,,5000.0,0%,-90%,Alto,90,"1,67","6,14",,,,,,,,,,,,,,,,
tiara para cabelo,BRL,,5000.0,0%,0%,Alto,100,"0,13","1,16",,,,,,,,,,,,,,,,
tratamentos para alopecia,BRL,,5000.0,0%,0%,Alto,98,"1,09","4,99",,,,,,,,,,,,,,,,
tônico de alecrim,BRL,,5000.0,0%,0%,Alto,100,"0,16","1,68",,,,,,,,,,,,,,,,
tônico para queda de cabelo,BRL,,5000.0,0%,0%,Alto,100,"0,3","2,63",,,,,,,,,,,,,,,,
tônicos para crescimento capilar,BRL,,5000.0,900%,900%,Alto,100,"0,3","3,64",,,,,,,,,,,,,,,,
umectação noturna,BRL,,5000.0,0%,0%,Alto,99,"0,09","0,74",,,,,,,,,,,,,,,,
vitaminas para queda de cabelo feminino,BRL,,5000.0,0%,0%,Alto,100,"0,49","2,1",,,,,,,,,,,,,,,,
óleo de abacate para cabelo,BRL,,5000.0,0%,0%,Alto,100,"0,22","1,81",,,,,,,,,,,,,,,,
óleo de amêndoas para cabelo,BRL,,5000.0,0%,900%,Alto,99,"0,12","1,45",,,,,,,,,,,,,,,,
óleo de argan para cabelo,BRL,,5000.0,0%,0%,Alto,100,"0,16","1,14",,,,,,,,,,,,,,,,
óleo de jojoba para cabelo,BRL,,5000.0,0%,0%,Alto,100,"0,17","1,53",,,,,,,,,,,,,,,,
óleo de rícino para cabelo,BRL,,5000.0,900%,0%,Alto,100,"0,15","0,58",,,,,,,,,,,,,,,,
óleo de semente de uva para cabelo,BRL,,5000.0,0%,0%,Alto,100,"0,18","2,14",,,,,,,,,,,,,,,,
óleos essenciais para cabelo,BRL,,5000.0,0%,0%,Alto,100,"0,29","1,72",,,,,,,,,,,,,,,,
alimentação para evitar queda de cabelo,BRL,,500.0,0%,0%,Médio,40,"0,01","1,35",,,,,,,,,,,,,,,,
alimentos que ajudam o cabelo a crescer,BRL,,500.0,0%,0%,Médio,41,"0,01","0,5",,,,,,,,,,,,,,,,
cabelo cacheado fino,BRL,,500.0,0%,0%,Médio,34,"0,48","2,38",,,,,,,,,,,,,,,,
cabelo castanho quente,BRL,,500.0,0%,0%,Médio,59,,,,,,,,,,,,,,,,,,
cabelo com caspa,BRL,,500.0,0%,0%,Médio,42,"0,4","1,21",,,,,,,,,,,,,,,,
cabelo desidratado,BRL,,500.0,0%,0%,Médio,35,"0,23","2,47",,,,,,,,,,,,,,,,
cabelo loiro amanteigado,BRL,,500.0,0%,-90%,Médio,36,,,,,,,,,,,,,,,,,,
cabelo loiro bege,BRL,,500.0,0%,0%,Médio,48,"0,37","1,34",,,,,,,,,,,,,,,,
cabelo loiro champagne,BRL,,500.0,0%,0%,Médio,60,,,,,,,,,,,,,,,,,,
cabelo loiro manteiga,BRL,,500.0,0%,0%,Médio,35,,,,,,,,,,,,,,,,,,
cabelo loiro médio,BRL,,500.0,0%,0%,Médio,66,,,,,,,,,,,,,,,,,,
cabelo ondulado fino,BRL,,500.0,0%,0%,Médio,37,"0,27","1,23",,,,,,,,,,,,,,,,
cabelo sem brilho,BRL,,500.0,0%,0%,Médio,59,"0,14","1,29",,,,,,,,,,,,,,,,
caspa oleosa,BRL,,500.0,0%,0%,Médio,59,"0,31","1,02",,,,,,,,,,,,,,,,
caspa seca,BRL,,500.0,0%,0%,Médio,46,"0,1","0,93",,,,,,,,,,,,,,,,
causas da queda de cabelo feminino,BRL,,500.0,0%,0%,Médio,55,"0,09","1,28",,,,,,,,,,,,,,,,
causas da queda de cabelo masculino,BRL,,500.0,-90%,-90%,Médio,45,"0,12","2,39",,,,,,,,,,,,,,,,
como deixar o cabelo macio,BRL,,500.0,0%,0%,Médio,39,"0,16","1,39",,,,,,,,,,,,,,,,
como dormir sem amassar o cabelo,BRL,,500.0,0%,0%,Médio,38,"0,03","1,27",,,,,,,,,,,,,,,,
como fazer umectação capilar,BRL,,500.0,0%,-90%,Médio,42,"0,06","0,58",,,,,,,,,,,,,,,,
como retocar a raiz do cabelo,BRL,,500.0,0%,0%,Médio,45,"0,19","0,69",,,,,,,,,,,,,,,,
como tirar manchas de tinta da pele,BRL,,500.0,0%,0%,Médio,34,"0,05","0,41",,,,,,,,,,,,,,,,
dermatite seborreica no couro cabeludo,BRL,,500.0,900%,0%,Médio,35,"0,07","1,58",,,,,,,,,,,,,,,,
falhas no couro cabeludo,BRL,,500.0,0%,0%,Médio,44,"1,1","4,97",,,,,,,,,,,,,,,,
ferro para cabelo,BRL,,500.0,0%,0%,Médio,57,"0,72","7,42",,,,,,,,,,,,,,,,
penteados com acessórios,BRL,,500.0,900%,0%,Médio,50,,,,,,,,,,,,,,,,,,
permanente capilar,BRL,,500.0,0%,0%,Médio,35,"0,41","3,08",,,,,,,,,,,,,,,,
queda de cabelo na menopausa,BRL,,500.0,0%,0%,Médio,57,"0,07","1,96",,,,,,,,,,,,,,,,
queda de cabelo repentina,BRL,,500.0,0%,0%,Médio,40,"0,11","3,05",,,,,,,,,,,,,,,,
alimentos ricos em biotina,BRL,,500.0,0%,-90%,Baixo,11,"0,01","0,12",,,,,,,,,,,,,,,,
alopecia areata em mulheres,BRL,,500.0,0%,0%,Baixo,0,,,,,,,,,,,,,,,,,,
alopecia areata infantil,BRL,,500.0,0%,0%,Baixo,2,,,,,,,,,,,,,,,,,,
alopecia areata na barba,BRL,,500.0,0%,0%,Baixo,2,"0,01","2,03",,,,,,,,,,,,,,,,
alopecia areata na sobrancelha,BRL,,500.0,0%,900%,Baixo,1,,,,,,,,,,,,,,,,,,
alopecia difusa,BRL,,500.0,0%,0%,Baixo,2,"1,3","4,99",,,,,,,,,,,,,,,,
alopecia masculina,BRL,,500.0,0%,0%,Baixo,24,"1,3","6,2",,,,,,,,,,,,,,,,
alopecia total,BRL,,500.0,0%,0%,Baixo,2,,,,,,,,,,,,,,,,,,
anatomia do cabelo,BRL,,500.0,0%,0%,Baixo,2,,,,,,,,,,,,,,,,,,
ardência no couro cabeludo,BRL,,500.0,0%,0%,Baixo,9,"0,11","1,72",,,,,,,,,,,,,,,,
cabelo cacheado volumoso,BRL,,500.0,0%,0%,Baixo,13,,,,,,,,,,,,,,,,,,
cabelo cheio,BRL,,500.0,0%,0%,Baixo,2,,,,,,,,,,,,,,,,,,
cabelo com cutículas abertas,BRL,,500.0,0%,0%,Baixo,28,,,,,,,,,,,,,,,,,,
cabelo com pontas duplas,BRL,,500.0,0%,-90%,Baixo,20,"0,1","1,44",,,,,,,,,,,,,,,,
cabelo com redemoinho,BRL,,500.0,0%,0%,Baixo,0,,,,,,,,,,,,,,,,,,
cabelo cresce quantos centímetros por dia,BRL,,500.0,900%,900%,Baixo,3,,,,,,,,,,,,,,,,,,
cabelo crespo longo,BRL,,500.0,0%,0%,Baixo,14,,,,,,,,,,,,,,,,,,
cabelo crespo volumoso,BRL,,500.0,0%,0%,Baixo,10,,,,,,,,,,,,,,,,,,
cabelo liso fino,BRL,,500.0,0%,0%,Baixo,7,,,,,,,,,,,,,,,,,,
cabelo liso grosso,BRL,,500.0,0%,0%,Baixo,0,,,,,,,,,,,,,,,,,,
cabelo liso volumoso,BRL,,500.0,0%,0%,Baixo,2,,,,,,,,,,,,,,,,,,
cabelo misto,BRL,,500.0,0%,0%,Baixo,8,,,,,,,,,,,,,,,,,,
cabelo normal,BRL,,500.0,0%,0%,Baixo,6,,,,,,,,,,,,,,,,,,
cabelo ondulado grosso,BRL,,500.0,0%,0%,Baixo,2,,,,,,,,,,,,,,,,,,
cabelo que não cresce,BRL,,500.0,0%,0%,Baixo,29,"0,34","3,08",,,,,,,,,,,,,,,,
cabelo ralo no topo da cabeça,BRL,,500.0,900%,9900%,Baixo,2,"1,53","5,93",,,,,,,,,,,,,,,,
cabelo tipo 1a,BRL,,500.0,0%,900%,Baixo,1,,,,,,,,,,,,,,,,,,
cabelo tipo 1b,BRL,,500.0,0%,900%,Baixo,1,,,,,,,,,,,,,,,,,,
cabelo tipo 1c,BRL,,500.0,0%,0%,Baixo,1,,,,,,,,,,,,,,,,,,
cabelo tipo 2a,BRL,,500.0,0%,0%,Baixo,1,,,,,,,,,,,,,,,,,,
cabelo tipo 2b,BRL,,500.0,0%,0%,Baixo,1,,,,,,,,,,,,,,,,,,
cabelo tipo 2c,BRL,,500.0,0%,0%,Baixo,1,,,,,,,,,,,,,,,,,,
cabelo tipo 3a,BRL,,500.0,0%,0%,Baixo,4,,,,,,,,,,,,,,,,,,
cabelo tipo 3b,BRL,,500.0,0%,0%,Baixo,4,,,,,,,,,,,,,,,,,,
cabelo tipo 3c,BRL,,500.0,0%,0%,Baixo,7,"0,08","1,83",,,,,,,,,,,,,,,,
cabelo tipo 4a,BRL,,500.0,0%,0%,Baixo,3,,,,,,,,,,,,,,,,,,
cabelo tipo 4b,BRL,,500.0,0%,0%,Baixo,19,,,,,,,,,,,,,,,,,,
cabelo tipo 4c,BRL,,500.0,0%,0%,Baixo,10,,,,,,,,,,,,,,,,,,
calvície precoce,BRL,,500.0,0%,0%,Baixo,26,"1,92","9,7",,,,,,,,,,,,,,,,
carboxiterapia capilar,BRL,,500.0,0%,0%,Baixo,12,"1,93","5,16",,,,,,,,,,,,,,,,
como cortar franja em casa,BRL,,500.0,0%,900%,Baixo,2,"0,33","1,64",,,,,,,,,,,,,,,,
como descobrir meu tipo de cabelo,BRL,,500.0,0%,0%,Baixo,10,"0,2","0,63",,,,,,,,,,,,,,,,
como fazer escova em casa,BRL,,500.0,-90%,-90%,Baixo,5,"0,01","0,33",,,,,,,,,,,,,,,,
como fazer escova modelada,BRL,,500.0,0%,0%,Baixo,4,,,,,,,,,,,,,,,,,,
como fazer teste de mecha,BRL,,500.0,0%,0%,Baixo,0,,,,,,,,,,,,,,,,,,
como identificar alopecia,BRL,,500.0,0%,900%,Baixo,20,"0,11","2,52",,,,,,,,,,,,,,,,
como lavar cabelo cacheado,BRL,,500.0,0%,0%,Baixo,19,"0,28","1,45",,,,,,,,,,,,,,,,
como lavar cabelo crespo,BRL,,500.0,0%,900%,Baixo,3,"0,33","1,02",,,,,,,,,,,,,,,,
como usar protetor térmico,BRL,,500.0,0%,0%,Baixo,14,"0,09","0,4",,,,,,,,,,,,,,,,
composição química do cabelo,BRL,,500.0,0%,0%,Baixo,1,,,,,,,,,,,,,,,,,,
coques fáceis,BRL,,500.0,0%,0%,Baixo,3,,,,,,,,,,,,,,,,,,
corte bixie,BRL,,500.0,0%,900%,Baixo,0,,,,,,,,,,,,,,,,,,
corte blunt bob,BRL,,500.0,0%,0%,Baixo,0,,,,,,,,,,,,,,,,,,
corte french bob,BRL,,500.0,0%,-90%,Baixo,0,,,,,,,,,,,,,,,,,,
cortes clássicos masculinos,BRL,,500.0,0%,0%,Baixo,0,,,,,,,,,,,,,,,,,,
cortes de cabelo para cabelos finos,BRL,,500.0,0%,0%,Baixo,1,"0,26","1,87",,,,,,,,,,,,,,,,
cortes de cabelo para cabelos grossos,BRL,,500.0,0%,0%,Baixo,0,,,,,,,,,,,,,,,,,,
cortes de cabelo para mulheres acima de 50,BRL,,500.0,0%,0%,Baixo,1,,,,,,,,,,,,,,,,,,
cortes de cabelo para mulheres maduras,BRL,,500.0,0%,0%,Baixo,2,"0,2","1,25",,,,,,,,,,,,,,,,
cortes de cabelo para rosto alongado,BRL,,500.0,0%,0%,Baixo,1,,,,,,,,,,,,,,,,,,
cortes de cabelo para rosto coração,BRL,,500.0,-90%,-90%,Baixo,1,,,,,,,,,,,,,,,,,,
cortes de cabelo para rosto pequeno,BRL,,500.0,0%,-90%,Baixo,1,,,,,,,,,,,,,,,,,,
cortes de cabelo para rosto triangular,BRL,,500.0,0%,0%,Baixo,2,,,,,,,,,,,,,,,,,,
cortes de cabelo para testa grande,BRL,,500.0,0%,0%,Baixo,0,,,,,,,,,,,,,,,,,,
cortes de cabelo unissex,BRL,,500.0,0%,0%,Baixo,1,,,,,,,,,,,,,,,,,,
cortes para cabelos brancos,BRL,,500.0,0%,0%,Baixo,1,,,,,,,,,,,,,,,,,,
cortes para cabelos grisalhos,BRL,,500.0,0%,0%,Baixo,0,,,,,,,,,,,,,,,,,,
cortes para dar volume ao cabelo,BRL,,500.0,0%,0%,Baixo,0,,,,,,,,,,,,,,,,,,
cortes para disfarçar calvície,BRL,,500.0,0%,0%,Baixo,1,,,,,,,,,,,,,,,,,,
cortes para disfarçar testa grande,BRL,,500.0,0%,0%,Baixo,0,,,,,,,,,,,,,,,,,,
cortes que afinam o rosto,BRL,,500.0,0%,-90%,Baixo,2,"0,75","5,75",,,,,,,,,,,,,,,,
cortes que rejuvenescem,BRL,,500.0,0%,0%,Baixo,2,"0,17","1,6",,,,,,,,,,,,,,,,
couro cabeludo ardendo,BRL,,500.0,0%,0%,Baixo,7,"0,12","1,67",,,,,,,,,,,,,,,,
couro cabeludo com espinhas,BRL,,500.0,0%,0%,Baixo,12,"0,37","2,18",,,,,,,,,,,,,,,,
couro cabeludo com feridas,BRL,,500.0,0%,0%,Baixo,7,"0,44","3,03",,,,,,,,,,,,,,,,
couro cabeludo dolorido e queda de cabelo,BRL,,500.0,0%,0%,Baixo,28,"0,13","2,73",,,,,,,,,,,,,,,,
couro cabeludo sensível ao toque,BRL,,500.0,0%,0%,Baixo,7,"0,12","1,76",,,,,,,,,,,,,,,,
crostas no couro cabeludo,BRL,,500.0,0%,0%,Baixo,12,"0,13","1,08",,,,,,,,,,,,,,,,
cutícula capilar,BRL,,500.0,0%,0%,Baixo,9,,,,,,,,,,,,,,,,,,
córtex capilar,BRL,,500.0,0%,0%,Baixo,2,,,,,,,,,,,,,,,,,,
de quanto em quanto tempo cortar o cabelo,BRL,,500.0,0%,0%,Baixo,3,,,,,,,,,,,,,,,,,,
dermatite de contato no couro cabeludo,BRL,,500.0,0%,0%,Baixo,5,"0,18","1,17",,,,,,,,,,,,,,,,
diferença entre botox e progressiva,BRL,,500.0,0%,0%,Baixo,0,,,,,,,,,,,,,,,,,,
diferença entre cabelo crespo e cacheado,BRL,,500.0,0%,0%,Baixo,12,"0,11","0,53",,,,,,,,,,,,,,,,
diferença entre cabelo ondulado e cacheado,BRL,,500.0,-90%,0%,Baixo,11,"0,04","0,38",,,,,,,,,,,,,,,,
diferença entre selagem e progressiva,BRL,,500.0,0%,0%,Baixo,6,"0,03","0,34",,,,,,,,,,,,,,,,
diferença entre tinta e tonalizante,BRL,,500.0,0%,0%,Baixo,19,"0,01","0,53",,,,,,,,,,,,,,,,
eczema no couro cabeludo,BRL,,500.0,0%,0%,Baixo,9,"0,27","2,26",,,,,,,,,,,,,,,,
eflúvio anágeno,BRL,,500.0,0%,0%,Baixo,1,"0,15","2,38",,,,,,,,,,,,,,,,
eflúvio telógeno crônico,BRL,,500.0,-90%,0%,Baixo,17,"0,2","4,48",,,,,,,,,,,,,,,,
estrutura do fio de cabelo,BRL,,500.0,0%,0%,Baixo,1,,,,,,,,,,,,,,,,,,
exames para queda de cabelo feminino,BRL,,500.0,0%,0%,Baixo,13,"1,14","2,57",,,,,,,,,,,,,,,,
excesso de queratina no cabelo,BRL,,500.0,0%,0%,Baixo,5,,,,,,,,,,,,,,,,,,
fases do crescimento capilar,BRL,,500.0,0%,-90%,Baixo,1,,,,,,,,,,,,,,,,,,
frutas que ajudam no crescimento do cabelo,BRL,,500.0,900%,0%,Baixo,11,"0,01","0,49",,,,,,,,,,,,,,,,
hidratação com amido de milho,BRL,,500.0,0%,0%,Baixo,16,"0,01","0,48",,,,,,,,,,,,,,,,
hidratação com glicerina,BRL,,500.0,0%,0%,Baixo,13,"0,15","0,97",,,,,,,,,,,,,,,,
hidratação com mel,BRL,,500.0,0%,0%,Baixo,12,"0,04","1,56",,,,,,,,,,,,,,,,
hidratação com óleo de coco,BRL,,500.0,0%,0%,Baixo,30,"0,1","0,48",,,,,,,,,,,,,,,,
mechas babylights,BRL,,500.0,0%,0%,Baixo,1,,,,,,,,,,,,,,,,,,
mechas balayage,BRL,,500.0,0%,0%,Baixo,1,,,,,,,,,,,,,,,,,,
mechas contour,BRL,,500.0,0%,0%,Baixo,1,,,,,,,,,,,,,,,,,,
penteado com ondas,BRL,,500.0,0%,0%,Baixo,0,,,,,,,,,,,,,,,,,,
penteados para cabelos finos,BRL,,500.0,0%,0%,Baixo,0,,,,,,,,,,,,,,,,,,
penteados para cabelos volumosos,BRL,,500.0,0%,0%,Baixo,0,,,,,,,,,,,,,,,,,,
por que o cabelo fica branco,BRL,,500.0,0%,0%,Baixo,13,"0,04","0,36",,,,,,,,,,,,,,,,
problemas do couro cabeludo,BRL,,500.0,0%,0%,Baixo,10,"0,83","3,35",,,,,,,,,,,,,,,,
quantas vezes lavar o cabelo por semana,BRL,,500.0,0%,0%,Baixo,8,"0,02","0,4",,,,,,,,,,,,,,,,
quanto o cabelo cresce em 1 ano,BRL,,500.0,0%,0%,Baixo,2,,,,,,,,,,,,,,,,,,
quanto o cabelo cresce em 3 meses,BRL,,500.0,900%,900%,Baixo,2,,,,,,,,,,,,,,,,,,
quanto o cabelo cresce em 6 meses,BRL,,500.0,0%,0%,Baixo,1,,,,,,,,,,,,,,,,,,
quanto o cabelo cresce por semana,BRL,,500.0,0%,-90%,Baixo,3,,,,,,,,,,,,,,,,,,
quanto tempo deixar a hidratação no cabelo,BRL,,500.0,0%,0%,Baixo,5,"0,1","0,64",,,,,,,,,,,,,,,,
quantos centímetros o cabelo cresce por ano,BRL,,500.0,0%,0%,Baixo,2,"0,14","0,37",,,,,,,,,,,,,,,,
quantos fios de cabelo crescem por dia,BRL,,500.0,900%,0%,Baixo,1,,,,,,,,,,,,,,,,,,
queda de cabelo após o parto,BRL,,500.0,0%,0%,Baixo,2,"0,08","1,06",,,,,,,,,,,,,,,,
queda de cabelo infantil,BRL,,500.0,0%,0%,Baixo,11,"0,2","1,79",,,,,,,,,,,,,,,,
queda de cabelo na adolescência,BRL,,500.0,0%,0%,Baixo,24,"0,17","2,24",,,,,,,,,,,,,,,,
queda de cabelo na gravidez,BRL,,500.0,0%,0%,Baixo,2,"0,18","3,71",,,,,,,,,,,,,,,,
queda de cabelo por ansiedade,BRL,,500.0,0%,0%,Baixo,8,"0,23","3,16",,,,,,,,,,,,,,,,
queda de cabelo por tração,BRL,,500.0,0%,900%,Baixo,10,"0,42","2,89",,,,,,,,,,,,,,,,
sombré hair,BRL,,500.0,0%,-90%,Baixo,2,,,,,,,,,,,,,,,,,,
tendências de cortes de cabelo,BRL,,500.0,0%,0%,Baixo,1,,,,,,,,,,,,,,,,,,
umectação com azeite de oliva,BRL,,500.0,0%,0%,Baixo,12,"0,13","0,76",,,,,,,,,,,,,,,,
umectação com óleo de rícino,BRL,,500.0,0%,0%,Baixo,20,"0,12","0,67",,,,,,,,,,,,,,,,
vermelhidão no couro cabeludo,BRL,,500.0,0%,0%,Baixo,11,"0,26","1,67",,,,,,,,,,,,,,,,
alisamento capilar,BRL,,500.0,900%,0%,Alto,100,"0,16","2,55",,,,,,,,,,,,,,,,
argila para couro cabeludo,BRL,,500.0,0%,0%,Alto,95,"0,1","1,73",,,,,,,,,,,,,,,,
cabelo cacheado natural,BRL,,500.0,0%,0%,Alto,96,"0,19","1,02",,,,,,,,,,,,,,,,
cabelo cacheado ressecado,BRL,,500.0,0%,0%,Alto,89,"0,27","1,71",,,,,,,,,,,,,,,,
cabelo castanho frio,BRL,,500.0,0%,0%,Alto,85,,,,,,,,,,,,,,,,,,
cabelo crespo natural,BRL,,500.0,0%,0%,Alto,100,"0,08","1,5",,,,,,,,,,,,,,,,
cabelo ondulado com frizz,BRL,,500.0,0%,0%,Alto,68,"0,39","1,52",,,,,,,,,,,,,,,,
cabelo ressecado nas pontas,BRL,,500.0,900%,0%,Alto,95,"0,24","1,35",,,,,,,,,,,,,,,,
cabelo ruivo dourado,BRL,,500.0,0%,0%,Alto,91,,,,,,,,,,,,,,,,,,
cafeína para cabelo,BRL,,500.0,0%,0%,Alto,100,"1,43","5,9",,,,,,,,,,,,,,,,
coloração capilar,BRL,,500.0,0%,0%,Alto,75,"0,77","2,8",,,,,,,,,,,,,,,,
coloração vegetal,BRL,,500.0,0%,0%,Alto,100,"0,23","1,71",,,,,,,,,,,,,,,,
colágeno para cabelo,BRL,,500.0,0%,0%,Alto,100,"0,37","2,58",,,,,,,,,,,,,,,,
como cuidar do cabelo com luzes,BRL,,500.0,0%,0%,Alto,100,"0,1","0,77",,,,,,,,,,,,,,,,
como cuidar dos cabelos brancos,BRL,,500.0,0%,0%,Alto,100,"0,11","0,76",,,,,,,,,,,,,,,,
como dar brilho ao cabelo,BRL,,500.0,0%,0%,Alto,100,"0,12","1,38",,,,,,,,,,,,,,,,
como definir cachos,BRL,,500.0,0%,0%,Alto,97,"0,28","1,48",,,,,,,,,,,,,,,,
como diminuir o frizz,BRL,,500.0,0%,0%,Alto,68,"0,08","0,83",,,,,,,,,,,,,,,,
como escurecer o cabelo,BRL,,500.0,0%,0%,Alto,89,"0,23","1,23",,,,,,,,,,,,,,,,
como evitar pontas duplas,BRL,,500.0,0%,0%,Alto,80,"0,03","0,45",,,,,,,,,,,,,,,,
como fazer transição capilar,BRL,,500.0,0%,0%,Alto,91,"0,08","0,55",,,,,,,,,,,,,,,,
como matizar o cabelo loiro,BRL,,500.0,0%,0%,Alto,98,"0,02","0,76",,,,,,,,,,,,,,,,
como modelar o cabelo,BRL,,500.0,0%,0%,Alto,76,,,,,,,,,,,,,,,,,,
como montar um cronograma capilar,BRL,,500.0,0%,0%,Alto,96,"0,23","1,36",,,,,,,,,,,,,,,,
como recuperar cabelo danificado,BRL,,500.0,0%,0%,Alto,99,"0,37","1,57",,,,,,,,,,,,,,,,
como recuperar cabelo descolorido,BRL,,500.0,0%,-90%,Alto,100,"0,35","1,1",,,,,,,,,,,,,,,,
como recuperar cabelo elástico,BRL,,500.0,0%,0%,Alto,100,"0,24","0,98",,,,,,,,,,,,,,,,
como recuperar cabelo emborrachado,BRL,,500.0,0%,0%,Alto,100,"0,2","0,92",,,,,,,,,,,,,,,,
como recuperar cabelo poroso,BRL,,500.0,0%,-90%,Alto,100,"0,24","1,35",,,,,,,,,,,,,,,,
como recuperar cabelo ressecado,BRL,,500.0,900%,0%,Alto,100,"0,22","1,61",,,,,,,,,,,,,,,,
como remover tinta do cabelo,BRL,,500.0,0%,0%,Alto,99,"0,09","0,52",,,,,,,,,,,,,,,,
condicionador hidratante,BRL,,500.0,0%,0%,Alto,100,"0,26","2,47",,,,,,,,,,,,,,,,
condicionador para cabelo crespo,BRL,,500.0,0%,0%,Alto,100,"0,37","1,73",,,,,,,,,,,,,,,,
condicionador para cabelo oleoso,BRL,,500.0,0%,0%,Alto,100,"0,31","2,21",,,,,,,,,,,,,,,,
condicionador para cabelo seco,BRL,,500.0,0%,0%,Alto,100,"0,16","1,41",,,,,,,,,,,,,,,,
condicionador sem enxágue,BRL,,500.0,0%,0%,Alto,100,"0,24","1,95",,,,,,,,,,,,,,,,
couro cabeludo irritado,BRL,,500.0,0%,0%,Alto,69,"0,26","2,07",,,,,,,,,,,,,,,,
couro cabeludo ressecado,BRL,,500.0,0%,-90%,Alto,86,"0,03","1,7",,,,,,,,,,,,,,,,
creme para definição de cachos,BRL,,500.0,0%,0%,Alto,100,"0,2","1,39",,,,,,,,,,,,,,,,
crescimento capilar masculino,BRL,,500.0,900%,900%,Alto,99,"1,86","9,86",,,,,,,,,,,,,,,,
crescimento do cabelo,BRL,,500.0,0%,-90%,Alto,100,"0,95","7,43",,,,,,,,,,,,,,,,
cronograma capilar para cabelo com química,BRL,,500.0,0%,0%,Alto,100,"0,3","1,24",,,,,,,,,,,,,,,,
cronograma capilar para cabelo crespo,BRL,,500.0,0%,0%,Alto,100,"0,42","1,42",,,,,,,,,,,,,,,,
cronograma capilar para cabelo danificado,BRL,,500.0,0%,0%,Alto,100,"0,39","1,41",,,,,,,,,,,,,,,,
cronograma capilar para cabelo liso,BRL,,500.0,-90%,-90%,Alto,100,"0,26","1,34",,,,,,,,,,,,,,,,
cronograma capilar para cabelo poroso,BRL,,500.0,0%,0%,Alto,100,"0,35","1,41",,,,,,,,,,,,,,,,
finalizador capilar,BRL,,500.0,0%,0%,Alto,100,"0,16","1,94",,,,,,,,,,,,,,,,
grampos para penteados,BRL,,500.0,0%,0%,Alto,100,"0,16","0,74",,,,,,,,,,,,,,,,
hidratação noturna,BRL,,500.0,900%,0%,Alto,100,"0,88","4,37",,,,,,,,,,,,,,,,
hidratação para cabelos com química,BRL,,500.0,0%,0%,Alto,100,"0,26","1,34",,,,,,,,,,,,,,,,
hidratação para cabelos crespos,BRL,,500.0,0%,0%,Alto,100,"0,34","1,89",,,,,,,,,,,,,,,,
hidratação para cabelos descoloridos,BRL,,500.0,-90%,-90%,Alto,100,"0,27","1,59",,,,,,,,,,,,,,,,
hidratação para cabelos finos,BRL,,500.0,0%,0%,Alto,100,"0,31","1,63",,,,,,,,,,,,,,,,
hidratação para cabelos lisos,BRL,,500.0,0%,-90%,Alto,100,"0,18","1,95",,,,,,,,,,,,,,,,
hidratação para cabelos quebradiços,BRL,,500.0,0%,0%,Alto,100,"0,3","1,31",,,,,,,,,,,,,,,,
hidratação profunda,BRL,,500.0,0%,-90%,Alto,100,"0,4","1,96",,,,,,,,,,,,,,,,
leave in com proteção térmica,BRL,,500.0,0%,0%,Alto,100,"0,16","1,33",,,,,,,,,,,,,,,,
leave in para cabelo cacheado,BRL,,500.0,900%,900%,Alto,100,"0,2","1,58",,,,,,,,,,,,,,,,
leave in para cabelo fino,BRL,,500.0,0%,0%,Alto,100,"0,15","1,15",,,,,,,,,,,,,,,,
melhor máscara capilar,BRL,,500.0,0%,0%,Alto,100,"0,1","1,91",,,,,,,,,,,,,,,,
melhor shampoo para cabelo,BRL,,500.0,0%,0%,Alto,100,"0,29","2,39",,,,,,,,,,,,,,,,
melhor shampoo para cabelo com química,BRL,,500.0,0%,0%,Alto,100,"0,19","1,89",,,,,,,,,,,,,,,,
melhor shampoo para cabelo crespo,BRL,,500.0,0%,0%,Alto,100,"0,4","1,84",,,,,,,,,,,,,,,,
melhor shampoo para cabelo descolorido,BRL,,500.0,0%,-90%,Alto,100,"0,25","1,46",,,,,,,,,,,,,,,,
melhor shampoo para cabelo fino,BRL,,500.0,0%,0%,Alto,99,"0,14","1,53",,,,,,,,,,,,,,,,
melhor shampoo para cabelo grisalho,BRL,,500.0,0%,0%,Alto,100,"0,09","0,95",,,,,,,,,,,,,,,,
melhor shampoo para cabelo masculino,BRL,,500.0,0%,0%,Alto,100,"0,65","3,29",,,,,,,,,,,,,,,,
melhor shampoo para cabelo seco,BRL,,500.0,0%,0%,Alto,100,"0,35","2,08",,,,,,,,,,,,,,,,
máscara para cabelo danificado,BRL,,500.0,0%,0%,Alto,100,"0,24","1,14",,,,,,,,,,,,,,,,
máscara para cabelo elástico,BRL,,500.0,0%,0%,Alto,100,"0,35","1,46",,,,,,,,,,,,,,,,
máscara para cabelo poroso,BRL,,500.0,0%,0%,Alto,100,"0,24","1,39",,,,,,,,,,,,,,,,
máscara para cabelos crespos,BRL,,500.0,0%,0%,Alto,100,"0,45","2,37",,,,,,,,,,,,,,,,
máscara para cabelos grisalhos,BRL,,500.0,0%,0%,Alto,100,"0,18","1,48",,,,,,,,,,,,,,,,
máscara para cabelos loiros,BRL,,500.0,0%,0%,Alto,100,"0,25","1,21",,,,,,,,,,,,,,,,
numeração das tintas de cabelo,BRL,,500.0,0%,0%,Alto,85,"0,5","1,63",,,,,,,,,,,,,,,,
nutrição para cabelo cacheado,BRL,,500.0,0%,0%,Alto,100,"0,45","2,04",,,,,,,,,,,,,,,,
protetor térmico para cabelo fino,BRL,,500.0,0%,0%,Alto,100,"0,18","1,09",,,,,,,,,,,,,,,,
qual a melhor vitamina para o cabelo crescer,BRL,,500.0,0%,-90%,Alto,100,"0,43","1,76",,,,,,,,,,,,,,,,
queda de cabelo por falta de vitaminas,BRL,,500.0,0%,900%,Alto,90,"0,33","1,75",,,,,,,,,,,,,,,,
queratina vegetal,BRL,,500.0,0%,0%,Alto,95,"0,24","1,96",,,,,,,,,,,,,,,,
raiz oleosa e pontas secas,BRL,,500.0,0%,0%,Alto,99,"0,25","1,67",,,,,,,,,,,,,,,,
reconstrução com queratina,BRL,,500.0,0%,0%,Alto,100,"0,24","1,1",,,,,,,,,,,,,,,,
rotina capilar para cabelo cacheado,BRL,,500.0,-90%,-90%,Alto,100,"0,57","1,41",,,,,,,,,,,,,,,,
shampoo com alecrim,BRL,,500.0,0%,0%,Alto,100,"0,7","3,2",,,,,,,,,,,,,,,,
shampoo com cafeína,BRL,,500.0,0%,0%,Alto,100,"0,61","4,55",,,,,,,,,,,,,,,,
shampoo de uso diário,BRL,,500.0,0%,0%,Alto,100,"0,26","1,9",,,,,,,,,,,,,,,,
shampoo reconstrutor,BRL,,500.0,0%,0%,Alto,100,"0,27","2,55",,,,,,,,,,,,,,,,
sérum para couro cabeludo,BRL,,500.0,0%,0%,Alto,100,"0,52","2,55",,,,,,,,,,,,,,,,
sérum para crescimento capilar,BRL,,500.0,0%,900%,Alto,100,"0,47","3,99",,,,,,,,,,,,,,,,
tinta permanente para cabelo,BRL,,500.0,0%,0%,Alto,100,"0,34","1,42",,,,,,,,,,,,,,,,
touca de cetim para cabelo,BRL,,500.0,0%,0%,Alto,100,"0,15","0,83",,,,,,,,,,,,,,,,
tratamento para pontas duplas,BRL,,500.0,900%,0%,Alto,99,"0,28","1,57",,,,,,,,,,,,,,,,
vitamina b12 para cabelo,BRL,,500.0,0%,0%,Alto,100,"0,3","2,14",,,,,,,,,,,,,,,,
vitamina d para cabelo,BRL,,500.0,0%,900%,Alto,96,"0,74","4,17",,,,,,,,,,,,,,,,
vitamina para cabelo crescer rápido,BRL,,500.0,0%,0%,Alto,100,"0,35","2,06",,,,,,,,,,,,,,,,
vitamina para cabelo quebradiço,BRL,,500.0,0%,0%,Alto,99,"0,61","2,54",,,,,,,,,,,,,,,,
vitamina para cabelo ralo,BRL,,500.0,0%,0%,Alto,100,"0,55","2,62",,,,,,,,,,,,,,,,
vitaminas para crescimento do cabelo,BRL,,500.0,0%,0%,Alto,100,"0,42","2,67",,,,,,,,,,,,,,,,
zinco para cabelo,BRL,,500.0,0%,0%,Alto,96,"0,39","2,95",,,,,,,,,,,,,,,,
ácido hialurônico para cabelo,BRL,,500.0,0%,0%,Alto,98,"0,22","1,51",,,,,,,,,,,,,,,,
óleo finalizador,BRL,,500.0,0%,0%,Alto,100,"0,17","1,8",,,,,,,,,,,,,,,,
óleos para crescimento do cabelo,BRL,,500.0,0%,0%,Alto,100,"0,27","2,04",,,,,,,,,,,,,,,,
alimentos que aceleram o crescimento do cabelo,BRL,,50.0,0%,-90%,Médio,35,"0,01","0,48",,,,,,,,,,,,,,,,
cabelo afinando na frente,BRL,,50.0,0%,0%,Médio,53,"1,14","5,44",,,,,,,,,,,,,,,,
cabelo colorido pastel,BRL,,50.0,0%,0%,Médio,55,,,,,,,,,,,,,,,,,,
cabelo com excesso de oleosidade,BRL,,50.0,0%,0%,Médio,37,"0,14","0,5",,,,,,,,,,,,,,,,
cabelo com porosidade alta,BRL,,50.0,0%,0%,Médio,55,"0,24","0,76",,,,,,,,,,,,,,,,
cabelo fantasia,BRL,,50.0,0%,0%,Médio,43,,,,,,,,,,,,,,,,,,
como corrigir cor de cabelo,BRL,,50.0,0%,0%,Médio,59,,,,,,,,,,,,,,,,,,
como deixar o cabelo sedoso,BRL,,50.0,0%,-90%,Médio,64,"0,29","1,67",,,,,,,,,,,,,,,,
como descobrir o tom de cabelo ideal,BRL,,50.0,0%,0%,Médio,65,"0,24","1,1",,,,,,,,,,,,,,,,
como descolorir o cabelo com segurança,BRL,,50.0,0%,0%,Médio,42,,,,,,,,,,,,,,,,,,
como desembaraçar cabelo sem quebrar,BRL,,50.0,0%,0%,Médio,54,,,,,,,,,,,,,,,,,,
como escolher o corte de cabelo ideal,BRL,,50.0,0%,0%,Médio,45,"0,24",1,,,,,,,,,,,,,,,,
como fazer o cabelo crescer forte e saudável,BRL,,50.0,0%,0%,Médio,63,,,,,,,,,,,,,,,,,,
como fazer ondas sem chapinha,BRL,,50.0,∞,0%,Médio,57,,,,,,,,,,,,,,,,,,
como proteger o cabelo do cloro,BRL,,50.0,0%,0%,Médio,57,,,,,,,,,,,,,,,,,,
como proteger o cabelo durante a noite,BRL,,50.0,0%,∞,Médio,33,,,,,,,,,,,,,,,,,,
como secar o cabelo sem danificar,BRL,,50.0,0%,0%,Médio,65,,,,,,,,,,,,,,,,,,
descoloração capilar,BRL,,50.0,0%,0%,Médio,49,,,,,,,,,,,,,,,,,,
pantotenato de cálcio para cabelo,BRL,,50.0,0%,0%,Médio,45,,,,,,,,,,,,,,,,,,
queda de cabelo em idosos,BRL,,50.0,0%,0%,Médio,40,"0,25","3,79",,,,,,,,,,,,,,,,
queda de cabelo na perimenopausa,BRL,,50.0,0%,0%,Médio,44,"0,08","3,74",,,,,,,,,,,,,,,,
queda de cabelo sem motivo aparente,BRL,,50.0,0%,0%,Médio,36,"0,11","1,49",,,,,,,,,,,,,,,,
rotina capilar para cabelo crespo,BRL,,50.0,0%,0%,Médio,43,,,,,,,,,,,,,,,,,,
alimentação para crescimento do cabelo,BRL,,50.0,0%,0%,Baixo,32,"0,06","0,83",,,,,,,,,,,,,,,,
alimentos que fortalecem a raiz do cabelo,BRL,,50.0,0%,0%,Baixo,25,,,,,,,,,,,,,,,,,,
alopecia areata em homens,BRL,,50.0,0%,0%,Baixo,2,,,,,,,,,,,,,,,,,,
alopecia universal sintomas,BRL,,50.0,0%,0%,Baixo,12,,,,,,,,,,,,,,,,,,
babosa para crescimento capilar,BRL,,50.0,0%,0%,Baixo,0,,,,,,,,,,,,,,,,,,
benefícios da massagem no couro cabeludo,BRL,,50.0,0%,0%,Baixo,9,,,,,,,,,,,,,,,,,,
cabelo com curvaturas diferentes,BRL,,50.0,0%,0%,Baixo,0,,,,,,,,,,,,,,,,,,
cabelo com eletricidade estática,BRL,,50.0,0%,0%,Baixo,0,,,,,,,,,,,,,,,,,,
cabelo com porosidade baixa,BRL,,50.0,0%,0%,Baixo,3,,,,,,,,,,,,,,,,,,
cabelo com pouca densidade,BRL,,50.0,0%,0%,Baixo,25,,,,,,,,,,,,,,,,,,
cabelo com pouco volume,BRL,,50.0,0%,0%,Baixo,5,,,,,,,,,,,,,,,,,,
cabelo com textura irregular,BRL,,50.0,0%,0%,Baixo,2,,,,,,,,,,,,,,,,,,
cabelo depois dos 30,BRL,,50.0,0%,0%,Baixo,0,,,,,,,,,,,,,,,,,,
cabelo depois dos 40,BRL,,50.0,0%,0%,Baixo,0,,,,,,,,,,,,,,,,,,
cabelo depois dos 50,BRL,,50.0,0%,0%,Baixo,0,,,,,,,,,,,,,,,,,,
cabelo durante a gravidez,BRL,,50.0,0%,0%,Baixo,0,,,,,,,,,,,,,,,,,,
cabelo preto brilhante,BRL,,50.0,0%,0%,Baixo,1,,,,,,,,,,,,,,,,,,
cabelo resistente,BRL,,50.0,0%,0%,Baixo,0,,,,,,,,,,,,,,,,,,
calvície hereditária,BRL,,50.0,0%,0%,Baixo,16,,,,,,,,,,,,,,,,,,
características do cabelo 3b,BRL,,50.0,0%,0%,Baixo,3,,,,,,,,,,,,,,,,,,
características do cabelo 3c,BRL,,50.0,0%,0%,Baixo,0,,,,,,,,,,,,,,,,,,
ciclo de vida do cabelo,BRL,,50.0,0%,0%,Baixo,5,,,,,,,,,,,,,,,,,,
classificação dos tipos de cabelo,BRL,,50.0,0%,0%,Baixo,8,,,,,,,,,,,,,,,,,,
como assumir os cabelos brancos,BRL,,50.0,0%,-90%,Baixo,22,"0,01","0,58",,,,,,,,,,,,,,,,
como corrigir luzes manchadas,BRL,,50.0,0%,0%,Baixo,7,,,,,,,,,,,,,,,,,,
como diagnosticar alopecia,BRL,,50.0,0%,0%,Baixo,31,"0,19","3,67",,,,,,,,,,,,,,,,
como fazer massagem no couro cabeludo,BRL,,50.0,0%,-90%,Baixo,23,"0,19","0,98",,,,,,,,,,,,,,,,
como fazer o cabelo crescer 10 cm em um mês,BRL,,50.0,0%,0%,Baixo,0,,,,,,,,,,,,,,,,,,
como fazer o cabelo crescer até a cintura,BRL,,50.0,0%,0%,Baixo,26,,,,,,,,,,,,,,,,,,
como fazer o cabelo crescer mais rápido naturalmente,BRL,,50.0,0%,0%,Baixo,29,,,,,,,,,,,,,,,,,,
como funciona o couro cabeludo,BRL,,50.0,0%,0%,Baixo,0,,,,,,,,,,,,,,,,,,
como lavar cabelo oleoso,BRL,,50.0,0%,0%,Baixo,23,"0,13","1,21",,,,,,,,,,,,,,,,
como lavar cabelo seco,BRL,,50.0,0%,0%,Baixo,11,,,,,,,,,,,,,,,,,,
como manter o corte de cabelo,BRL,,50.0,0%,0%,Baixo,7,,,,,,,,,,,,,,,,,,
como medir o crescimento do cabelo,BRL,,50.0,0%,0%,Baixo,0,,,,,,,,,,,,,,,,,,
como preparar o cabelo para descoloração,BRL,,50.0,0%,0%,Baixo,29,,,,,,,,,,,,,,,,,,
como retocar luzes,BRL,,50.0,0%,0%,Baixo,3,,,,,,,,,,,,,,,,,,
como saber se o cabelo está crescendo,BRL,,50.0,0%,0%,Baixo,1,,,,,,,,,,,,,,,,,,
como saber se o cabelo precisa de reconstrução,BRL,,50.0,900%,0%,Baixo,17,"0,19","0,73",,,,,,,,,,,,,,,,
como saber se o cabelo é cacheado ou crespo,BRL,,50.0,0%,∞,Baixo,5,,,,,,,,,,,,,,,,,,
como saber se o cabelo é liso ou ondulado,BRL,,50.0,0%,0%,Baixo,8,,,,,,,,,,,,,,,,,,
como ter cabelos mais fortes,BRL,,50.0,0%,0%,Baixo,0,,,,,,,,,,,,,,,,,,
como usar babosa na raiz do cabelo,BRL,,50.0,0%,0%,Baixo,7,,,,,,,,,,,,,,,,,,
cortar o cabelo faz crescer mais rápido,BRL,,50.0,0%,0%,Baixo,2,,,,,,,,,,,,,,,,,,
corte em camadas curtas,BRL,,50.0,0%,-90%,Baixo,0,,,,,,,,,,,,,,,,,,
corte em camadas para cachos,BRL,,50.0,0%,0%,Baixo,0,,,,,,,,,,,,,,,,,,
corte em formato de coração,BRL,,50.0,0%,0%,Baixo,0,,,,,,,,,,,,,,,,,,
cortes clássicos femininos,BRL,,50.0,0%,0%,Baixo,0,,,,,,,,,,,,,,,,,,
cortes de cabelo para cabelos ralos,BRL,,50.0,0%,-90%,Baixo,1,,,,,,,,,,,,,,,,,,
cortes de cabelo para cabelos volumosos,BRL,,50.0,0%,0%,Baixo,1,,,,,,,,,,,,,,,,,,
cortes de cabelo para mulheres acima de 40,BRL,,50.0,0%,0%,Baixo,0,,,,,,,,,,,,,,,,,,
cortes de cabelo para mulheres acima de 60,BRL,,50.0,0%,0%,Baixo,2,,,,,,,,,,,,,,,,,,
cortes de cabelo para rosto largo,BRL,,50.0,0%,-90%,Baixo,3,,,,,,,,,,,,,,,,,,
cortes para cabelos com entradas,BRL,,50.0,0%,0%,Baixo,3,,,,,,,,,,,,,,,,,,
cortes para cabelos com frizz,BRL,,50.0,0%,0%,Baixo,0,,,,,,,,,,,,,,,,,,
cortes para cabelos com muito volume,BRL,,50.0,0%,0%,Baixo,0,,,,,,,,,,,,,,,,,,
cortes para cabelos com pouco volume,BRL,,50.0,0%,-90%,Baixo,1,,,,,,,,,,,,,,,,,,
cortes que valorizam o rosto,BRL,,50.0,0%,0%,Baixo,0,,,,,,,,,,,,,,,,,,
couro cabeludo com bolinhas,BRL,,50.0,0%,0%,Baixo,2,,,,,,,,,,,,,,,,,,
couro cabeludo com crostas,BRL,,50.0,0%,900%,Baixo,2,,,,,,,,,,,,,,,,,,
couro cabeludo com sensação de queimação,BRL,,50.0,0%,0%,Baixo,5,,,,,,,,,,,,,,,,,,
couro cabeludo descamando e queda de cabelo,BRL,,50.0,0%,0%,Baixo,31,,,,,,,,,,,,,,,,,,
couro cabeludo vermelho e queda de cabelo,BRL,,50.0,0%,0%,Baixo,14,"0,37","4,26",,,,,,,,,,,,,,,,
dht e calvície,BRL,,50.0,0%,0%,Baixo,31,"0,23","14,97",,,,,,,,,,,,,,,,
dieta para crescimento capilar,BRL,,50.0,0%,0%,Baixo,29,,,,,,,,,,,,,,,,,,
diferença entre alopecia e calvície,BRL,,50.0,0%,0%,Baixo,3,,,,,,,,,,,,,,,,,,
diferença entre cabelo poroso e ressecado,BRL,,50.0,0%,0%,Baixo,19,"0,08","0,5",,,,,,,,,,,,,,,,
diferença entre coloração permanente e semipermanente,BRL,,50.0,0%,0%,Baixo,10,,,,,,,,,,,,,,,,,,
diferença entre dermatite e caspa,BRL,,50.0,0%,∞,Baixo,12,,,,,,,,,,,,,,,,,,
diferença entre hidratação e reconstrução,BRL,,50.0,0%,0%,Baixo,14,,,,,,,,,,,,,,,,,,
diferença entre nutrição e reconstrução,BRL,,50.0,0%,0%,Baixo,16,,,,,,,,,,,,,,,,,,
estrutura da haste capilar,BRL,,50.0,0%,0%,Baixo,0,,,,,,,,,,,,,,,,,,
exames para investigar queda de cabelo,BRL,,50.0,0%,900%,Baixo,13,"1,23","4,02",,,,,,,,,,,,,,,,
falhas na barba e cabelo,BRL,,50.0,∞,0%,Baixo,20,,,,,,,,,,,,,,,,,,
fase anágena do cabelo,BRL,,50.0,0%,0%,Baixo,2,,,,,,,,,,,,,,,,,,
fase catágena do cabelo,BRL,,50.0,0%,0%,Baixo,0,,,,,,,,,,,,,,,,,,
fase exógena do cabelo,BRL,,50.0,0%,0%,Baixo,0,,,,,,,,,,,,,,,,,,
fase telógena do cabelo,BRL,,50.0,0%,0%,Baixo,3,,,,,,,,,,,,,,,,,,
hidratação com água de arroz,BRL,,50.0,0%,0%,Baixo,3,,,,,,,,,,,,,,,,,,
hidratação e crescimento do cabelo,BRL,,50.0,0%,0%,Baixo,21,,,,,,,,,,,,,,,,,,
inflamação dos folículos capilares,BRL,,50.0,0%,0%,Baixo,6,,,,,,,,,,,,,,,,,,
massagem capilar antes de dormir,BRL,,50.0,0%,0%,Baixo,0,,,,,,,,,,,,,,,,,,
mau cheiro no couro cabeludo,BRL,,50.0,0%,0%,Baixo,30,,,,,,,,,,,,,,,,,,
medula capilar,BRL,,50.0,0%,-90%,Baixo,2,,,,,,,,,,,,,,,,,,
menopausa e cabelo,BRL,,50.0,0%,0%,Baixo,4,,,,,,,,,,,,,,,,,,
microcirculação capilar,BRL,,50.0,0%,0%,Baixo,0,,,,,,,,,,,,,,,,,,
máscara com óleo de coco,BRL,,50.0,0%,0%,Baixo,12,,,,,,,,,,,,,,,,,,
nutrição com óleo de abacate,BRL,,50.0,0%,∞,Baixo,0,,,,,,,,,,,,,,,,,,
nutrição com óleo de coco,BRL,,50.0,0%,0%,Baixo,22,"0,14","0,47",,,,,,,,,,,,,,,,
o que é fase anágena do cabelo,BRL,,50.0,0%,0%,Baixo,0,,,,,,,,,,,,,,,,,,
o que é fase telógena,BRL,,50.0,0%,0%,Baixo,0,,,,,,,,,,,,,,,,,,
penteados para disfarçar entradas,BRL,,50.0,0%,0%,Baixo,0,,,,,,,,,,,,,,,,,,
penteados rápidos para o dia a dia,BRL,,50.0,0%,0%,Baixo,0,,,,,,,,,,,,,,,,,,
penteados semipresos,BRL,,50.0,-90%,0%,Baixo,0,,,,,,,,,,,,,,,,,,
progesterona e cabelo,BRL,,50.0,0%,0%,Baixo,0,,,,,,,,,,,,,,,,,,
prolactina e queda de cabelo,BRL,,50.0,0%,0%,Baixo,0,,,,,,,,,,,,,,,,,,
quanto tempo demora para o cabelo crescer 10 cm,BRL,,50.0,0%,0%,Baixo,1,,,,,,,,,,,,,,,,,,
quanto tempo demora para o cabelo crescer 5 cm,BRL,,50.0,0%,0%,Baixo,3,,,,,,,,,,,,,,,,,,
queda de cabelo ao lavar,BRL,,50.0,0%,0%,Baixo,19,"0,06","0,56",,,,,,,,,,,,,,,,
queda de cabelo ao passar a mão,BRL,,50.0,0%,0%,Baixo,0,,,,,,,,,,,,,,,,,,
queda de cabelo ao pentear,BRL,,50.0,0%,0%,Baixo,18,,,,,,,,,,,,,,,,,,
queda de cabelo após covid,BRL,,50.0,0%,0%,Baixo,10,,,,,,,,,,,,,,,,,,
queda de cabelo após dengue,BRL,,50.0,0%,-90%,Baixo,1,,,,,,,,,,,,,,,,,,
queda de cabelo após emagrecimento,BRL,,50.0,0%,0%,Baixo,22,,,,,,,,,,,,,,,,,,
queda de cabelo após infecção,BRL,,50.0,0%,0%,Baixo,14,,,,,,,,,,,,,,,,,,
queda de cabelo após parar anticoncepcional,BRL,,50.0,0%,0%,Baixo,4,,,,,,,,,,,,,,,,,,
queda de cabelo com raiz,BRL,,50.0,0%,0%,Baixo,15,,,,,,,,,,,,,,,,,,
queda de cabelo durante a amamentação,BRL,,50.0,0%,0%,Baixo,16,"0,16","0,35",,,,,,,,,,,,,,,,
queda de cabelo hereditária,BRL,,50.0,0%,0%,Baixo,30,"0,34","8,68",,,,,,,,,,,,,,,,
queda de cabelo masculino aos 20 anos,BRL,,50.0,∞,∞,Baixo,14,,,,,,,,,,,,,,,,,,
queda de cabelo masculino por estresse,BRL,,50.0,0%,0%,Baixo,3,,,,,,,,,,,,,,,,,,
queda de cabelo por alisamento,BRL,,50.0,0%,0%,Baixo,9,,,,,,,,,,,,,,,,,,
queda de cabelo por anticoncepcional,BRL,,50.0,0%,0%,Baixo,0,,,,,,,,,,,,,,,,,,
queda de cabelo por estresse emocional,BRL,,50.0,0%,0%,Baixo,17,,,,,,,,,,,,,,,,,,
queda de cabelo por falta de vitamina d,BRL,,50.0,0%,0%,Baixo,24,,,,,,,,,,,,,,,,,,
queda de cabelo por quimioterapia,BRL,,50.0,0%,0%,Baixo,7,,,,,,,,,,,,,,,,,,
queda de cabelo sazonal,BRL,,50.0,0%,0%,Baixo,6,,,,,,,,,,,,,,,,,,
receitas caseiras para crescimento capilar,BRL,,50.0,0%,0%,Baixo,18,,,,,,,,,,,,,,,,,,
receitas naturais para cabelo crescer,BRL,,50.0,∞,0%,Baixo,0,,,,,,,,,,,,,,,,,,
reflexos capilares,BRL,,50.0,0%,0%,Baixo,3,,,,,,,,,,,,,,,,,,
resistência à insulina e queda de cabelo,BRL,,50.0,0%,0%,Baixo,0,,,,,,,,,,,,,,,,,,
riscos da escova progressiva,BRL,,50.0,0%,0%,Baixo,10,,,,,,,,,,,,,,,,,,
sensibilidade na raiz do cabelo,BRL,,50.0,0%,0%,Baixo,0,,,,,,,,,,,,,,,,,,
tendências de penteados,BRL,,50.0,0%,0%,Baixo,0,,,,,,,,,,,,,,,,,,
teste de porosidade capilar,BRL,,50.0,0%,0%,Baixo,15,"0,05","0,45",,,,,,,,,,,,,,,,
teste de tipo de cabelo,BRL,,50.0,0%,0%,Baixo,21,,,,,,,,,,,,,,,,,,
testosterona e cabelo,BRL,,50.0,0%,0%,Baixo,8,,,,,,,,,,,,,,,,,,
tipos de melanina capilar,BRL,,50.0,0%,0%,Baixo,0,,,,,,,,,,,,,,,,,,
tônico caseiro de alecrim,BRL,,50.0,0%,-90%,Baixo,11,,,,,,,,,,,,,,,,,,
verduras boas para o cabelo,BRL,,50.0,0%,0%,Baixo,16,,,,,,,,,,,,,,,,,,
vitamina a em excesso causa queda de cabelo,BRL,,50.0,0%,0%,Baixo,0,,,,,,,,,,,,,,,,,,
água de arroz para cabelo,BRL,,50.0,0%,0%,Baixo,26,"0,01","1,02",,,,,,,,,,,,,,,,
biotina para crescimento capilar,BRL,,50.0,0%,0%,Alto,99,,,,,,,,,,,,,,,,,,
cabelo afro natural,BRL,,50.0,0%,0%,Alto,85,,,,,,,,,,,,,,,,,,
cabelo elástico após descoloração,BRL,,50.0,0%,0%,Alto,100,"0,15","0,7",,,,,,,,,,,,,,,,
cabelo ruivo intenso,BRL,,50.0,0%,0%,Alto,80,,,,,,,,,,,,,,,,,,
caspa persistente,BRL,,50.0,0%,-90%,Alto,100,"0,49","2,13",,,,,,,,,,,,,,,,
ceramidas capilares,BRL,,50.0,0%,0%,Alto,67,,,,,,,,,,,,,,,,,,
chá verde para cabelo,BRL,,50.0,0%,0%,Alto,70,,,,,,,,,,,,,,,,,,
como acabar com o frizz na raiz,BRL,,50.0,0%,0%,Alto,100,,,,,,,,,,,,,,,,,,
como ativar o crescimento capilar,BRL,,50.0,0%,0%,Alto,100,,,,,,,,,,,,,,,,,,
como cuidar do cabelo descolorido,BRL,,50.0,0%,0%,Alto,95,"0,23","1,03",,,,,,,,,,,,,,,,
como cuidar do cabelo durante a transição,BRL,,50.0,∞,0%,Alto,86,,,,,,,,,,,,,,,,,,
como cuidar do cabelo na menopausa,BRL,,50.0,0%,0%,Alto,99,"0,06","1,66",,,,,,,,,,,,,,,,
como cuidar do couro cabeludo sensível,BRL,,50.0,0%,∞,Alto,100,,,,,,,,,,,,,,,,,,
como diminuir a queda de cabelo feminino,BRL,,50.0,0%,0%,Alto,100,"0,32","2,31",,,,,,,,,,,,,,,,
como disfarçar cabelo ralo feminino,BRL,,50.0,0%,0%,Alto,100,,,,,,,,,,,,,,,,,,
como escolher a cor do cabelo,BRL,,50.0,0%,0%,Alto,68,"0,44","2,48",,,,,,,,,,,,,,,,
como evitar calvície masculina,BRL,,50.0,0%,0%,Alto,84,"1,17","3,85",,,,,,,,,,,,,,,,
como fortalecer a raiz do cabelo,BRL,,50.0,0%,0%,Alto,100,"0,47","2,4",,,,,,,,,,,,,,,,
como manter a cor do cabelo,BRL,,50.0,0%,0%,Alto,100,,,,,,,,,,,,,,,,,,
como mudar a cor do cabelo sem descolorir,BRL,,50.0,0%,0%,Alto,76,"0,56","1,52",,,,,,,,,,,,,,,,
como pintar cabelo escuro,BRL,,50.0,0%,0%,Alto,75,"0,01","1,64",,,,,,,,,,,,,,,,
como proteger o cabelo da água do mar,BRL,,50.0,0%,0%,Alto,80,,,,,,,,,,,,,,,,,,
como proteger o cabelo do sol,BRL,,50.0,0%,0%,Alto,95,"0,1","1,1",,,,,,,,,,,,,,,,
como recuperar cabelo após descoloração,BRL,,50.0,0%,0%,Alto,100,"0,34","0,67",,,,,,,,,,,,,,,,
como recuperar cabelo após piscina,BRL,,50.0,0%,0%,Alto,87,,,,,,,,,,,,,,,,,,
como recuperar cabelo após progressiva,BRL,,50.0,0%,0%,Alto,100,,,,,,,,,,,,,,,,,,
como retardar a calvície masculina,BRL,,50.0,0%,0%,Alto,96,"1,59","6,13",,,,,,,,,,,,,,,,
como tratar entradas no cabelo masculino,BRL,,50.0,0%,0%,Alto,99,"2,28","8,42",,,,,,,,,,,,,,,,
condicionador para cabelo fino,BRL,,50.0,0%,0%,Alto,100,"0,17","1,7",,,,,,,,,,,,,,,,
condicionador reconstrutor,BRL,,50.0,0%,0%,Alto,99,"0,09","0,96",,,,,,,,,,,,,,,,
couro cabeludo com mau cheiro,BRL,,50.0,0%,0%,Alto,81,,,,,,,,,,,,,,,,,,
couro cabeludo coçando e queda de cabelo,BRL,,50.0,0%,0%,Alto,77,"0,19","3,6",,,,,,,,,,,,,,,,
couro cabeludo muito oleoso,BRL,,50.0,0%,0%,Alto,86,"0,34","1,71",,,,,,,,,,,,,,,,
couro cabeludo muito seco,BRL,,50.0,0%,0%,Alto,87,,,,,,,,,,,,,,,,,,
creme para pentear sem enxágue,BRL,,50.0,0%,0%,Alto,96,"0,19","1,47",,,,,,,,,,,,,,,,
crescimento capilar feminino,BRL,,50.0,900%,900%,Alto,100,"0,49","3,66",,,,,,,,,,,,,,,,
crescimento capilar infantil,BRL,,50.0,0%,0%,Alto,100,"0,08","2,34",,,,,,,,,,,,,,,,
crescimento capilar natural,BRL,,50.0,0%,0%,Alto,93,"0,83","7,33",,,,,,,,,,,,,,,,
cronograma capilar para cabelo descolorido,BRL,,50.0,0%,-90%,Alto,100,"0,3","1,26",,,,,,,,,,,,,,,,
cronograma capilar para cabelo fino,BRL,,50.0,0%,0%,Alto,100,"0,39","1,84",,,,,,,,,,,,,,,,
cronograma capilar para cabelo oleoso,BRL,,50.0,0%,0%,Alto,100,"0,36","1,39",,,,,,,,,,,,,,,,
cronograma capilar para cabelo seco,BRL,,50.0,0%,0%,Alto,95,"0,3","1,43",,,,,,,,,,,,,,,,
cronograma capilar para cabelos grisalhos,BRL,,50.0,0%,0%,Alto,98,"0,37","1,36",,,,,,,,,,,,,,,,
cuidados capilares no inverno,BRL,,50.0,0%,0%,Alto,71,,,,,,,,,,,,,,,,,,
fator encolhimento cabelo crespo,BRL,,50.0,0%,0%,Alto,77,"0,29","1,35",,,,,,,,,,,,,,,,
fronha de cetim para cabelo,BRL,,50.0,0%,0%,Alto,100,"0,18","1,04",,,,,,,,,,,,,,,,
hidratação com pantenol,BRL,,50.0,0%,0%,Alto,98,,,,,,,,,,,,,,,,,,
hidratação para cabelos grossos,BRL,,50.0,0%,0%,Alto,85,,,,,,,,,,,,,,,,,,
leave in para cabelo com frizz,BRL,,50.0,0%,0%,Alto,100,"0,31","6,18",,,,,,,,,,,,,,,,
leave in para cabelo crespo,BRL,,50.0,900%,900%,Alto,100,"0,2","1,74",,,,,,,,,,,,,,,,
massageador elétrico para couro cabeludo,BRL,,50.0,0%,0%,Alto,100,"0,19","0,87",,,,,,,,,,,,,,,,
massagem capilar para crescimento,BRL,,50.0,0%,0%,Alto,86,,,,,,,,,,,,,,,,,,
massagem capilar para queda de cabelo,BRL,,50.0,0%,0%,Alto,86,,,,,,,,,,,,,,,,,,
melanina capilar,BRL,,50.0,0%,0%,Alto,70,,,,,,,,,,,,,,,,,,
melhor protetor térmico para chapinha,BRL,,50.0,0%,0%,Alto,100,"0,12","0,85",,,,,,,,,,,,,,,,
melhor shampoo para cabelo feminino,BRL,,50.0,0%,0%,Alto,100,"0,27","1,14",,,,,,,,,,,,,,,,
melhor shampoo para cabelo grosso,BRL,,50.0,0%,0%,Alto,100,,,,,,,,,,,,,,,,,,
melhor shampoo para cabelo misto,BRL,,50.0,0%,0%,Alto,100,"0,06","1,03",,,,,,,,,,,,,,,,
melhor óleo para crescimento do cabelo,BRL,,50.0,0%,0%,Alto,100,"0,17","1,44",,,,,,,,,,,,,,,,
máscara com colágeno,BRL,,50.0,900%,900%,Alto,100,"0,19","2,46",,,,,,,,,,,,,,,,
máscara com queratina,BRL,,50.0,0%,0%,Alto,99,"0,41","3,01",,,,,,,,,,,,,,,,
máscara com óleo de argan,BRL,,50.0,0%,0%,Alto,93,"0,16","1,54",,,,,,,,,,,,,,,,
niacinamida para couro cabeludo,BRL,,50.0,0%,0%,Alto,100,,,,,,,,,,,,,,,,,,
nutrição com óleo de argan,BRL,,50.0,0%,0%,Alto,100,,,,,,,,,,,,,,,,,,
nutrição para cabelo crespo,BRL,,50.0,0%,0%,Alto,100,,,,,,,,,,,,,,,,,,
nutrição para cabelo ressecado,BRL,,50.0,0%,0%,Alto,100,"0,37","1,26",,,,,,,,,,,,,,,,
o que passar no cabelo para crescer rápido,BRL,,50.0,0%,-90%,Alto,96,"0,27","1,28",,,,,,,,,,,,,,,,
peptídeos capilares,BRL,,50.0,0%,∞,Alto,100,"0,68","2,52",,,,,,,,,,,,,,,,
protetor térmico para secador,BRL,,50.0,0%,0%,Alto,100,"0,25","1,9",,,,,,,,,,,,,,,,
queda de cabelo crônica,BRL,,50.0,0%,0%,Alto,78,"0,68","3,99",,,,,,,,,,,,,,,,
queda de cabelo depois dos 40,BRL,,50.0,0%,0%,Alto,67,"0,2","1,17",,,,,,,,,,,,,,,,
queda de cabelo feminino na menopausa,BRL,,50.0,0%,0%,Alto,92,,,,,,,,,,,,,,,,,,
queda de cabelo masculino precoce,BRL,,50.0,0%,0%,Alto,80,"1,49","4,57",,,,,,,,,,,,,,,,
queda de cabelo persistente,BRL,,50.0,0%,0%,Alto,91,"0,31","2,52",,,,,,,,,,,,,,,,
reconstrução com aminoácidos,BRL,,50.0,0%,0%,Alto,100,,,,,,,,,,,,,,,,,,
reconstrução para cabelo danificado,BRL,,50.0,0%,0%,Alto,100,"0,16","0,95",,,,,,,,,,,,,,,,
reconstrução para cabelo descolorido,BRL,,50.0,0%,0%,Alto,100,"0,3","0,51",,,,,,,,,,,,,,,,
reconstrução para cabelo elástico,BRL,,50.0,0%,0%,Alto,100,"0,3","1,69",,,,,,,,,,,,,,,,
reconstrução para cabelo emborrachado,BRL,,50.0,0%,0%,Alto,100,"0,23","0,87",,,,,,,,,,,,,,,,
rotina capilar para cabelo ondulado,BRL,,50.0,0%,0%,Alto,75,"0,33","1,27",,,,,,,,,,,,,,,,
shampoo para cabelos brancos amarelados,BRL,,50.0,0%,0%,Alto,100,"0,06","0,8",,,,,,,,,,,,,,,,
silício orgânico para cabelo,BRL,,50.0,0%,0%,Alto,100,"0,24","2,96",,,,,,,,,,,,,,,,
tratamento para coceira no couro cabeludo,BRL,,50.0,0%,0%,Alto,100,"0,18","2,14",,,,,,,,,,,,,,,,
tônico com biotina,BRL,,50.0,0%,0%,Alto,87,,,,,,,,,,,,,,,,,,
tônico de cafeína,BRL,,50.0,0%,∞,Alto,96,"0,27","3,39",,,,,,,,,,,,,,,,
umectação para cabelo oleoso,BRL,,50.0,0%,0%,Alto,75,,,,,,,,,,,,,,,,,,
vitamina d e crescimento capilar,BRL,,50.0,0%,0%,Alto,96,"0,64","2,91",,,,,,,,,,,,,,,,
vitamina para crescimento capilar feminino,BRL,,50.0,0%,0%,Alto,100,"0,18","2,75",,,,,,,,,,,,,,,,
vitamina para crescimento capilar masculino,BRL,,50.0,0%,0%,Alto,76,,,,,,,,,,,,,,,,,,
vitaminas para cabelo crescer e parar de cair,BRL,,50.0,0%,0%,Alto,100,"0,41","2,09",,,,,,,,,,,,,,,,
ácido salicílico para couro cabeludo,BRL,,50.0,0%,0%,Alto,100,"0,31","1,96",,,,,,,,,,,,,,,,
óleo de hortelã pimenta para cabelo,BRL,,50.0,0%,0%,Alto,100,"0,17","1,75",,,,,,,,,,,,,,,,
óleo de pracaxi para cabelo,BRL,,50.0,0%,0%,Alto,100,"0,04","0,46",,,,,,,,,,,,,,,,
óleo de rícino para crescimento,BRL,,50.0,0%,0%,Alto,100,,,,,,,,,,,,,,,,,,
óleo de rícino para crescimento capilar,BRL,,50.0,0%,0%,Alto,75,,,,,,,,,,,,,,,,,,
6 cortes,BRL,,50.0,-100%,0%,,,,,,,,,,,,,,,,,,,,
alopecia total causas,BRL,,50.0,0%,-100%,,,,,,,,,,,,,,,,,,,,
como pentear cabelo molhado,BRL,,50.0,-100%,-100%,,,,,,,,,,,,,,,,,,,,
como voltar à cor natural do cabelo,BRL,,50.0,0%,0%,,,,,,,,,,,,,,,,,,,,
quanto tempo dura a fase anágena,BRL,,50.0,-100%,-100%,,,,,,,,,,,,,,,,,,,,
quanto tempo dura a fase catágena,BRL,,50.0,0%,-100%,,,,,,,,,,,,,,,,,,,,
teste de densidade capilar,BRL,,50.0,0%,0%,,,,,,,,,,,,,,,,,,,,
como combinar cor de cabelo com tom de pele,BRL,,0.0,0%,0%,,,,,,,,,,,,,,,,,,,,
1 saúde e crescimento capilar,BRL,,,,,,,,,,,,,,,,,,,,,,,,
2 queda de cabelo e problemas capilares,BRL,,,,,,,,,,,,,,,,,,,,,,,,
3 tipos e características do cabelo,BRL,,,,,,,,,,,,,,,,,,,,,,,,
4 tratamentos e cuidados capilares,BRL,,,,,,,,,,,,,,,,,,,,,,,,
5 produtos e ingredientes para cabelo,BRL,,,,,,,,,,,,,,,,,,,,,,,,
7 coloração e transformações capilares,BRL,,,,,,,,,,,,,,,,,,,,,,,,
8 fisiologia,BRL,,,,,,,,,,,,,,,,,,,,,,,,
a expansão será organizada por macro categoria,BRL,,,,,,,,,,,,,,,,,,,,,,,,
abacate para crescimento capilar,BRL,,,,,,,,,,,,,,,,,,,,,,,,
afinamento capilar na menopausa,BRL,,,,,,,,,,,,,,,,,,,,,,,,
alimentação e crescimento capilar depois dos 40,BRL,,,,,,,,,,,,,,,,,,,,,,,,
alimentos para aumentar a densidade capilar,BRL,,,,,,,,,,,,,,,,,,,,,,,,
alimentos para cabelo crescer saudável,BRL,,,,,,,,,,,,,,,,,,,,,,,,
alimentos para engrossar os fios de cabelo,BRL,,,,,,,,,,,,,,,,,,,,,,,,
alimentos que ajudam os folículos capilares,BRL,,,,,,,,,,,,,,,,,,,,,,,,
alimentos ricos em biotina para cabelo,BRL,,,,,,,,,,,,,,,,,,,,,,,,
alimentos ricos em ferro para cabelo,BRL,,,,,,,,,,,,,,,,,,,,,,,,
alimentos ricos em proteínas para cabelo,BRL,,,,,,,,,,,,,,,,,,,,,,,,
alimentos ricos em vitamina b12 para cabelo,BRL,,,,,,,,,,,,,,,,,,,,,,,,
alimentos ricos em vitamina d para cabelo,BRL,,,,,,,,,,,,,,,,,,,,,,,,
alimentos ricos em vitamina e para cabelo,BRL,,,,,,,,,,,,,,,,,,,,,,,,
alimentos ricos em zinco para cabelo,BRL,,,,,,,,,,,,,,,,,,,,,,,,
alimentos ricos em zinco para o cabelo,BRL,,,,,,,,,,,,,,,,,,,,,,,,
alimentos ricos em ácido fólico para cabelo,BRL,,,,,,,,,,,,,,,,,,,,,,,,
alopecia androgenética,BRL,,,,,,,,,,,,,,,,,,,,,,,,
alopecia androgenética causas,BRL,,,,,,,,,,,,,,,,,,,,,,,,
alopecia androgenética depois dos 40,BRL,,,,,,,,,,,,,,,,,,,,,,,,
alopecia androgenética em jovens,BRL,,,,,,,,,,,,,,,,,,,,,,,,
alopecia androgenética feminina,BRL,,,,,,,,,,,,,,,,,,,,,,,,
alopecia androgenética masculina,BRL,,,,,,,,,,,,,,,,,,,,,,,,
alopecia areata e doenças autoimunes,BRL,,,,,,,,,,,,,,,,,,,,,,,,
alopecia areata e estresse,BRL,,,,,,,,,,,,,,,,,,,,,,,,
alopecia areata sintomas,BRL,,,,,,,,,,,,,,,,,,,,,,,,
alopecia cicatricial,BRL,,,,,,,,,,,,,,,,,,,,,,,,
alopecia cicatricial sintomas,BRL,,,,,,,,,,,,,,,,,,,,,,,,
alopecia difusa feminina,BRL,,,,,,,,,,,,,,,,,,,,,,,,
alopecia e alterações hormonais,BRL,,,,,,,,,,,,,,,,,,,,,,,,
alopecia e suas variações,BRL,,,,,,,,,,,,,,,,,,,,,,,,
alopecia e transplante capilar,BRL,,,,,,,,,,,,,,,,,,,,,,,,
alopecia feminina,BRL,,,,,,,,,,,,,,,,,,,,,,,,
alopecia frontal fibrosante após a menopausa,BRL,,,,,,,,,,,,,,,,,,,,,,,,
alopecia pode voltar a crescer,BRL,,,,,,,,,,,,,,,,,,,,,,,,
alopecia por deficiência nutricional,BRL,,,,,,,,,,,,,,,,,,,,,,,,
alopecia por tração em penteados,BRL,,,,,,,,,,,,,,,,,,,,,,,,
alopecia senescente,BRL,,,,,,,,,,,,,,,,,,,,,,,,
alopecia tem cura,BRL,,,,,,,,,,,,,,,,,,,,,,,,
alterações capilares durante a adolescência,BRL,,,,,,,,,,,,,,,,,,,,,,,,
alterações capilares masculinas após os 40,BRL,,,,,,,,,,,,,,,,,,,,,,,,
alterações capilares na gestação,BRL,,,,,,,,,,,,,,,,,,,,,,,,
alterações capilares na infância,BRL,,,,,,,,,,,,,,,,,,,,,,,,
alterações do ciclo capilar após o parto,BRL,,,,,,,,,,,,,,,,,,,,,,,,
alterações do ciclo capilar na menopausa,BRL,,,,,,,,,,,,,,,,,,,,,,,,
alterações estruturais do cabelo com a idade,BRL,,,,,,,,,,,,,,,,,,,,,,,,
alterações hormonais após a gestação,BRL,,,,,,,,,,,,,,,,,,,,,,,,
alterações hormonais e queda capilar,BRL,,,,,,,,,,,,,,,,,,,,,,,,
alterações na textura do cabelo na menopausa,BRL,,,,,,,,,,,,,,,,,,,,,,,,
alterações no couro cabeludo em idosos,BRL,,,,,,,,,,,,,,,,,,,,,,,,
amamentação e saúde capilar,BRL,,,,,,,,,,,,,,,,,,,,,,,,
anatomia do folículo capilar,BRL,,,,,,,,,,,,,,,,,,,,,,,,
andropausa e queda de cabelo,BRL,,,,,,,,,,,,,,,,,,,,,,,,
antioxidantes e saúde capilar,BRL,,,,,,,,,,,,,,,,,,,,,,,,
benefícios da circulação sanguínea no couro cabeludo,BRL,,,,,,,,,,,,,,,,,,,,,,,,
biotina e metabolismo da queratina,BRL,,,,,,,,,,,,,,,,,,,,,,,,
biotina para cabelo fino funciona,BRL,,,,,,,,,,,,,,,,,,,,,,,,
biotina realmente faz o cabelo crescer,BRL,,,,,,,,,,,,,,,,,,,,,,,,
cabelo afro com alta porosidade,BRL,,,,,,,,,,,,,,,,,,,,,,,,
cabelo afro com baixa porosidade,BRL,,,,,,,,,,,,,,,,,,,,,,,,
cabelo após a menopausa,BRL,,,,,,,,,,,,,,,,,,,,,,,,
cabelo após o parto,BRL,,,,,,,,,,,,,,,,,,,,,,,,
cabelo branco com a idade,BRL,,,,,,,,,,,,,,,,,,,,,,,,
cabelo cacheado com baixa definição,BRL,,,,,,,,,,,,,,,,,,,,,,,,
cabelo com crescimento irregular,BRL,,,,,,,,,,,,,,,,,,,,,,,,
cabelo com cutículas fechadas,BRL,,,,,,,,,,,,,,,,,,,,,,,,
cabelo com elasticidade alta,BRL,,,,,,,,,,,,,,,,,,,,,,,,
cabelo com elasticidade baixa,BRL,,,,,,,,,,,,,,,,,,,,,,,,
cabelo com encolhimento natural,BRL,,,,,,,,,,,,,,,,,,,,,,,,
cabelo com fios de diferentes espessuras,BRL,,,,,,,,,,,,,,,,,,,,,,,,
cabelo com fios frágeis,BRL,,,,,,,,,,,,,,,,,,,,,,,,
cabelo com frizz excessivo,BRL,,,,,,,,,,,,,,,,,,,,,,,,
cabelo com frizz natural,BRL,,,,,,,,,,,,,,,,,,,,,,,,
cabelo com mudanças de textura,BRL,,,,,,,,,,,,,,,,,,,,,,,,
cabelo com nós frequentes,BRL,,,,,,,,,,,,,,,,,,,,,,,,
cabelo com porosidade média,BRL,,,,,,,,,,,,,,,,,,,,,,,,
cabelo com raiz ondulada e pontas lisas,BRL,,,,,,,,,,,,,,,,,,,,,,,,
cabelo com tendência a embaraçar,BRL,,,,,,,,,,,,,,,,,,,,,,,,
cabelo cresce durante a noite,BRL,,,,,,,,,,,,,,,,,,,,,,,,
cabelo cresce igual em todas as partes da cabeça,BRL,,,,,,,,,,,,,,,,,,,,,,,,
cabelo cresce mais rápido depois de cortar,BRL,,,,,,,,,,,,,,,,,,,,,,,,
cabelo cresce mais rápido em algumas pessoas,BRL,,,,,,,,,,,,,,,,,,,,,,,,
cabelo cresce mais rápido no verão,BRL,,,,,,,,,,,,,,,,,,,,,,,,
cabelo cresce mais rápido quando é hidratado,BRL,,,,,,,,,,,,,,,,,,,,,,,,
cabelo crespo com encolhimento,BRL,,,,,,,,,,,,,,,,,,,,,,,,
cabelo curto que demora a crescer,BRL,,,,,,,,,,,,,,,,,,,,,,,,
cabelo de alta densidade,BRL,,,,,,,,,,,,,,,,,,,,,,,,
cabelo de baixa densidade,BRL,,,,,,,,,,,,,,,,,,,,,,,,
cabelo de espessura média,BRL,,,,,,,,,,,,,,,,,,,,,,,,
cabelo depois dos 45,BRL,,,,,,,,,,,,,,,,,,,,,,,,
cabelo depois dos 55,BRL,,,,,,,,,,,,,,,,,,,,,,,,
cabelo depois dos 60,BRL,,,,,,,,,,,,,,,,,,,,,,,,
cabelo depois dos 65,BRL,,,,,,,,,,,,,,,,,,,,,,,,
cabelo depois dos 70,BRL,,,,,,,,,,,,,,,,,,,,,,,,
cabelo depois dos 80,BRL,,,,,,,,,,,,,,,,,,,,,,,,
cabelo e metabolismo,BRL,,,,,,,,,,,,,,,,,,,,,,,,
cabelo ficando transparente,BRL,,,,,,,,,,,,,,,,,,,,,,,,
cabelo fino com o envelhecimento,BRL,,,,,,,,,,,,,,,,,,,,,,,,
cabelo mais volumoso na gravidez,BRL,,,,,,,,,,,,,,,,,,,,,,,,
cabelo na infância,BRL,,,,,,,,,,,,,,,,,,,,,,,,
cabelo na perimenopausa,BRL,,,,,,,,,,,,,,,,,,,,,,,,
cabelo na terceira idade,BRL,,,,,,,,,,,,,,,,,,,,,,,,
cabelo que cresce devagar,BRL,,,,,,,,,,,,,,,,,,,,,,,,
cabelo que cresce e quebra,BRL,,,,,,,,,,,,,,,,,,,,,,,,
cabelo que forma nós de fada,BRL,,,,,,,,,,,,,,,,,,,,,,,,
cabelo que não passa dos ombros,BRL,,,,,,,,,,,,,,,,,,,,,,,,
cabelo que não segura hidratação,BRL,,,,,,,,,,,,,,,,,,,,,,,,
cabelo que quebra na raiz,BRL,,,,,,,,,,,,,,,,,,,,,,,,
cabelo que quebra no comprimento,BRL,,,,,,,,,,,,,,,,,,,,,,,,
cabelo quebrando após descoloração,BRL,,,,,,,,,,,,,,,,,,,,,,,,
cabelo ressecado na terceira idade,BRL,,,,,,,,,,,,,,,,,,,,,,,,
cabelo rígido após reconstrução,BRL,,,,,,,,,,,,,,,,,,,,,,,,
cabelos grisalhos e envelhecimento,BRL,,,,,,,,,,,,,,,,,,,,,,,,
cafeína para crescimento capilar,BRL,,,,,,,,,,,,,,,,,,,,,,,,
café da manhã para saúde capilar,BRL,,,,,,,,,,,,,,,,,,,,,,,,
calvície feminina,BRL,,,,,,,,,,,,,,,,,,,,,,,,
características do cabelo 1a,BRL,,,,,,,,,,,,,,,,,,,,,,,,
características do cabelo 1b,BRL,,,,,,,,,,,,,,,,,,,,,,,,
características do cabelo 1c,BRL,,,,,,,,,,,,,,,,,,,,,,,,
características do cabelo 2a,BRL,,,,,,,,,,,,,,,,,,,,,,,,
características do cabelo 2b,BRL,,,,,,,,,,,,,,,,,,,,,,,,
características do cabelo 2c,BRL,,,,,,,,,,,,,,,,,,,,,,,,
características do cabelo 3a,BRL,,,,,,,,,,,,,,,,,,,,,,,,
características do cabelo 4a,BRL,,,,,,,,,,,,,,,,,,,,,,,,
características do cabelo 4b,BRL,,,,,,,,,,,,,,,,,,,,,,,,
características do cabelo 4c,BRL,,,,,,,,,,,,,,,,,,,,,,,,
cardápio semanal para fortalecer o cabelo,BRL,,,,,,,,,,,,,,,,,,,,,,,,
caspa que não melhora com shampoo,BRL,,,,,,,,,,,,,,,,,,,,,,,,
caspa seca ou dermatite,BRL,,,,,,,,,,,,,,,,,,,,,,,,
castanhas para cabelo forte,BRL,,,,,,,,,,,,,,,,,,,,,,,,
causas da alopecia,BRL,,,,,,,,,,,,,,,,,,,,,,,,
causas dos cabelos brancos precoces,BRL,,,,,,,,,,,,,,,,,,,,,,,,
cenoura e saúde capilar,BRL,,,,,,,,,,,,,,,,,,,,,,,,
ciclo biológico do cabelo,BRL,,,,,,,,,,,,,,,,,,,,,,,,
ciclo capilar e deficiência de ferro,BRL,,,,,,,,,,,,,,,,,,,,,,,,
ciclo capilar e estresse,BRL,,,,,,,,,,,,,,,,,,,,,,,,
ciclo capilar e queda sazonal,BRL,,,,,,,,,,,,,,,,,,,,,,,,
ciclo capilar explicado,BRL,,,,,,,,,,,,,,,,,,,,,,,,
ciclo de crescimento do cabelo feminino,BRL,,,,,,,,,,,,,,,,,,,,,,,,
ciclo de crescimento do cabelo masculino,BRL,,,,,,,,,,,,,,,,,,,,,,,,
circulação sanguínea e crescimento capilar,BRL,,,,,,,,,,,,,,,,,,,,,,,,
colágeno e crescimento capilar,BRL,,,,,,,,,,,,,,,,,,,,,,,,
com centenas de possibilidades de palavras chave,BRL,,,,,,,,,,,,,,,,,,,,,,,,
como a categoria principal é cabelo,BRL,,,,,,,,,,,,,,,,,,,,,,,,
como acelerar o crescimento após um corte,BRL,,,,,,,,,,,,,,,,,,,,,,,,
como acelerar o crescimento capilar feminino,BRL,,,,,,,,,,,,,,,,,,,,,,,,
como acelerar o crescimento capilar masculino,BRL,,,,,,,,,,,,,,,,,,,,,,,,
como acelerar o crescimento do cabelo em 30 dias,BRL,,,,,,,,,,,,,,,,,,,,,,,,
como acelerar o crescimento do cabelo em uma semana,BRL,,,,,,,,,,,,,,,,,,,,,,,,
como acompanhar a evolução do crescimento capilar,BRL,,,,,,,,,,,,,,,,,,,,,,,,
como alinhar os fios sem química,BRL,,,,,,,,,,,,,,,,,,,,,,,,
como ativar folículos capilares adormecidos,BRL,,,,,,,,,,,,,,,,,,,,,,,,
como aumentar a espessura dos fios,BRL,,,,,,,,,,,,,,,,,,,,,,,,
como aumentar o volume naturalmente,BRL,,,,,,,,,,,,,,,,,,,,,,,,
como avaliar a elasticidade do cabelo,BRL,,,,,,,,,,,,,,,,,,,,,,,,
como cobrir cabelos brancos resistentes,BRL,,,,,,,,,,,,,,,,,,,,,,,,
como controlar o frizz em dias úmidos,BRL,,,,,,,,,,,,,,,,,,,,,,,,
como corrigir cabelo esverdeado,BRL,,,,,,,,,,,,,,,,,,,,,,,,
como criar uma rotina para crescimento capilar,BRL,,,,,,,,,,,,,,,,,,,,,,,,
como cuidar de cada tipo de cabelo,BRL,,,,,,,,,,,,,,,,,,,,,,,,
como cuidar do cabelo de alta porosidade,BRL,,,,,,,,,,,,,,,,,,,,,,,,
como dar volume à raiz,BRL,,,,,,,,,,,,,,,,,,,,,,,,
como diagnosticar queda capilar,BRL,,,,,,,,,,,,,,,,,,,,,,,,
como diferenciar queda de quebra,BRL,,,,,,,,,,,,,,,,,,,,,,,,
como disfarçar duas texturas capilares,BRL,,,,,,,,,,,,,,,,,,,,,,,,
como disfarçar fios brancos sem tinta,BRL,,,,,,,,,,,,,,,,,,,,,,,,
como equilibrar a oleosidade do couro cabeludo,BRL,,,,,,,,,,,,,,,,,,,,,,,,
como equilibrar a porosidade capilar,BRL,,,,,,,,,,,,,,,,,,,,,,,,
como escolher a cor de cabelo pela cor dos olhos,BRL,,,,,,,,,,,,,,,,,,,,,,,,
como escolher acessórios para o cabelo,BRL,,,,,,,,,,,,,,,,,,,,,,,,
como escolher produtos para cada tipo de cabelo,BRL,,,,,,,,,,,,,,,,,,,,,,,,
como estimular novos fios,BRL,,,,,,,,,,,,,,,,,,,,,,,,
como estimular o crescimento capilar após os 40,BRL,,,,,,,,,,,,,,,,,,,,,,,,
como estimular o crescimento capilar após os 50,BRL,,,,,,,,,,,,,,,,,,,,,,,,
como estimular o crescimento do cabelo em casa,BRL,,,,,,,,,,,,,,,,,,,,,,,,
como estimular os folículos capilares,BRL,,,,,,,,,,,,,,,,,,,,,,,,
como estimular os folículos capilares naturalmente,BRL,,,,,,,,,,,,,,,,,,,,,,,,
como evitar a quebra durante o crescimento,BRL,,,,,,,,,,,,,,,,,,,,,,,,
como evitar danos por processos químicos,BRL,,,,,,,,,,,,,,,,,,,,,,,,
como evitar fios frágeis,BRL,,,,,,,,,,,,,,,,,,,,,,,,
como evitar manchas na coloração,BRL,,,,,,,,,,,,,,,,,,,,,,,,
como evitar o amarelamento dos fios brancos,BRL,,,,,,,,,,,,,,,,,,,,,,,,
como evitar o desbotamento,BRL,,,,,,,,,,,,,,,,,,,,,,,,
como evitar que o cabelo quebre enquanto cresce,BRL,,,,,,,,,,,,,,,,,,,,,,,,
como evitar que o penteado desmanche,BRL,,,,,,,,,,,,,,,,,,,,,,,,
como evitar quebra ao pentear,BRL,,,,,,,,,,,,,,,,,,,,,,,,
como fazer o cabelo crescer 5 cm em um mês,BRL,,,,,,,,,,,,,,,,,,,,,,,,
como fazer o cabelo crescer até os ombros,BRL,,,,,,,,,,,,,,,,,,,,,,,,
como fazer o cabelo crescer depois de um corte curto,BRL,,,,,,,,,,,,,,,,,,,,,,,,
como fazer o cabelo crescer sem produtos caros,BRL,,,,,,,,,,,,,,,,,,,,,,,,
como fazer o cabelo crescer sem química,BRL,,,,,,,,,,,,,,,,,,,,,,,,
como fazer o cabelo crescer usando produtos naturais,BRL,,,,,,,,,,,,,,,,,,,,,,,,
como fazer penteados duradouros,BRL,,,,,,,,,,,,,,,,,,,,,,,,
como fazer teste de alergia à tintura,BRL,,,,,,,,,,,,,,,,,,,,,,,,
como fazer transição para cabelos grisalhos,BRL,,,,,,,,,,,,,,,,,,,,,,,,
como fortalecer os folículos capilares,BRL,,,,,,,,,,,,,,,,,,,,,,,,
como funciona o folículo capilar,BRL,,,,,,,,,,,,,,,,,,,,,,,,
como identificar a curvatura capilar,BRL,,,,,,,,,,,,,,,,,,,,,,,,
como identificar a fase de crescimento capilar,BRL,,,,,,,,,,,,,,,,,,,,,,,,
como identificar os primeiros sinais de calvície,BRL,,,,,,,,,,,,,,,,,,,,,,,,
como identificar queda de cabelo anormal,BRL,,,,,,,,,,,,,,,,,,,,,,,,
como iluminar cabelos grisalhos,BRL,,,,,,,,,,,,,,,,,,,,,,,,
como lavar cabelo após academia,BRL,,,,,,,,,,,,,,,,,,,,,,,,
como lavar cabelo após piscina,BRL,,,,,,,,,,,,,,,,,,,,,,,,
como lavar cabelo com água fria,BRL,,,,,,,,,,,,,,,,,,,,,,,,
como ler rótulos de produtos capilares,BRL,,,,,,,,,,,,,,,,,,,,,,,,
como lidar com a perda de volume na menopausa,BRL,,,,,,,,,,,,,,,,,,,,,,,,
como manter o cabelo saudável após os 40,BRL,,,,,,,,,,,,,,,,,,,,,,,,
como manter o cabelo saudável após os 50,BRL,,,,,,,,,,,,,,,,,,,,,,,,
como manter o cabelo saudável após os 60,BRL,,,,,,,,,,,,,,,,,,,,,,,,
como manter o comprimento do cabelo,BRL,,,,,,,,,,,,,,,,,,,,,,,,
como manter o comprimento sem cortar,BRL,,,,,,,,,,,,,,,,,,,,,,,,
como manter os folículos saudáveis,BRL,,,,,,,,,,,,,,,,,,,,,,,,
como melhorar a circulação no couro cabeludo,BRL,,,,,,,,,,,,,,,,,,,,,,,,
como melhorar a densidade capilar,BRL,,,,,,,,,,,,,,,,,,,,,,,,
como nascem os fios de cabelo,BRL,,,,,,,,,,,,,,,,,,,,,,,,
como neutralizar cabelo avermelhado,BRL,,,,,,,,,,,,,,,,,,,,,,,,
como o cabelo recebe sua cor,BRL,,,,,,,,,,,,,,,,,,,,,,,,
como o ciclo capilar muda com a idade,BRL,,,,,,,,,,,,,,,,,,,,,,,,
como os fios são produzidos,BRL,,,,,,,,,,,,,,,,,,,,,,,,
como os folículos envelhecem,BRL,,,,,,,,,,,,,,,,,,,,,,,,
como pintar a raiz branca,BRL,,,,,,,,,,,,,,,,,,,,,,,,
como pintar cabelo claro,BRL,,,,,,,,,,,,,,,,,,,,,,,,
como preservar a pigmentação capilar,BRL,,,,,,,,,,,,,,,,,,,,,,,,
como preservar a saúde capilar com o envelhecimento,BRL,,,,,,,,,,,,,,,,,,,,,,,,
como prolongar a fase anágena,BRL,,,,,,,,,,,,,,,,,,,,,,,,
como prolongar a fase de crescimento capilar,BRL,,,,,,,,,,,,,,,,,,,,,,,,
como proteger o cabelo do calor,BRL,,,,,,,,,,,,,,,,,,,,,,,,
como recuperar cabelo após chapinha,BRL,,,,,,,,,,,,,,,,,,,,,,,,
como recuperar cabelo após exposição solar,BRL,,,,,,,,,,,,,,,,,,,,,,,,
como recuperar cabelo após química,BRL,,,,,,,,,,,,,,,,,,,,,,,,
como recuperar cabelo sem brilho,BRL,,,,,,,,,,,,,,,,,,,,,,,,
como recuperar densidade capilar masculina,BRL,,,,,,,,,,,,,,,,,,,,,,,,
como recuperar folículos capilares,BRL,,,,,,,,,,,,,,,,,,,,,,,,
como recuperar folículos capilares enfraquecidos,BRL,,,,,,,,,,,,,,,,,,,,,,,,
como recuperar o comprimento do cabelo,BRL,,,,,,,,,,,,,,,,,,,,,,,,
como recuperar o crescimento capilar interrompido,BRL,,,,,,,,,,,,,,,,,,,,,,,,
como recuperar o volume do cabelo feminino,BRL,,,,,,,,,,,,,,,,,,,,,,,,
como reduzir o encolhimento capilar,BRL,,,,,,,,,,,,,,,,,,,,,,,,
como reduzir o volume capilar,BRL,,,,,,,,,,,,,,,,,,,,,,,,
como saber se a raiz está enfraquecida,BRL,,,,,,,,,,,,,,,,,,,,,,,,
como saber se o folículo capilar está vivo,BRL,,,,,,,,,,,,,,,,,,,,,,,,
como saber se preciso cortar o cabelo,BRL,,,,,,,,,,,,,,,,,,,,,,,,
como selar pontas do cabelo,BRL,,,,,,,,,,,,,,,,,,,,,,,,
como tratar cabelo de baixa porosidade,BRL,,,,,,,,,,,,,,,,,,,,,,,,
como usar chapinha sem danificar,BRL,,,,,,,,,,,,,,,,,,,,,,,,
comparações e diferentes intenções de busca,BRL,,,,,,,,,,,,,,,,,,,,,,,,
compatibilidade de químicas capilares,BRL,,,,,,,,,,,,,,,,,,,,,,,,
complexo b para crescimento capilar,BRL,,,,,,,,,,,,,,,,,,,,,,,,
condicionador para cabelo com química,BRL,,,,,,,,,,,,,,,,,,,,,,,,
corte para cabelo crespo em formato arredondado,BRL,,,,,,,,,,,,,,,,,,,,,,,,
corte para cabelo fino ganhar volume,BRL,,,,,,,,,,,,,,,,,,,,,,,,
corte para cabelo grosso reduzir volume,BRL,,,,,,,,,,,,,,,,,,,,,,,,
corte para cabelo ondulado com movimento,BRL,,,,,,,,,,,,,,,,,,,,,,,,
cortes de cabelo para homens acima de 40,BRL,,,,,,,,,,,,,,,,,,,,,,,,
cortes de cabelo para homens acima de 50,BRL,,,,,,,,,,,,,,,,,,,,,,,,
cortes de cabelo para mulheres acima de 30,BRL,,,,,,,,,,,,,,,,,,,,,,,,
cortes para cabelo na altura dos ombros,BRL,,,,,,,,,,,,,,,,,,,,,,,,
cortisol e saúde capilar,BRL,,,,,,,,,,,,,,,,,,,,,,,,
couro cabeludo com descamação grossa,BRL,,,,,,,,,,,,,,,,,,,,,,,,
couro cabeludo com excesso de oleosidade,BRL,,,,,,,,,,,,,,,,,,,,,,,,
couro cabeludo com placas brancas,BRL,,,,,,,,,,,,,,,,,,,,,,,,
couro cabeludo com placas vermelhas,BRL,,,,,,,,,,,,,,,,,,,,,,,,
couro cabeludo inflamado e queda de cabelo,BRL,,,,,,,,,,,,,,,,,,,,,,,,
crescimento capilar após o parto,BRL,,,,,,,,,,,,,,,,,,,,,,,,
crescimento capilar depois dos 40,BRL,,,,,,,,,,,,,,,,,,,,,,,,
crescimento capilar depois dos 50,BRL,,,,,,,,,,,,,,,,,,,,,,,,
crescimento capilar e alimentação,BRL,,,,,,,,,,,,,,,,,,,,,,,,
crescimento capilar e atividade física,BRL,,,,,,,,,,,,,,,,,,,,,,,,
crescimento capilar e circulação sanguínea,BRL,,,,,,,,,,,,,,,,,,,,,,,,
crescimento capilar e deficiência nutricional,BRL,,,,,,,,,,,,,,,,,,,,,,,,
crescimento capilar e genética,BRL,,,,,,,,,,,,,,,,,,,,,,,,
crescimento capilar e hipertireoidismo,BRL,,,,,,,,,,,,,,,,,,,,,,,,
crescimento capilar e hipotireoidismo,BRL,,,,,,,,,,,,,,,,,,,,,,,,
crescimento capilar e metabolismo,BRL,,,,,,,,,,,,,,,,,,,,,,,,
crescimento capilar e qualidade do sono,BRL,,,,,,,,,,,,,,,,,,,,,,,,
crescimento capilar e saúde hormonal,BRL,,,,,,,,,,,,,,,,,,,,,,,,
crescimento capilar e saúde intestinal,BRL,,,,,,,,,,,,,,,,,,,,,,,,
crescimento capilar lento causas,BRL,,,,,,,,,,,,,,,,,,,,,,,,
crescimento capilar na adolescência,BRL,,,,,,,,,,,,,,,,,,,,,,,,
crescimento capilar na menopausa,BRL,,,,,,,,,,,,,,,,,,,,,,,,
crescimento capilar na terceira idade,BRL,,,,,,,,,,,,,,,,,,,,,,,,
crescimento do cabelo depois dos 40 anos,BRL,,,,,,,,,,,,,,,,,,,,,,,,
crescimento do cabelo depois dos 50 anos,BRL,,,,,,,,,,,,,,,,,,,,,,,,
crescimento do cabelo depois dos 60 anos,BRL,,,,,,,,,,,,,,,,,,,,,,,,
crescimento do cabelo por idade,BRL,,,,,,,,,,,,,,,,,,,,,,,,
cuidados capilares em clima seco,BRL,,,,,,,,,,,,,,,,,,,,,,,,
cuidados capilares em clima úmido,BRL,,,,,,,,,,,,,,,,,,,,,,,,
cuidados capilares no verão,BRL,,,,,,,,,,,,,,,,,,,,,,,,
cuidados capilares para idosos,BRL,,,,,,,,,,,,,,,,,,,,,,,,
cuidados diários para estimular fios saudáveis,BRL,,,,,,,,,,,,,,,,,,,,,,,,
cuidados noturnos para crescimento capilar,BRL,,,,,,,,,,,,,,,,,,,,,,,,
células tronco e regeneração capilar,BRL,,,,,,,,,,,,,,,,,,,,,,,,
círculo cromático capilar,BRL,,,,,,,,,,,,,,,,,,,,,,,,
deficiência de proteínas e crescimento capilar,BRL,,,,,,,,,,,,,,,,,,,,,,,,
deficiências nutricionais e cabelos brancos,BRL,,,,,,,,,,,,,,,,,,,,,,,,
dermatite de contato capilar,BRL,,,,,,,,,,,,,,,,,,,,,,,,
dermatite seborreica,BRL,,,,,,,,,,,,,,,,,,,,,,,,
dermatologista para queda de cabelo feminino,BRL,,,,,,,,,,,,,,,,,,,,,,,,
desenvolvimento dos folículos na infância,BRL,,,,,,,,,,,,,,,,,,,,,,,,
desnutrição e crescimento dos fios,BRL,,,,,,,,,,,,,,,,,,,,,,,,
di hidrotestosterona e folículos,BRL,,,,,,,,,,,,,,,,,,,,,,,,
dieta para cabelo crescer mais rápido,BRL,,,,,,,,,,,,,,,,,,,,,,,,
dieta vegana e deficiência de nutrientes capilares,BRL,,,,,,,,,,,,,,,,,,,,,,,,
dieta vegetariana e saúde capilar,BRL,,,,,,,,,,,,,,,,,,,,,,,,
diferença de crescimento entre cabelo masculino e feminino,BRL,,,,,,,,,,,,,,,,,,,,,,,,
diferença entre alopecia e eflúvio telógeno,BRL,,,,,,,,,,,,,,,,,,,,,,,,
diferença entre cabelo branco e cabelo envelhecido,BRL,,,,,,,,,,,,,,,,,,,,,,,,
diferença entre cabelo fino e ralo,BRL,,,,,,,,,,,,,,,,,,,,,,,,
diferença entre cabelo seco e desidratado,BRL,,,,,,,,,,,,,,,,,,,,,,,,
diferença entre caspa e psoríase,BRL,,,,,,,,,,,,,,,,,,,,,,,,
diferença entre crescimento e renovação capilar,BRL,,,,,,,,,,,,,,,,,,,,,,,,
diferença entre entradas naturais e calvície,BRL,,,,,,,,,,,,,,,,,,,,,,,,
diferença entre envelhecimento capilar e alopecia,BRL,,,,,,,,,,,,,,,,,,,,,,,,
diferença entre fase anágena e telógena,BRL,,,,,,,,,,,,,,,,,,,,,,,,
diferença entre folículo atrofiado e destruído,BRL,,,,,,,,,,,,,,,,,,,,,,,,
diferença entre produtos profissionais e comuns,BRL,,,,,,,,,,,,,,,,,,,,,,,,
diferença entre vitaminas para cabelo e suplementos capilares,BRL,,,,,,,,,,,,,,,,,,,,,,,,
diferença entre óleo vegetal e óleo essencial para cabelo,BRL,,,,,,,,,,,,,,,,,,,,,,,,
diminuição da densidade capilar,BRL,,,,,,,,,,,,,,,,,,,,,,,,
doenças associadas ao embranquecimento precoce,BRL,,,,,,,,,,,,,,,,,,,,,,,,
doenças autoimunes e fisiologia capilar,BRL,,,,,,,,,,,,,,,,,,,,,,,,
dor no couro cabeludo,BRL,,,,,,,,,,,,,,,,,,,,,,,,
dúvidas específicas,BRL,,,,,,,,,,,,,,,,,,,,,,,,
envelhecimento capilar e genética,BRL,,,,,,,,,,,,,,,,,,,,,,,,
envelhecimento capilar feminino,BRL,,,,,,,,,,,,,,,,,,,,,,,,
envelhecimento capilar masculino,BRL,,,,,,,,,,,,,,,,,,,,,,,,
envelhecimento celular dos folículos,BRL,,,,,,,,,,,,,,,,,,,,,,,,
envelhecimento dos folículos,BRL,,,,,,,,,,,,,,,,,,,,,,,,
envelhecimento dos folículos capilares,BRL,,,,,,,,,,,,,,,,,,,,,,,,
epigenética e saúde dos cabelos,BRL,,,,,,,,,,,,,,,,,,,,,,,,
erros comuns na rotina capilar,BRL,,,,,,,,,,,,,,,,,,,,,,,,
escovação e crescimento dos fios,BRL,,,,,,,,,,,,,,,,,,,,,,,,
espinafre para fortalecer o cabelo,BRL,,,,,,,,,,,,,,,,,,,,,,,,
estimular os folículos capilares,BRL,,,,,,,,,,,,,,,,,,,,,,,,
estresse crônico e alterações hormonais capilares,BRL,,,,,,,,,,,,,,,,,,,,,,,,
estresse e cabelos brancos,BRL,,,,,,,,,,,,,,,,,,,,,,,,
estresse e crescimento capilar,BRL,,,,,,,,,,,,,,,,,,,,,,,,
estresse oxidativo e envelhecimento capilar,BRL,,,,,,,,,,,,,,,,,,,,,,,,
estrogênio e crescimento capilar,BRL,,,,,,,,,,,,,,,,,,,,,,,,
estrutura da raiz do cabelo,BRL,,,,,,,,,,,,,,,,,,,,,,,,
exames para alopecia,BRL,,,,,,,,,,,,,,,,,,,,,,,,
exercícios para circulação do couro cabeludo,BRL,,,,,,,,,,,,,,,,,,,,,,,,
explorando diferentes ângulos de pesquisa sintomas,BRL,,,,,,,,,,,,,,,,,,,,,,,,
extratos vegetais para saúde capilar,BRL,,,,,,,,,,,,,,,,,,,,,,,,
falhas circulares no cabelo,BRL,,,,,,,,,,,,,,,,,,,,,,,,
falta de ferro prejudica o crescimento capilar,BRL,,,,,,,,,,,,,,,,,,,,,,,,
falta de zinco deixa o cabelo fraco,BRL,,,,,,,,,,,,,,,,,,,,,,,,
fatores que influenciam o crescimento capilar,BRL,,,,,,,,,,,,,,,,,,,,,,,,
fatores que prejudicam os folículos capilares,BRL,,,,,,,,,,,,,,,,,,,,,,,,
ferro e funcionamento dos folículos,BRL,,,,,,,,,,,,,,,,,,,,,,,,
ferro para crescimento do cabelo,BRL,,,,,,,,,,,,,,,,,,,,,,,,
fisiologia e necessidades de diferentes públicos,BRL,,,,,,,,,,,,,,,,,,,,,,,,
folículos capilares e calvície hereditária,BRL,,,,,,,,,,,,,,,,,,,,,,,,
folículos capilares mortos podem voltar a funcionar,BRL,,,,,,,,,,,,,,,,,,,,,,,,
frequência de lavagem e crescimento capilar,BRL,,,,,,,,,,,,,,,,,,,,,,,,
frequência ideal de hidratação,BRL,,,,,,,,,,,,,,,,,,,,,,,,
genes relacionados à alopecia,BRL,,,,,,,,,,,,,,,,,,,,,,,,
genética da cor dos cabelos,BRL,,,,,,,,,,,,,,,,,,,,,,,,
genética da textura capilar,BRL,,,,,,,,,,,,,,,,,,,,,,,,
genética e cabelos brancos,BRL,,,,,,,,,,,,,,,,,,,,,,,,
glândulas sebáceas e cabelo,BRL,,,,,,,,,,,,,,,,,,,,,,,,
hereditariedade e calvície,BRL,,,,,,,,,,,,,,,,,,,,,,,,
hipertireoidismo e alterações capilares,BRL,,,,,,,,,,,,,,,,,,,,,,,,
hipotireoidismo e alterações capilares,BRL,,,,,,,,,,,,,,,,,,,,,,,,
histórico familiar de queda de cabelo,BRL,,,,,,,,,,,,,,,,,,,,,,,,
hormônios da puberdade e cabelo,BRL,,,,,,,,,,,,,,,,,,,,,,,,
hormônios da tireoide e cabelo,BRL,,,,,,,,,,,,,,,,,,,,,,,,
hormônios e envelhecimento capilar,BRL,,,,,,,,,,,,,,,,,,,,,,,,
hormônios e saúde capilar,BRL,,,,,,,,,,,,,,,,,,,,,,,,
hormônios femininos e saúde dos fios,BRL,,,,,,,,,,,,,,,,,,,,,,,,
hormônios masculinos e calvície,BRL,,,,,,,,,,,,,,,,,,,,,,,,
hormônios que influenciam o cabelo,BRL,,,,,,,,,,,,,,,,,,,,,,,,
hábitos matinais para crescimento capilar,BRL,,,,,,,,,,,,,,,,,,,,,,,,
hábitos que favorecem a saúde dos fios,BRL,,,,,,,,,,,,,,,,,,,,,,,,
hábitos que prejudicam o crescimento capilar,BRL,,,,,,,,,,,,,,,,,,,,,,,,
incluindo caudas longas,BRL,,,,,,,,,,,,,,,,,,,,,,,,
inflamação e funcionamento dos folículos,BRL,,,,,,,,,,,,,,,,,,,,,,,,
influência ambiental no envelhecimento capilar,BRL,,,,,,,,,,,,,,,,,,,,,,,,
ingredientes naturais para fortalecer os fios,BRL,,,,,,,,,,,,,,,,,,,,,,,,
ingredientes para couro cabeludo saudável,BRL,,,,,,,,,,,,,,,,,,,,,,,,
ingredientes que ajudam na hidratação capilar,BRL,,,,,,,,,,,,,,,,,,,,,,,,
ingredientes que ajudam na reconstrução capilar,BRL,,,,,,,,,,,,,,,,,,,,,,,,
ingredientes que podem irritar o couro cabeludo,BRL,,,,,,,,,,,,,,,,,,,,,,,,
insulina e crescimento capilar,BRL,,,,,,,,,,,,,,,,,,,,,,,,
irrigação sanguínea dos folículos,BRL,,,,,,,,,,,,,,,,,,,,,,,,
laser de baixa intensidade para crescimento,BRL,,,,,,,,,,,,,,,,,,,,,,,,
laser para estimular folículos capilares,BRL,,,,,,,,,,,,,,,,,,,,,,,,
legumes que fortalecem o cabelo,BRL,,,,,,,,,,,,,,,,,,,,,,,,
magnésio e saúde capilar,BRL,,,,,,,,,,,,,,,,,,,,,,,,
massagem capilar com escova massageadora,BRL,,,,,,,,,,,,,,,,,,,,,,,,
massagem capilar com óleo de alecrim,BRL,,,,,,,,,,,,,,,,,,,,,,,,
massagem capilar com óleo de coco,BRL,,,,,,,,,,,,,,,,,,,,,,,,
massagem capilar com óleo de rícino,BRL,,,,,,,,,,,,,,,,,,,,,,,,
massagem capilar diária funciona,BRL,,,,,,,,,,,,,,,,,,,,,,,,
massagem capilar e circulação sanguínea,BRL,,,,,,,,,,,,,,,,,,,,,,,,
massagem capilar para cabelo ralo,BRL,,,,,,,,,,,,,,,,,,,,,,,,
massagem capilar para couro cabeludo sensível,BRL,,,,,,,,,,,,,,,,,,,,,,,,
massagem capilar para crescimento do cabelo,BRL,,,,,,,,,,,,,,,,,,,,,,,,
massagem capilar para entradas,BRL,,,,,,,,,,,,,,,,,,,,,,,,
massagem capilar para homens,BRL,,,,,,,,,,,,,,,,,,,,,,,,
massagem capilar para mulheres,BRL,,,,,,,,,,,,,,,,,,,,,,,,
massagem capilar pode diminuir a queda,BRL,,,,,,,,,,,,,,,,,,,,,,,,
massagem e circulação do couro cabeludo,BRL,,,,,,,,,,,,,,,,,,,,,,,,
massagem para estimular os folículos,BRL,,,,,,,,,,,,,,,,,,,,,,,,
massagens que ajudam na saúde dos folículos,BRL,,,,,,,,,,,,,,,,,,,,,,,,
medicamentos para calvície masculina,BRL,,,,,,,,,,,,,,,,,,,,,,,,
melhor alimentação para crescimento capilar,BRL,,,,,,,,,,,,,,,,,,,,,,,,
melhor horário para hidratar o cabelo,BRL,,,,,,,,,,,,,,,,,,,,,,,,
metabolismo e crescimento capilar,BRL,,,,,,,,,,,,,,,,,,,,,,,,
microagulhamento para estimular folículos,BRL,,,,,,,,,,,,,,,,,,,,,,,,
microbiota intestinal e saúde capilar,BRL,,,,,,,,,,,,,,,,,,,,,,,,
microcirculação do couro cabeludo,BRL,,,,,,,,,,,,,,,,,,,,,,,,
miniaturização dos folículos capilares,BRL,,,,,,,,,,,,,,,,,,,,,,,,
minoxidil e crescimento capilar,BRL,,,,,,,,,,,,,,,,,,,,,,,,
minoxidil oral e cabelo,BRL,,,,,,,,,,,,,,,,,,,,,,,,
mitos sobre crescimento capilar,BRL,,,,,,,,,,,,,,,,,,,,,,,,
mitos sobre tratamentos capilares,BRL,,,,,,,,,,,,,,,,,,,,,,,,
mudança de textura capilar após a gravidez,BRL,,,,,,,,,,,,,,,,,,,,,,,,
mudança de textura capilar com a idade,BRL,,,,,,,,,,,,,,,,,,,,,,,,
mudança de textura capilar na menopausa,BRL,,,,,,,,,,,,,,,,,,,,,,,,
mudança de textura por alterações hormonais,BRL,,,,,,,,,,,,,,,,,,,,,,,,
multivitamínico para cabelo funciona,BRL,,,,,,,,,,,,,,,,,,,,,,,,
máscara com manteiga de karité,BRL,,,,,,,,,,,,,,,,,,,,,,,,
neutralização de tons capilares,BRL,,,,,,,,,,,,,,,,,,,,,,,,
nutrição celular dos folículos,BRL,,,,,,,,,,,,,,,,,,,,,,,,
nutrição com óleos vegetais,BRL,,,,,,,,,,,,,,,,,,,,,,,,
nutrição dos folículos capilares,BRL,,,,,,,,,,,,,,,,,,,,,,,,
nutrição para cabelo com frizz,BRL,,,,,,,,,,,,,,,,,,,,,,,,
o cabelo cresce durante o sono,BRL,,,,,,,,,,,,,,,,,,,,,,,,
o que acontece na fase catágena,BRL,,,,,,,,,,,,,,,,,,,,,,,,
o que usar na raiz para estimular o crescimento,BRL,,,,,,,,,,,,,,,,,,,,,,,,
o que é fase exógena do cabelo,BRL,,,,,,,,,,,,,,,,,,,,,,,,
oleaginosas para saúde capilar,BRL,,,,,,,,,,,,,,,,,,,,,,,,
ovos ajudam no crescimento do cabelo,BRL,,,,,,,,,,,,,,,,,,,,,,,,
penteados e estética capilar,BRL,,,,,,,,,,,,,,,,,,,,,,,,
perda de densidade capilar com a idade,BRL,,,,,,,,,,,,,,,,,,,,,,,,
perguntas reais,BRL,,,,,,,,,,,,,,,,,,,,,,,,
pesquisa científica sobre regeneração capilar,BRL,,,,,,,,,,,,,,,,,,,,,,,,
poluição e envelhecimento dos fios,BRL,,,,,,,,,,,,,,,,,,,,,,,,
por que alguns fios não crescem,BRL,,,,,,,,,,,,,,,,,,,,,,,,
por que meu cabelo cresce tão devagar,BRL,,,,,,,,,,,,,,,,,,,,,,,,
por que o cabelo cresce mais no verão,BRL,,,,,,,,,,,,,,,,,,,,,,,,
por que o cabelo fica grisalho,BRL,,,,,,,,,,,,,,,,,,,,,,,,
prevenção do envelhecimento capilar,BRL,,,,,,,,,,,,,,,,,,,,,,,,
principais causas da queda de cabelo,BRL,,,,,,,,,,,,,,,,,,,,,,,,
principais doenças do couro cabeludo,BRL,,,,,,,,,,,,,,,,,,,,,,,,
privação de sono e queda de cabelo,BRL,,,,,,,,,,,,,,,,,,,,,,,,
produção de melanina no cabelo,BRL,,,,,,,,,,,,,,,,,,,,,,,,
produção de sebo no couro cabeludo,BRL,,,,,,,,,,,,,,,,,,,,,,,,
proteína na alimentação e saúde dos fios,BRL,,,,,,,,,,,,,,,,,,,,,,,,
proteínas e formação do cabelo,BRL,,,,,,,,,,,,,,,,,,,,,,,,
proteínas para crescimento capilar,BRL,,,,,,,,,,,,,,,,,,,,,,,,
puberdade e produção de sebo,BRL,,,,,,,,,,,,,,,,,,,,,,,,
quais exames fazer antes de tomar vitaminas para cabelo,BRL,,,,,,,,,,,,,,,,,,,,,,,,
quando as alterações capilares exigem avaliação médica,BRL,,,,,,,,,,,,,,,,,,,,,,,,
quando procurar dermatologista por problemas no couro cabeludo,BRL,,,,,,,,,,,,,,,,,,,,,,,,
quando procurar um dermatologista para crescimento capilar,BRL,,,,,,,,,,,,,,,,,,,,,,,,
quando procurar um dermatologista por queda de cabelo,BRL,,,,,,,,,,,,,,,,,,,,,,,,
quanto o cabelo cresce por mês em centímetros,BRL,,,,,,,,,,,,,,,,,,,,,,,,
quanto tempo demora para vitaminas fazerem efeito no cabelo,BRL,,,,,,,,,,,,,,,,,,,,,,,,
quanto tempo dura a fase telógena,BRL,,,,,,,,,,,,,,,,,,,,,,,,
quanto tempo dura uma coloração,BRL,,,,,,,,,,,,,,,,,,,,,,,,
quanto tempo fazer massagem capilar,BRL,,,,,,,,,,,,,,,,,,,,,,,,
quantos fios entram na fase de repouso,BRL,,,,,,,,,,,,,,,,,,,,,,,,
queda de cabelo após a menopausa,BRL,,,,,,,,,,,,,,,,,,,,,,,,
queda de cabelo após cirurgia,BRL,,,,,,,,,,,,,,,,,,,,,,,,
queda de cabelo após cirurgia,BRL,,,,,,,,,,,,,,,,,,,,,,,,
queda de cabelo após cirurgia bariátrica,BRL,,,,,,,,,,,,,,,,,,,,,,,,
queda de cabelo após dieta restritiva,BRL,,,,,,,,,,,,,,,,,,,,,,,,
queda de cabelo após febre,BRL,,,,,,,,,,,,,,,,,,,,,,,,
queda de cabelo após febre alta,BRL,,,,,,,,,,,,,,,,,,,,,,,,
queda de cabelo após infecções,BRL,,,,,,,,,,,,,,,,,,,,,,,,
queda de cabelo após os 40 anos,BRL,,,,,,,,,,,,,,,,,,,,,,,,
queda de cabelo após os 50 anos,BRL,,,,,,,,,,,,,,,,,,,,,,,,
queda de cabelo com bulbos brancos,BRL,,,,,,,,,,,,,,,,,,,,,,,,
queda de cabelo depois de covid,BRL,,,,,,,,,,,,,,,,,,,,,,,,
queda de cabelo depois de dengue,BRL,,,,,,,,,,,,,,,,,,,,,,,,
queda de cabelo depois dos 30,BRL,,,,,,,,,,,,,,,,,,,,,,,,
queda de cabelo depois dos 50,BRL,,,,,,,,,,,,,,,,,,,,,,,,
queda de cabelo depois dos 60,BRL,,,,,,,,,,,,,,,,,,,,,,,,
queda de cabelo durante o sono,BRL,,,,,,,,,,,,,,,,,,,,,,,,
queda de cabelo e fios quebrados,BRL,,,,,,,,,,,,,,,,,,,,,,,,
queda de cabelo feminino após a gravidez,BRL,,,,,,,,,,,,,,,,,,,,,,,,
queda de cabelo feminino após os 40,BRL,,,,,,,,,,,,,,,,,,,,,,,,
queda de cabelo feminino após os 50,BRL,,,,,,,,,,,,,,,,,,,,,,,,
queda de cabelo feminino após os 60,BRL,,,,,,,,,,,,,,,,,,,,,,,,
queda de cabelo feminino com afinamento dos fios,BRL,,,,,,,,,,,,,,,,,,,,,,,,
queda de cabelo feminino com entradas,BRL,,,,,,,,,,,,,,,,,,,,,,,,
queda de cabelo feminino difusa,BRL,,,,,,,,,,,,,,,,,,,,,,,,
queda de cabelo feminino durante a amamentação,BRL,,,,,,,,,,,,,,,,,,,,,,,,
queda de cabelo feminino na parte frontal,BRL,,,,,,,,,,,,,,,,,,,,,,,,
queda de cabelo feminino na perimenopausa,BRL,,,,,,,,,,,,,,,,,,,,,,,,
queda de cabelo feminino nas laterais,BRL,,,,,,,,,,,,,,,,,,,,,,,,
queda de cabelo feminino no topo da cabeça,BRL,,,,,,,,,,,,,,,,,,,,,,,,
queda de cabelo feminino por anemia,BRL,,,,,,,,,,,,,,,,,,,,,,,,
queda de cabelo feminino por estresse,BRL,,,,,,,,,,,,,,,,,,,,,,,,
queda de cabelo feminino por hipotireoidismo,BRL,,,,,,,,,,,,,,,,,,,,,,,,
queda de cabelo feminino por hormônios,BRL,,,,,,,,,,,,,,,,,,,,,,,,
queda de cabelo feminino por ovários policísticos,BRL,,,,,,,,,,,,,,,,,,,,,,,,
queda de cabelo masculina após os 50,BRL,,,,,,,,,,,,,,,,,,,,,,,,
queda de cabelo masculino aos 30 anos,BRL,,,,,,,,,,,,,,,,,,,,,,,,
queda de cabelo masculino aos 40 anos,BRL,,,,,,,,,,,,,,,,,,,,,,,,
queda de cabelo masculino aos 50 anos,BRL,,,,,,,,,,,,,,,,,,,,,,,,
queda de cabelo masculino aos 60 anos,BRL,,,,,,,,,,,,,,,,,,,,,,,,
queda de cabelo masculino hereditária,BRL,,,,,,,,,,,,,,,,,,,,,,,,
queda de cabelo masculino na coroa,BRL,,,,,,,,,,,,,,,,,,,,,,,,
queda de cabelo masculino nas entradas,BRL,,,,,,,,,,,,,,,,,,,,,,,,
queda de cabelo masculino no topo da cabeça,BRL,,,,,,,,,,,,,,,,,,,,,,,,
queda de cabelo masculino por deficiência nutricional,BRL,,,,,,,,,,,,,,,,,,,,,,,,
queda de cabelo masculino por dht,BRL,,,,,,,,,,,,,,,,,,,,,,,,
queda de cabelo masculino por testosterona,BRL,,,,,,,,,,,,,,,,,,,,,,,,
queda de cabelo por alterações da tireoide,BRL,,,,,,,,,,,,,,,,,,,,,,,,
queda de cabelo por alterações hormonais,BRL,,,,,,,,,,,,,,,,,,,,,,,,
queda de cabelo por anemia,BRL,,,,,,,,,,,,,,,,,,,,,,,,
queda de cabelo por antidepressivos,BRL,,,,,,,,,,,,,,,,,,,,,,,,
queda de cabelo por chapinha,BRL,,,,,,,,,,,,,,,,,,,,,,,,
queda de cabelo por deficiência de biotina,BRL,,,,,,,,,,,,,,,,,,,,,,,,
queda de cabelo por deficiência de ferro,BRL,,,,,,,,,,,,,,,,,,,,,,,,
queda de cabelo por deficiência de vitamina b12,BRL,,,,,,,,,,,,,,,,,,,,,,,,
queda de cabelo por deficiência de vitamina d,BRL,,,,,,,,,,,,,,,,,,,,,,,,
queda de cabelo por deficiência de ácido fólico,BRL,,,,,,,,,,,,,,,,,,,,,,,,
queda de cabelo por deficiência nutricional,BRL,,,,,,,,,,,,,,,,,,,,,,,,
queda de cabelo por depressão,BRL,,,,,,,,,,,,,,,,,,,,,,,,
queda de cabelo por dermatite seborreica,BRL,,,,,,,,,,,,,,,,,,,,,,,,
queda de cabelo por descoloração,BRL,,,,,,,,,,,,,,,,,,,,,,,,
queda de cabelo por desequilíbrio hormonal,BRL,,,,,,,,,,,,,,,,,,,,,,,,
queda de cabelo por desnutrição,BRL,,,,,,,,,,,,,,,,,,,,,,,,
queda de cabelo por dietas restritivas,BRL,,,,,,,,,,,,,,,,,,,,,,,,
queda de cabelo por doenças autoimunes,BRL,,,,,,,,,,,,,,,,,,,,,,,,
queda de cabelo por doenças crônicas,BRL,,,,,,,,,,,,,,,,,,,,,,,,
queda de cabelo por emagrecimento rápido,BRL,,,,,,,,,,,,,,,,,,,,,,,,
queda de cabelo por envelhecimento,BRL,,,,,,,,,,,,,,,,,,,,,,,,
queda de cabelo por estresse físico,BRL,,,,,,,,,,,,,,,,,,,,,,,,
queda de cabelo por excesso de hormônios androgênicos,BRL,,,,,,,,,,,,,,,,,,,,,,,,
queda de cabelo por excesso de química,BRL,,,,,,,,,,,,,,,,,,,,,,,,
queda de cabelo por falta de ferro,BRL,,,,,,,,,,,,,,,,,,,,,,,,
queda de cabelo por falta de proteínas,BRL,,,,,,,,,,,,,,,,,,,,,,,,
queda de cabelo por falta de vitamina b12,BRL,,,,,,,,,,,,,,,,,,,,,,,,
queda de cabelo por falta de zinco,BRL,,,,,,,,,,,,,,,,,,,,,,,,
queda de cabelo por hipertireoidismo,BRL,,,,,,,,,,,,,,,,,,,,,,,,
queda de cabelo por hipotireoidismo,BRL,,,,,,,,,,,,,,,,,,,,,,,,
queda de cabelo por inflamação do couro cabeludo,BRL,,,,,,,,,,,,,,,,,,,,,,,,
queda de cabelo por medicamentos,BRL,,,,,,,,,,,,,,,,,,,,,,,,
queda de cabelo por menopausa,BRL,,,,,,,,,,,,,,,,,,,,,,,,
queda de cabelo por noites mal dormidas,BRL,,,,,,,,,,,,,,,,,,,,,,,,
queda de cabelo por penteados apertados,BRL,,,,,,,,,,,,,,,,,,,,,,,,
queda de cabelo por quebra dos fios,BRL,,,,,,,,,,,,,,,,,,,,,,,,
queda de cabelo por secador,BRL,,,,,,,,,,,,,,,,,,,,,,,,
queda de cabelo por sensibilidade ao dht,BRL,,,,,,,,,,,,,,,,,,,,,,,,
queda de cabelo por tratamentos hormonais,BRL,,,,,,,,,,,,,,,,,,,,,,,,
queda de cabelo por uso excessivo de calor,BRL,,,,,,,,,,,,,,,,,,,,,,,,
queda de cabelo sem raiz,BRL,,,,,,,,,,,,,,,,,,,,,,,,
queda de cabelo temporária,BRL,,,,,,,,,,,,,,,,,,,,,,,,
queda natural durante o crescimento,BRL,,,,,,,,,,,,,,,,,,,,,,,,
queratina e estrutura capilar,BRL,,,,,,,,,,,,,,,,,,,,,,,,
radiação ultravioleta e estrutura capilar,BRL,,,,,,,,,,,,,,,,,,,,,,,,
radicais livres e envelhecimento dos fios,BRL,,,,,,,,,,,,,,,,,,,,,,,,
reconstrução com proteínas,BRL,,,,,,,,,,,,,,,,,,,,,,,,
redução do crescimento capilar com a idade,BRL,,,,,,,,,,,,,,,,,,,,,,,,
reflexos e nuances capilares,BRL,,,,,,,,,,,,,,,,,,,,,,,,
regeneração dos folículos capilares,BRL,,,,,,,,,,,,,,,,,,,,,,,,
relação entre sono e crescimento capilar,BRL,,,,,,,,,,,,,,,,,,,,,,,,
renovação natural dos fios,BRL,,,,,,,,,,,,,,,,,,,,,,,,
reposição hormonal e cabelo,BRL,,,,,,,,,,,,,,,,,,,,,,,,
ressecamento capilar na menopausa,BRL,,,,,,,,,,,,,,,,,,,,,,,,
riscos da massagem capilar excessiva,BRL,,,,,,,,,,,,,,,,,,,,,,,,
riscos de aplicar óleos essenciais diretamente no couro cabeludo,BRL,,,,,,,,,,,,,,,,,,,,,,,,
rotina capilar para cabelo fino,BRL,,,,,,,,,,,,,,,,,,,,,,,,
rotina capilar para cabelo grosso,BRL,,,,,,,,,,,,,,,,,,,,,,,,
rotina capilar para cabelo liso,BRL,,,,,,,,,,,,,,,,,,,,,,,,
rotina capilar para cabelo oleoso,BRL,,,,,,,,,,,,,,,,,,,,,,,,
rotina capilar para cabelo seco,BRL,,,,,,,,,,,,,,,,,,,,,,,,
rotina diária para crescimento do cabelo,BRL,,,,,,,,,,,,,,,,,,,,,,,,
salmão e crescimento do cabelo,BRL,,,,,,,,,,,,,,,,,,,,,,,,
sardinha e saúde capilar,BRL,,,,,,,,,,,,,,,,,,,,,,,,
saúde hormonal e crescimento dos fios,BRL,,,,,,,,,,,,,,,,,,,,,,,,
saúde intestinal e cabelo,BRL,,,,,,,,,,,,,,,,,,,,,,,,
saúde intestinal e crescimento capilar,BRL,,,,,,,,,,,,,,,,,,,,,,,,
sementes de abóbora para cabelo,BRL,,,,,,,,,,,,,,,,,,,,,,,,
sensibilidade folicular ao dht,BRL,,,,,,,,,,,,,,,,,,,,,,,,
sinais de envelhecimento do couro cabeludo,BRL,,,,,,,,,,,,,,,,,,,,,,,,
sintomas de alopecia,BRL,,,,,,,,,,,,,,,,,,,,,,,,
sono e regulação hormonal capilar,BRL,,,,,,,,,,,,,,,,,,,,,,,,
subtemas e assuntos relacionados,BRL,,,,,,,,,,,,,,,,,,,,,,,,
suco de cebola para crescimento do cabelo,BRL,,,,,,,,,,,,,,,,,,,,,,,,
sucos naturais para saúde do cabelo,BRL,,,,,,,,,,,,,,,,,,,,,,,,
suplemento capilar funciona mesmo,BRL,,,,,,,,,,,,,,,,,,,,,,,,
sérum para pontas duplas,BRL,,,,,,,,,,,,,,,,,,,,,,,,
síndrome dos ovários policísticos e cabelo,BRL,,,,,,,,,,,,,,,,,,,,,,,,
terapia hormonal e alterações capilares,BRL,,,,,,,,,,,,,,,,,,,,,,,,
terapias capilares para crescimento,BRL,,,,,,,,,,,,,,,,,,,,,,,,
teste de espessura do fio,BRL,,,,,,,,,,,,,,,,,,,,,,,,
transição capilar com duas texturas,BRL,,,,,,,,,,,,,,,,,,,,,,,,
transplante capilar masculino,BRL,,,,,,,,,,,,,,,,,,,,,,,,
tratamento para alopecia areata,BRL,,,,,,,,,,,,,,,,,,,,,,,,
tratamento para calvície masculina,BRL,,,,,,,,,,,,,,,,,,,,,,,,
tratamento para descamação capilar,BRL,,,,,,,,,,,,,,,,,,,,,,,,
tratamentos dermatológicos para crescimento capilar,BRL,,,,,,,,,,,,,,,,,,,,,,,,
tratamentos dermatológicos para queda capilar,BRL,,,,,,,,,,,,,,,,,,,,,,,,
tratamentos naturais para estimular o couro cabeludo,BRL,,,,,,,,,,,,,,,,,,,,,,,,
tratamentos para couro cabeludo oleoso,BRL,,,,,,,,,,,,,,,,,,,,,,,,
tratamentos para couro cabeludo seco,BRL,,,,,,,,,,,,,,,,,,,,,,,,
tratamentos para couro cabeludo sensível,BRL,,,,,,,,,,,,,,,,,,,,,,,,
tratamentos para estimular folículos capilares,BRL,,,,,,,,,,,,,,,,,,,,,,,,
tratamentos para estimular o crescimento,BRL,,,,,,,,,,,,,,,,,,,,,,,,
tratamentos para queda capilar feminina,BRL,,,,,,,,,,,,,,,,,,,,,,,,
tônico para couro cabeludo oleoso,BRL,,,,,,,,,,,,,,,,,,,,,,,,
umectação para cabelo fino,BRL,,,,,,,,,,,,,,,,,,,,,,,,
velocidade normal de crescimento do cabelo,BRL,,,,,,,,,,,,,,,,,,,,,,,,
verdades sobre crescimento do cabelo,BRL,,,,,,,,,,,,,,,,,,,,,,,,
vitamina b12 baixa prejudica o cabelo,BRL,,,,,,,,,,,,,,,,,,,,,,,,
vitamina b12 para crescimento do cabelo,BRL,,,,,,,,,,,,,,,,,,,,,,,,
vitamina d baixa causa crescimento lento do cabelo,BRL,,,,,,,,,,,,,,,,,,,,,,,,
vitamina d e funcionamento dos folículos,BRL,,,,,,,,,,,,,,,,,,,,,,,,
vitamina para cabelo fino e fraco,BRL,,,,,,,,,,,,,,,,,,,,,,,,
vitamina para cabelo que não cresce,BRL,,,,,,,,,,,,,,,,,,,,,,,,
vitamina para crescimento capilar após os 40,BRL,,,,,,,,,,,,,,,,,,,,,,,,
vitamina para crescimento capilar e unhas,BRL,,,,,,,,,,,,,,,,,,,,,,,,
vitaminas para fortalecer a raiz do cabelo,BRL,,,,,,,,,,,,,,,,,,,,,,,,
vitaminas que estimulam os folículos capilares,BRL,,,,,,,,,,,,,,,,,,,,,,,,
vou começar aprofundando os subtemas da primeira macro categoria,BRL,,,,,,,,,,,,,,,,,,,,,,,,
zinco e fisiologia capilar,BRL,,,,,,,,,,,,,,,,,,,,,,,,
zinco para crescimento capilar,BRL,,,,,,,,,,,,,,,,,,,,,,,,
água de alecrim para crescimento capilar,BRL,,,,,,,,,,,,,,,,,,,,,,,,
água de arroz para crescimento capilar,BRL,,,,,,,,,,,,,,,,,,,,,,,,
água fria melhora o brilho capilar,BRL,,,,,,,,,,,,,,,,,,,,,,,,
água quente faz mal ao cabelo,BRL,,,,,,,,,,,,,,,,,,,,,,,,
é possível reverter cabelos brancos,BRL,,,,,,,,,,,,,,,,,,,,,,,,
óleo de abacate para cabelo crescer,BRL,,,,,,,,,,,,,,,,,,,,,,,,
óleo de alecrim diluído para couro cabeludo,BRL,,,,,,,,,,,,,,,,,,,,,,,,
óleo de alecrim para crescimento capilar,BRL,,,,,,,,,,,,,,,,,,,,,,,,
óleo de argan para fortalecer o cabelo,BRL,,,,,,,,,,,,,,,,,,,,,,,,
óleo de coco para crescimento do cabelo,BRL,,,,,,,,,,,,,,,,,,,,,,,,
óleo de jojoba para couro cabeludo,BRL,,,,,,,,,,,,,,,,,,,,,,,,
óleo essencial e crescimento capilar,BRL,,,,,,,,,,,,,,,,,,,,,,,,
óleo natural para crescimento capilar,BRL,,,,,,,,,,,,,,,,,,,,,,,,
óleos e ingredientes naturais para crescimento,BRL,,,,,,,,,,,,,,,,,,,,,,,,